[2026-02-02T18:16:57.204+0000] {manager.py:470} INFO - Processing files using up to 2 processes at a time 
[2026-02-02T18:16:57.207+0000] {manager.py:471} INFO - Process each file at most once every 30 seconds
[2026-02-02T18:16:57.210+0000] {manager.py:472} INFO - Checking for new files in /opt/airflow/dags every 300 seconds
[2026-02-02T18:16:57.213+0000] {manager.py:737} INFO - Searching for files in /opt/airflow/dags
[2026-02-02T18:16:57.227+0000] {manager.py:740} INFO - There are 0 files in /opt/airflow/dags
[2026-02-02T18:21:57.977+0000] {manager.py:737} INFO - Searching for files in /opt/airflow/dags
[2026-02-02T18:21:57.996+0000] {manager.py:740} INFO - There are 0 files in /opt/airflow/dags
[2026-02-02T18:26:58.814+0000] {manager.py:737} INFO - Searching for files in /opt/airflow/dags
[2026-02-02T18:26:58.830+0000] {manager.py:740} INFO - There are 0 files in /opt/airflow/dags
[2026-02-02T18:31:59.535+0000] {manager.py:737} INFO - Searching for files in /opt/airflow/dags
[2026-02-02T18:31:59.544+0000] {manager.py:740} INFO - There are 0 files in /opt/airflow/dags
[2026-02-02T18:37:00.165+0000] {manager.py:737} INFO - Searching for files in /opt/airflow/dags
[2026-02-02T18:37:00.184+0000] {manager.py:740} INFO - There are 0 files in /opt/airflow/dags
[2026-02-02T18:42:00.881+0000] {manager.py:737} INFO - Searching for files in /opt/airflow/dags
[2026-02-02T18:42:00.899+0000] {manager.py:740} INFO - There are 0 files in /opt/airflow/dags
[2026-02-02T18:47:01.573+0000] {manager.py:737} INFO - Searching for files in /opt/airflow/dags
[2026-02-02T18:47:01.587+0000] {manager.py:740} INFO - There are 0 files in /opt/airflow/dags
[2026-02-02T18:52:02.108+0000] {manager.py:737} INFO - Searching for files in /opt/airflow/dags
[2026-02-02T18:52:02.133+0000] {manager.py:740} INFO - There are 0 files in /opt/airflow/dags
[2026-02-02T18:57:02.666+0000] {manager.py:737} INFO - Searching for files in /opt/airflow/dags
[2026-02-02T18:57:02.682+0000] {manager.py:740} INFO - There are 0 files in /opt/airflow/dags
[2026-02-02T19:02:03.191+0000] {manager.py:737} INFO - Searching for files in /opt/airflow/dags
[2026-02-02T19:02:03.210+0000] {manager.py:740} INFO - There are 0 files in /opt/airflow/dags
[2026-02-02T19:07:03.615+0000] {manager.py:737} INFO - Searching for files in /opt/airflow/dags
[2026-02-02T19:07:03.704+0000] {manager.py:740} INFO - There are 0 files in /opt/airflow/dags
[2026-02-02T19:12:04.261+0000] {manager.py:737} INFO - Searching for files in /opt/airflow/dags
[2026-02-02T19:12:04.279+0000] {manager.py:740} INFO - There are 0 files in /opt/airflow/dags
[2026-02-02T19:17:04.771+0000] {manager.py:737} INFO - Searching for files in /opt/airflow/dags
[2026-02-02T19:17:04.792+0000] {manager.py:740} INFO - There are 0 files in /opt/airflow/dags
[2026-02-02T19:22:05.334+0000] {manager.py:737} INFO - Searching for files in /opt/airflow/dags
[2026-02-02T19:22:05.348+0000] {manager.py:740} INFO - There are 0 files in /opt/airflow/dags
[2026-02-02T19:27:05.768+0000] {manager.py:737} INFO - Searching for files in /opt/airflow/dags
[2026-02-02T19:27:05.787+0000] {manager.py:740} INFO - There are 0 files in /opt/airflow/dags
[2026-02-02T19:32:06.248+0000] {manager.py:737} INFO - Searching for files in /opt/airflow/dags
[2026-02-02T19:32:06.266+0000] {manager.py:740} INFO - There are 0 files in /opt/airflow/dags
[2026-02-02T19:37:06.635+0000] {manager.py:737} INFO - Searching for files in /opt/airflow/dags
[2026-02-02T19:37:06.648+0000] {manager.py:740} INFO - There are 0 files in /opt/airflow/dags
[2026-02-02T19:42:07.013+0000] {manager.py:737} INFO - Searching for files in /opt/airflow/dags
[2026-02-02T19:42:07.030+0000] {manager.py:740} INFO - There are 0 files in /opt/airflow/dags
[2026-02-02T19:47:07.441+0000] {manager.py:737} INFO - Searching for files in /opt/airflow/dags
[2026-02-02T19:47:07.463+0000] {manager.py:740} INFO - There are 0 files in /opt/airflow/dags
[2026-02-02T19:52:07.858+0000] {manager.py:737} INFO - Searching for files in /opt/airflow/dags
[2026-02-02T19:52:07.875+0000] {manager.py:740} INFO - There are 0 files in /opt/airflow/dags
[2026-02-02T19:57:08.186+0000] {manager.py:737} INFO - Searching for files in /opt/airflow/dags
[2026-02-02T19:57:08.198+0000] {manager.py:740} INFO - There are 0 files in /opt/airflow/dags
[2026-02-02T20:02:08.690+0000] {manager.py:737} INFO - Searching for files in /opt/airflow/dags
[2026-02-02T20:02:08.699+0000] {manager.py:740} INFO - There are 0 files in /opt/airflow/dags
[2026-02-02T20:07:08.950+0000] {manager.py:737} INFO - Searching for files in /opt/airflow/dags
[2026-02-02T20:07:08.957+0000] {manager.py:740} INFO - There are 0 files in /opt/airflow/dags
[2026-02-02T20:12:09.089+0000] {manager.py:737} INFO - Searching for files in /opt/airflow/dags
[2026-02-02T20:12:09.102+0000] {manager.py:740} INFO - There are 0 files in /opt/airflow/dags
[2026-02-02T20:17:09.129+0000] {manager.py:737} INFO - Searching for files in /opt/airflow/dags
[2026-02-02T20:17:09.137+0000] {manager.py:740} INFO - There are 0 files in /opt/airflow/dags
[2026-02-02T20:22:09.171+0000] {manager.py:737} INFO - Searching for files in /opt/airflow/dags
[2026-02-02T20:22:09.186+0000] {manager.py:740} INFO - There are 0 files in /opt/airflow/dags
[2026-02-02T20:27:09.194+0000] {manager.py:737} INFO - Searching for files in /opt/airflow/dags
[2026-02-02T20:27:09.209+0000] {manager.py:740} INFO - There are 0 files in /opt/airflow/dags
[2026-02-02T20:32:10.138+0000] {manager.py:737} INFO - Searching for files in /opt/airflow/dags
[2026-02-02T20:32:10.147+0000] {manager.py:740} INFO - There are 0 files in /opt/airflow/dags
[2026-02-02T20:37:10.952+0000] {manager.py:737} INFO - Searching for files in /opt/airflow/dags
[2026-02-02T20:37:10.963+0000] {manager.py:740} INFO - There are 0 files in /opt/airflow/dags
[2026-02-02T20:42:11.343+0000] {manager.py:737} INFO - Searching for files in /opt/airflow/dags
[2026-02-02T20:42:11.356+0000] {manager.py:740} INFO - There are 0 files in /opt/airflow/dags
[2026-02-02T20:47:11.969+0000] {manager.py:737} INFO - Searching for files in /opt/airflow/dags
[2026-02-02T20:47:11.990+0000] {manager.py:740} INFO - There are 0 files in /opt/airflow/dags
[2026-02-02T21:34:35.762+0000] {manager.py:737} INFO - Searching for files in /opt/airflow/dags
[2026-02-02T21:34:35.767+0000] {manager.py:740} INFO - There are 0 files in /opt/airflow/dags
[2026-02-02T21:39:35.844+0000] {manager.py:737} INFO - Searching for files in /opt/airflow/dags
[2026-02-02T21:39:35.865+0000] {manager.py:740} INFO - There are 0 files in /opt/airflow/dags
[2026-02-02T21:44:36.642+0000] {manager.py:737} INFO - Searching for files in /opt/airflow/dags
[2026-02-02T21:44:36.659+0000] {manager.py:740} INFO - There are 0 files in /opt/airflow/dags
[2026-02-02T23:06:51.923+0000] {manager.py:737} INFO - Searching for files in /opt/airflow/dags
[2026-02-02T23:06:51.963+0000] {manager.py:740} INFO - There are 0 files in /opt/airflow/dags
[2026-02-02T23:11:52.019+0000] {manager.py:737} INFO - Searching for files in /opt/airflow/dags
[2026-02-02T23:11:52.034+0000] {manager.py:740} INFO - There are 0 files in /opt/airflow/dags
[2026-02-02T23:12:41.808+0000] {manager.py:452} INFO - Exiting gracefully upon receiving signal 15
[2026-02-03T17:52:37.931+0000] {manager.py:470} INFO - Processing files using up to 2 processes at a time 
[2026-02-03T17:52:37.933+0000] {manager.py:471} INFO - Process each file at most once every 30 seconds
[2026-02-03T17:52:37.935+0000] {manager.py:472} INFO - Checking for new files in /opt/airflow/dags every 300 seconds
[2026-02-03T17:52:37.937+0000] {manager.py:737} INFO - Searching for files in /opt/airflow/dags
[2026-02-03T17:52:37.947+0000] {manager.py:740} INFO - There are 0 files in /opt/airflow/dags
[2026-02-03T17:57:38.697+0000] {manager.py:737} INFO - Searching for files in /opt/airflow/dags
[2026-02-03T17:57:38.713+0000] {manager.py:740} INFO - There are 0 files in /opt/airflow/dags
[2026-02-03T18:02:39.528+0000] {manager.py:737} INFO - Searching for files in /opt/airflow/dags
[2026-02-03T18:02:39.544+0000] {manager.py:740} INFO - There are 0 files in /opt/airflow/dags
[2026-02-03T18:07:40.488+0000] {manager.py:737} INFO - Searching for files in /opt/airflow/dags
[2026-02-03T18:07:40.557+0000] {manager.py:740} INFO - There are 1 files in /opt/airflow/dags
[2026-02-03T18:07:43.749+0000] {manager.py:878} INFO - 
================================================================================
DAG File Processing Stats

File Path                               PID  Runtime      # DAGs    # Errors  Last Runtime    Last Run
------------------------------------  -----  ---------  --------  ----------  --------------  ----------
/opt/airflow/dags/minio-snowflake.py     37  3.04s             0           0
================================================================================
[2026-02-03T18:08:13.859+0000] {manager.py:878} INFO - 
================================================================================
DAG File Processing Stats

File Path                             PID    Runtime      # DAGs    # Errors  Last Runtime    Last Run
------------------------------------  -----  ---------  --------  ----------  --------------  -------------------
/opt/airflow/dags/minio-snowflake.py                           1           0  3.85s           2026-02-03T18:07:44
================================================================================
[2026-02-03T18:08:44.397+0000] {manager.py:878} INFO - 
================================================================================
DAG File Processing Stats

File Path                             PID    Runtime      # DAGs    # Errors  Last Runtime    Last Run
------------------------------------  -----  ---------  --------  ----------  --------------  -------------------
/opt/airflow/dags/minio-snowflake.py                           1           0  1.44s           2026-02-03T18:08:16
================================================================================
[2026-02-03T18:09:14.963+0000] {manager.py:878} INFO - 
================================================================================
DAG File Processing Stats

File Path                             PID    Runtime      # DAGs    # Errors  Last Runtime    Last Run
------------------------------------  -----  ---------  --------  ----------  --------------  -------------------
/opt/airflow/dags/minio-snowflake.py                           1           0  1.23s           2026-02-03T18:08:47
================================================================================
[2026-02-03T18:09:45.299+0000] {manager.py:878} INFO - 
================================================================================
DAG File Processing Stats

File Path                             PID    Runtime      # DAGs    # Errors  Last Runtime    Last Run
------------------------------------  -----  ---------  --------  ----------  --------------  -------------------
/opt/airflow/dags/minio-snowflake.py                           1           0  1.02s           2026-02-03T18:09:27
================================================================================
[2026-02-03T18:10:15.544+0000] {manager.py:878} INFO - 
================================================================================
DAG File Processing Stats

File Path                             PID    Runtime      # DAGs    # Errors  Last Runtime    Last Run
------------------------------------  -----  ---------  --------  ----------  --------------  -------------------
/opt/airflow/dags/minio-snowflake.py                           1           0  0.95s           2026-02-03T18:09:58
================================================================================
[2026-02-03T18:10:45.883+0000] {manager.py:878} INFO - 
================================================================================
DAG File Processing Stats

File Path                             PID    Runtime      # DAGs    # Errors  Last Runtime    Last Run
------------------------------------  -----  ---------  --------  ----------  --------------  -------------------
/opt/airflow/dags/minio-snowflake.py                           1           0  1.05s           2026-02-03T18:10:29
================================================================================
[2026-02-03T18:11:16.228+0000] {manager.py:878} INFO - 
================================================================================
DAG File Processing Stats

File Path                             PID    Runtime      # DAGs    # Errors  Last Runtime    Last Run
------------------------------------  -----  ---------  --------  ----------  --------------  -------------------
/opt/airflow/dags/minio-snowflake.py                           1           0  1.03s           2026-02-03T18:11:01
================================================================================
[2026-02-03T18:11:46.618+0000] {manager.py:878} INFO - 
================================================================================
DAG File Processing Stats

File Path                             PID    Runtime      # DAGs    # Errors  Last Runtime    Last Run
------------------------------------  -----  ---------  --------  ----------  --------------  -------------------
/opt/airflow/dags/minio-snowflake.py                           1           0  1.16s           2026-02-03T18:11:32
================================================================================
[2026-02-03T18:12:17.000+0000] {manager.py:878} INFO - 
================================================================================
DAG File Processing Stats

File Path                             PID    Runtime      # DAGs    # Errors  Last Runtime    Last Run
------------------------------------  -----  ---------  --------  ----------  --------------  -------------------
/opt/airflow/dags/minio-snowflake.py                           1           0  1.22s           2026-02-03T18:12:04
================================================================================
[2026-02-03T18:12:40.497+0000] {manager.py:737} INFO - Searching for files in /opt/airflow/dags
[2026-02-03T18:12:40.615+0000] {manager.py:740} INFO - There are 1 files in /opt/airflow/dags
[2026-02-03T18:12:47.422+0000] {manager.py:878} INFO - 
================================================================================
DAG File Processing Stats

File Path                             PID    Runtime      # DAGs    # Errors  Last Runtime    Last Run
------------------------------------  -----  ---------  --------  ----------  --------------  -------------------
/opt/airflow/dags/minio-snowflake.py                           1           0  1.24s           2026-02-03T18:12:35
================================================================================
[2026-02-03T18:13:17.566+0000] {manager.py:878} INFO - 
================================================================================
DAG File Processing Stats

File Path                             PID    Runtime      # DAGs    # Errors  Last Runtime    Last Run
------------------------------------  -----  ---------  --------  ----------  --------------  -------------------
/opt/airflow/dags/minio-snowflake.py                           1           0  0.86s           2026-02-03T18:13:06
================================================================================
[2026-02-03T18:13:47.934+0000] {manager.py:878} INFO - 
================================================================================
DAG File Processing Stats

File Path                             PID    Runtime      # DAGs    # Errors  Last Runtime    Last Run
------------------------------------  -----  ---------  --------  ----------  --------------  -------------------
/opt/airflow/dags/minio-snowflake.py                           1           0  1.19s           2026-02-03T18:13:37
================================================================================
[2026-02-03T18:14:18.094+0000] {manager.py:878} INFO - 
================================================================================
DAG File Processing Stats

File Path                             PID    Runtime      # DAGs    # Errors  Last Runtime    Last Run
------------------------------------  -----  ---------  --------  ----------  --------------  -------------------
/opt/airflow/dags/minio-snowflake.py                           1           0  0.87s           2026-02-03T18:14:09
================================================================================
[2026-02-03T18:14:48.404+0000] {manager.py:878} INFO - 
================================================================================
DAG File Processing Stats

File Path                             PID    Runtime      # DAGs    # Errors  Last Runtime    Last Run
------------------------------------  -----  ---------  --------  ----------  --------------  -------------------
/opt/airflow/dags/minio-snowflake.py                           1           0  1.02s           2026-02-03T18:14:39
================================================================================
[2026-02-03T18:15:18.692+0000] {manager.py:878} INFO - 
================================================================================
DAG File Processing Stats

File Path                             PID    Runtime      # DAGs    # Errors  Last Runtime    Last Run
------------------------------------  -----  ---------  --------  ----------  --------------  -------------------
/opt/airflow/dags/minio-snowflake.py                           1           0  0.88s           2026-02-03T18:15:10
================================================================================
[2026-02-03T18:15:49.023+0000] {manager.py:878} INFO - 
================================================================================
DAG File Processing Stats

File Path                             PID    Runtime      # DAGs    # Errors  Last Runtime    Last Run
------------------------------------  -----  ---------  --------  ----------  --------------  -------------------
/opt/airflow/dags/minio-snowflake.py                           1           0  1.13s           2026-02-03T18:15:42
================================================================================
[2026-02-03T18:16:19.395+0000] {manager.py:878} INFO - 
================================================================================
DAG File Processing Stats

File Path                             PID    Runtime      # DAGs    # Errors  Last Runtime    Last Run
------------------------------------  -----  ---------  --------  ----------  --------------  -------------------
/opt/airflow/dags/minio-snowflake.py                           1           0  1.17s           2026-02-03T18:16:13
================================================================================
[2026-02-03T18:16:49.613+0000] {manager.py:878} INFO - 
================================================================================
DAG File Processing Stats

File Path                             PID    Runtime      # DAGs    # Errors  Last Runtime    Last Run
------------------------------------  -----  ---------  --------  ----------  --------------  -------------------
/opt/airflow/dags/minio-snowflake.py                           1           0  0.91s           2026-02-03T18:16:44
================================================================================
[2026-02-03T18:17:19.779+0000] {manager.py:878} INFO - 
================================================================================
DAG File Processing Stats

File Path                             PID    Runtime      # DAGs    # Errors  Last Runtime    Last Run
------------------------------------  -----  ---------  --------  ----------  --------------  -------------------
/opt/airflow/dags/minio-snowflake.py                           1           0  0.89s           2026-02-03T18:17:15
================================================================================
[2026-02-03T18:17:40.982+0000] {manager.py:737} INFO - Searching for files in /opt/airflow/dags
[2026-02-03T18:17:41.076+0000] {manager.py:740} INFO - There are 1 files in /opt/airflow/dags
[2026-02-03T18:17:50.286+0000] {manager.py:878} INFO - 
================================================================================
DAG File Processing Stats

File Path                             PID    Runtime      # DAGs    # Errors  Last Runtime    Last Run
------------------------------------  -----  ---------  --------  ----------  --------------  -------------------
/opt/airflow/dags/minio-snowflake.py                           1           0  1.19s           2026-02-03T18:17:44
================================================================================
[2026-02-03T18:18:20.695+0000] {manager.py:878} INFO - 
================================================================================
DAG File Processing Stats

File Path                             PID    Runtime      # DAGs    # Errors  Last Runtime    Last Run
------------------------------------  -----  ---------  --------  ----------  --------------  -------------------
/opt/airflow/dags/minio-snowflake.py                           1           0  1.26s           2026-02-03T18:17:52
================================================================================
[2026-02-03T18:18:51.167+0000] {manager.py:878} INFO - 
================================================================================
DAG File Processing Stats

File Path                             PID    Runtime      # DAGs    # Errors  Last Runtime    Last Run
------------------------------------  -----  ---------  --------  ----------  --------------  -------------------
/opt/airflow/dags/minio-snowflake.py                           1           0  1.18s           2026-02-03T18:18:23
================================================================================
[2026-02-03T18:19:21.482+0000] {manager.py:878} INFO - 
================================================================================
DAG File Processing Stats

File Path                             PID    Runtime      # DAGs    # Errors  Last Runtime    Last Run
------------------------------------  -----  ---------  --------  ----------  --------------  -------------------
/opt/airflow/dags/minio-snowflake.py                           1           0  1.22s           2026-02-03T18:18:55
================================================================================
[2026-02-03T18:19:51.827+0000] {manager.py:878} INFO - 
================================================================================
DAG File Processing Stats

File Path                             PID    Runtime      # DAGs    # Errors  Last Runtime    Last Run
------------------------------------  -----  ---------  --------  ----------  --------------  -------------------
/opt/airflow/dags/minio-snowflake.py                           1           0  1.02s           2026-02-03T18:19:26
================================================================================
[2026-02-03T18:20:22.274+0000] {manager.py:878} INFO - 
================================================================================
DAG File Processing Stats

File Path                             PID    Runtime      # DAGs    # Errors  Last Runtime    Last Run
------------------------------------  -----  ---------  --------  ----------  --------------  -------------------
/opt/airflow/dags/minio-snowflake.py                           1           0  1.09s           2026-02-03T18:20:16
================================================================================
[2026-02-03T18:20:52.671+0000] {manager.py:878} INFO - 
================================================================================
DAG File Processing Stats

File Path                             PID    Runtime      # DAGs    # Errors  Last Runtime    Last Run
------------------------------------  -----  ---------  --------  ----------  --------------  -------------------
/opt/airflow/dags/minio-snowflake.py                           1           0  1.07s           2026-02-03T18:20:47
================================================================================
[2026-02-03T18:21:22.902+0000] {manager.py:878} INFO - 
================================================================================
DAG File Processing Stats

File Path                             PID    Runtime      # DAGs    # Errors  Last Runtime    Last Run
------------------------------------  -----  ---------  --------  ----------  --------------  -------------------
/opt/airflow/dags/minio-snowflake.py                           1           0  0.96s           2026-02-03T18:21:18
================================================================================
[2026-02-03T18:21:53.262+0000] {manager.py:878} INFO - 
================================================================================
DAG File Processing Stats

File Path                             PID    Runtime      # DAGs    # Errors  Last Runtime    Last Run
------------------------------------  -----  ---------  --------  ----------  --------------  -------------------
/opt/airflow/dags/minio-snowflake.py                           1           0  1.20s           2026-02-03T18:21:50
================================================================================
[2026-02-03T18:22:23.716+0000] {manager.py:878} INFO - 
================================================================================
DAG File Processing Stats

File Path                             PID    Runtime      # DAGs    # Errors  Last Runtime    Last Run
------------------------------------  -----  ---------  --------  ----------  --------------  -------------------
/opt/airflow/dags/minio-snowflake.py                           1           0  1.22s           2026-02-03T18:22:21
================================================================================
[2026-02-03T18:22:41.907+0000] {manager.py:737} INFO - Searching for files in /opt/airflow/dags
[2026-02-03T18:22:41.990+0000] {manager.py:740} INFO - There are 1 files in /opt/airflow/dags
[2026-02-03T18:22:54.178+0000] {manager.py:878} INFO - 
================================================================================
DAG File Processing Stats

File Path                             PID    Runtime      # DAGs    # Errors  Last Runtime    Last Run
------------------------------------  -----  ---------  --------  ----------  --------------  -------------------
/opt/airflow/dags/minio-snowflake.py                           1           0  1.09s           2026-02-03T18:22:53
================================================================================
[2026-02-03T18:23:24.409+0000] {manager.py:878} INFO - 
================================================================================
DAG File Processing Stats

File Path                             PID    Runtime      # DAGs    # Errors  Last Runtime    Last Run
------------------------------------  -----  ---------  --------  ----------  --------------  -------------------
/opt/airflow/dags/minio-snowflake.py                           1           0  0.93s           2026-02-03T18:23:24
================================================================================
[2026-02-03T18:23:54.758+0000] {manager.py:878} INFO - 
================================================================================
DAG File Processing Stats

File Path                               PID  Runtime      # DAGs    # Errors  Last Runtime    Last Run
------------------------------------  -----  ---------  --------  ----------  --------------  -------------------
/opt/airflow/dags/minio-snowflake.py   9792  0.01s             1           0  0.93s           2026-02-03T18:23:24
================================================================================
[2026-02-03T18:24:25.048+0000] {manager.py:878} INFO - 
================================================================================
DAG File Processing Stats

File Path                             PID    Runtime      # DAGs    # Errors  Last Runtime    Last Run
------------------------------------  -----  ---------  --------  ----------  --------------  -------------------
/opt/airflow/dags/minio-snowflake.py                           1           0  1.29s           2026-02-03T18:23:56
================================================================================
[2026-02-03T18:24:55.598+0000] {manager.py:878} INFO - 
================================================================================
DAG File Processing Stats

File Path                             PID    Runtime      # DAGs    # Errors  Last Runtime    Last Run
------------------------------------  -----  ---------  --------  ----------  --------------  -------------------
/opt/airflow/dags/minio-snowflake.py                           1           0  1.28s           2026-02-03T18:24:27
================================================================================
[2026-02-03T18:25:25.777+0000] {manager.py:878} INFO - 
================================================================================
DAG File Processing Stats

File Path                             PID    Runtime      # DAGs    # Errors  Last Runtime    Last Run
------------------------------------  -----  ---------  --------  ----------  --------------  -------------------
/opt/airflow/dags/minio-snowflake.py                           1           0  0.86s           2026-02-03T18:24:58
================================================================================
[2026-02-03T18:25:56.083+0000] {manager.py:878} INFO - 
================================================================================
DAG File Processing Stats

File Path                             PID    Runtime      # DAGs    # Errors  Last Runtime    Last Run
------------------------------------  -----  ---------  --------  ----------  --------------  -------------------
/opt/airflow/dags/minio-snowflake.py                           1           0  0.99s           2026-02-03T18:25:29
================================================================================
[2026-02-03T18:26:26.114+0000] {manager.py:878} INFO - 
================================================================================
DAG File Processing Stats

File Path                             PID    Runtime      # DAGs    # Errors  Last Runtime    Last Run
------------------------------------  -----  ---------  --------  ----------  --------------  -------------------
/opt/airflow/dags/minio-snowflake.py                           1           0  1.80s           2026-02-03T18:26:01
================================================================================
[2026-02-03T18:26:56.430+0000] {manager.py:878} INFO - 
================================================================================
DAG File Processing Stats

File Path                             PID    Runtime      # DAGs    # Errors  Last Runtime    Last Run
------------------------------------  -----  ---------  --------  ----------  --------------  -------------------
/opt/airflow/dags/minio-snowflake.py                           1           0  0.99s           2026-02-03T18:26:33
================================================================================
[2026-02-03T18:27:26.624+0000] {manager.py:878} INFO - 
================================================================================
DAG File Processing Stats

File Path                             PID    Runtime      # DAGs    # Errors  Last Runtime    Last Run
------------------------------------  -----  ---------  --------  ----------  --------------  -------------------
/opt/airflow/dags/minio-snowflake.py                           1           0  0.88s           2026-02-03T18:27:04
================================================================================
[2026-02-03T18:27:42.156+0000] {manager.py:737} INFO - Searching for files in /opt/airflow/dags
[2026-02-03T18:27:42.231+0000] {manager.py:740} INFO - There are 1 files in /opt/airflow/dags
[2026-02-03T18:27:56.812+0000] {manager.py:878} INFO - 
================================================================================
DAG File Processing Stats

File Path                             PID    Runtime      # DAGs    # Errors  Last Runtime    Last Run
------------------------------------  -----  ---------  --------  ----------  --------------  -------------------
/opt/airflow/dags/minio-snowflake.py                           1           0  0.91s           2026-02-03T18:27:35
================================================================================
[2026-02-03T18:28:26.991+0000] {manager.py:878} INFO - 
================================================================================
DAG File Processing Stats

File Path                             PID    Runtime      # DAGs    # Errors  Last Runtime    Last Run
------------------------------------  -----  ---------  --------  ----------  --------------  -------------------
/opt/airflow/dags/minio-snowflake.py                           1           0  0.87s           2026-02-03T18:28:06
================================================================================
[2026-02-03T18:28:57.123+0000] {manager.py:878} INFO - 
================================================================================
DAG File Processing Stats

File Path                             PID    Runtime      # DAGs    # Errors  Last Runtime    Last Run
------------------------------------  -----  ---------  --------  ----------  --------------  -------------------
/opt/airflow/dags/minio-snowflake.py                           1           0  0.87s           2026-02-03T18:28:37
================================================================================
[2026-02-03T18:29:27.364+0000] {manager.py:878} INFO - 
================================================================================
DAG File Processing Stats

File Path                             PID    Runtime      # DAGs    # Errors  Last Runtime    Last Run
------------------------------------  -----  ---------  --------  ----------  --------------  -------------------
/opt/airflow/dags/minio-snowflake.py                           1           0  1.20s           2026-02-03T18:29:09
================================================================================
[2026-02-03T18:29:57.703+0000] {manager.py:878} INFO - 
================================================================================
DAG File Processing Stats

File Path                             PID    Runtime      # DAGs    # Errors  Last Runtime    Last Run
------------------------------------  -----  ---------  --------  ----------  --------------  -------------------
/opt/airflow/dags/minio-snowflake.py                           1           0  1.36s           2026-02-03T18:29:40
================================================================================
[2026-02-03T18:30:27.941+0000] {manager.py:878} INFO - 
================================================================================
DAG File Processing Stats

File Path                             PID    Runtime      # DAGs    # Errors  Last Runtime    Last Run
------------------------------------  -----  ---------  --------  ----------  --------------  -------------------
/opt/airflow/dags/minio-snowflake.py                           1           0  0.95s           2026-02-03T18:30:12
================================================================================
[2026-02-03T18:30:58.242+0000] {manager.py:878} INFO - 
================================================================================
DAG File Processing Stats

File Path                             PID    Runtime      # DAGs    # Errors  Last Runtime    Last Run
------------------------------------  -----  ---------  --------  ----------  --------------  -------------------
/opt/airflow/dags/minio-snowflake.py                           1           0  1.02s           2026-02-03T18:30:43
================================================================================
[2026-02-03T18:31:28.547+0000] {manager.py:878} INFO - 
================================================================================
DAG File Processing Stats

File Path                             PID    Runtime      # DAGs    # Errors  Last Runtime    Last Run
------------------------------------  -----  ---------  --------  ----------  --------------  -------------------
/opt/airflow/dags/minio-snowflake.py                           1           0  0.97s           2026-02-03T18:31:14
================================================================================
[2026-02-03T18:31:58.819+0000] {manager.py:878} INFO - 
================================================================================
DAG File Processing Stats

File Path                             PID    Runtime      # DAGs    # Errors  Last Runtime    Last Run
------------------------------------  -----  ---------  --------  ----------  --------------  -------------------
/opt/airflow/dags/minio-snowflake.py                           1           0  0.96s           2026-02-03T18:31:45
================================================================================
[2026-02-03T18:32:29.019+0000] {manager.py:878} INFO - 
================================================================================
DAG File Processing Stats

File Path                             PID    Runtime      # DAGs    # Errors  Last Runtime    Last Run
------------------------------------  -----  ---------  --------  ----------  --------------  -------------------
/opt/airflow/dags/minio-snowflake.py                           1           0  0.94s           2026-02-03T18:32:16
================================================================================
[2026-02-03T18:32:42.162+0000] {manager.py:737} INFO - Searching for files in /opt/airflow/dags
[2026-02-03T18:32:42.240+0000] {manager.py:740} INFO - There are 1 files in /opt/airflow/dags
[2026-02-03T18:32:59.358+0000] {manager.py:878} INFO - 
================================================================================
DAG File Processing Stats

File Path                             PID    Runtime      # DAGs    # Errors  Last Runtime    Last Run
------------------------------------  -----  ---------  --------  ----------  --------------  -------------------
/opt/airflow/dags/minio-snowflake.py                           1           0  0.91s           2026-02-03T18:32:48
================================================================================
[2026-02-03T18:33:29.558+0000] {manager.py:878} INFO - 
================================================================================
DAG File Processing Stats

File Path                             PID    Runtime      # DAGs    # Errors  Last Runtime    Last Run
------------------------------------  -----  ---------  --------  ----------  --------------  -------------------
/opt/airflow/dags/minio-snowflake.py                           1           0  0.93s           2026-02-03T18:33:19
================================================================================
[2026-02-03T18:33:59.878+0000] {manager.py:878} INFO - 
================================================================================
DAG File Processing Stats

File Path                             PID    Runtime      # DAGs    # Errors  Last Runtime    Last Run
------------------------------------  -----  ---------  --------  ----------  --------------  -------------------
/opt/airflow/dags/minio-snowflake.py                           1           0  0.98s           2026-02-03T18:33:50
================================================================================
[2026-02-03T18:34:30.094+0000] {manager.py:878} INFO - 
================================================================================
DAG File Processing Stats

File Path                             PID    Runtime      # DAGs    # Errors  Last Runtime    Last Run
------------------------------------  -----  ---------  --------  ----------  --------------  -------------------
/opt/airflow/dags/minio-snowflake.py                           1           0  0.93s           2026-02-03T18:34:22
================================================================================
[2026-02-03T18:35:00.340+0000] {manager.py:878} INFO - 
================================================================================
DAG File Processing Stats

File Path                             PID    Runtime      # DAGs    # Errors  Last Runtime    Last Run
------------------------------------  -----  ---------  --------  ----------  --------------  -------------------
/opt/airflow/dags/minio-snowflake.py                           1           0  0.90s           2026-02-03T18:34:53
================================================================================
[2026-02-03T18:35:30.506+0000] {manager.py:878} INFO - 
================================================================================
DAG File Processing Stats

File Path                             PID    Runtime      # DAGs    # Errors  Last Runtime    Last Run
------------------------------------  -----  ---------  --------  ----------  --------------  -------------------
/opt/airflow/dags/minio-snowflake.py                           1           0  0.90s           2026-02-03T18:35:24
================================================================================
[2026-02-03T18:36:00.807+0000] {manager.py:878} INFO - 
================================================================================
DAG File Processing Stats

File Path                             PID    Runtime      # DAGs    # Errors  Last Runtime    Last Run
------------------------------------  -----  ---------  --------  ----------  --------------  -------------------
/opt/airflow/dags/minio-snowflake.py                           1           0  0.98s           2026-02-03T18:35:55
================================================================================
[2026-02-03T18:36:31.082+0000] {manager.py:878} INFO - 
================================================================================
DAG File Processing Stats

File Path                             PID    Runtime      # DAGs    # Errors  Last Runtime    Last Run
------------------------------------  -----  ---------  --------  ----------  --------------  -------------------
/opt/airflow/dags/minio-snowflake.py                           1           0  1.24s           2026-02-03T18:36:27
================================================================================
[2026-02-03T18:37:01.357+0000] {manager.py:878} INFO - 
================================================================================
DAG File Processing Stats

File Path                             PID    Runtime      # DAGs    # Errors  Last Runtime    Last Run
------------------------------------  -----  ---------  --------  ----------  --------------  -------------------
/opt/airflow/dags/minio-snowflake.py                           1           0  0.94s           2026-02-03T18:36:58
================================================================================
[2026-02-03T18:37:31.546+0000] {manager.py:878} INFO - 
================================================================================
DAG File Processing Stats

File Path                             PID    Runtime      # DAGs    # Errors  Last Runtime    Last Run
------------------------------------  -----  ---------  --------  ----------  --------------  -------------------
/opt/airflow/dags/minio-snowflake.py                           1           0  0.92s           2026-02-03T18:37:29
================================================================================
[2026-02-03T18:37:42.642+0000] {manager.py:737} INFO - Searching for files in /opt/airflow/dags
[2026-02-03T18:37:42.722+0000] {manager.py:740} INFO - There are 1 files in /opt/airflow/dags
[2026-02-03T18:38:01.881+0000] {manager.py:878} INFO - 
================================================================================
DAG File Processing Stats

File Path                             PID    Runtime      # DAGs    # Errors  Last Runtime    Last Run
------------------------------------  -----  ---------  --------  ----------  --------------  -------------------
/opt/airflow/dags/minio-snowflake.py                           1           0  0.91s           2026-02-03T18:38:00
================================================================================
[2026-02-03T18:38:32.203+0000] {manager.py:878} INFO - 
================================================================================
DAG File Processing Stats

File Path                               PID  Runtime      # DAGs    # Errors  Last Runtime    Last Run
------------------------------------  -----  ---------  --------  ----------  --------------  -------------------
/opt/airflow/dags/minio-snowflake.py  22032  1.02s             1           0  0.91s           2026-02-03T18:38:00
================================================================================
[2026-02-03T18:39:02.722+0000] {manager.py:878} INFO - 
================================================================================
DAG File Processing Stats

File Path                               PID  Runtime      # DAGs    # Errors  Last Runtime    Last Run
------------------------------------  -----  ---------  --------  ----------  --------------  -------------------
/opt/airflow/dags/minio-snowflake.py  22144  0.00s             1           0  1.23s           2026-02-03T18:38:32
================================================================================
[2026-02-03T18:39:32.926+0000] {manager.py:878} INFO - 
================================================================================
DAG File Processing Stats

File Path                             PID    Runtime      # DAGs    # Errors  Last Runtime    Last Run
------------------------------------  -----  ---------  --------  ----------  --------------  -------------------
/opt/airflow/dags/minio-snowflake.py                           1           0  0.94s           2026-02-03T18:39:03
================================================================================
[2026-02-03T18:40:03.143+0000] {manager.py:878} INFO - 
================================================================================
DAG File Processing Stats

File Path                             PID    Runtime      # DAGs    # Errors  Last Runtime    Last Run
------------------------------------  -----  ---------  --------  ----------  --------------  -------------------
/opt/airflow/dags/minio-snowflake.py                           1           0  0.90s           2026-02-03T18:39:34
================================================================================
[2026-02-03T18:40:33.440+0000] {manager.py:878} INFO - 
================================================================================
DAG File Processing Stats

File Path                             PID    Runtime      # DAGs    # Errors  Last Runtime    Last Run
------------------------------------  -----  ---------  --------  ----------  --------------  -------------------
/opt/airflow/dags/minio-snowflake.py                           1           0  1.11s           2026-02-03T18:40:06
================================================================================
[2026-02-03T18:41:03.841+0000] {manager.py:878} INFO - 
================================================================================
DAG File Processing Stats

File Path                             PID    Runtime      # DAGs    # Errors  Last Runtime    Last Run
------------------------------------  -----  ---------  --------  ----------  --------------  -------------------
/opt/airflow/dags/minio-snowflake.py                           1           0  1.10s           2026-02-03T18:40:37
================================================================================
[2026-02-03T18:41:34.170+0000] {manager.py:878} INFO - 
================================================================================
DAG File Processing Stats

File Path                             PID    Runtime      # DAGs    # Errors  Last Runtime    Last Run
------------------------------------  -----  ---------  --------  ----------  --------------  -------------------
/opt/airflow/dags/minio-snowflake.py                           1           0  1.07s           2026-02-03T18:41:08
================================================================================
[2026-02-03T18:42:04.401+0000] {manager.py:878} INFO - 
================================================================================
DAG File Processing Stats

File Path                             PID    Runtime      # DAGs    # Errors  Last Runtime    Last Run
------------------------------------  -----  ---------  --------  ----------  --------------  -------------------
/opt/airflow/dags/minio-snowflake.py                           1           0  0.92s           2026-02-03T18:41:40
================================================================================
[2026-02-03T18:42:34.561+0000] {manager.py:878} INFO - 
================================================================================
DAG File Processing Stats

File Path                             PID    Runtime      # DAGs    # Errors  Last Runtime    Last Run
------------------------------------  -----  ---------  --------  ----------  --------------  -------------------
/opt/airflow/dags/minio-snowflake.py                           1           0  0.87s           2026-02-03T18:42:11
================================================================================
[2026-02-03T18:42:42.685+0000] {manager.py:737} INFO - Searching for files in /opt/airflow/dags
[2026-02-03T18:42:42.761+0000] {manager.py:740} INFO - There are 1 files in /opt/airflow/dags
[2026-02-03T18:43:05.035+0000] {manager.py:878} INFO - 
================================================================================
DAG File Processing Stats

File Path                             PID    Runtime      # DAGs    # Errors  Last Runtime    Last Run
------------------------------------  -----  ---------  --------  ----------  --------------  -------------------
/opt/airflow/dags/minio-snowflake.py                           1           0  1.21s           2026-02-03T18:42:42
================================================================================
[2026-02-03T18:43:35.236+0000] {manager.py:878} INFO - 
================================================================================
DAG File Processing Stats

File Path                             PID    Runtime      # DAGs    # Errors  Last Runtime    Last Run
------------------------------------  -----  ---------  --------  ----------  --------------  -------------------
/opt/airflow/dags/minio-snowflake.py                           1           0  0.93s           2026-02-03T18:43:14
================================================================================
[2026-02-03T18:44:05.484+0000] {manager.py:878} INFO - 
================================================================================
DAG File Processing Stats

File Path                             PID    Runtime      # DAGs    # Errors  Last Runtime    Last Run
------------------------------------  -----  ---------  --------  ----------  --------------  -------------------
/opt/airflow/dags/minio-snowflake.py                           1           0  0.92s           2026-02-03T18:43:45
================================================================================
[2026-02-03T18:44:35.862+0000] {manager.py:878} INFO - 
================================================================================
DAG File Processing Stats

File Path                             PID    Runtime      # DAGs    # Errors  Last Runtime    Last Run
------------------------------------  -----  ---------  --------  ----------  --------------  -------------------
/opt/airflow/dags/minio-snowflake.py                           1           0  1.19s           2026-02-03T18:44:16
================================================================================
[2026-02-03T18:45:06.067+0000] {manager.py:878} INFO - 
================================================================================
DAG File Processing Stats

File Path                             PID    Runtime      # DAGs    # Errors  Last Runtime    Last Run
------------------------------------  -----  ---------  --------  ----------  --------------  -------------------
/opt/airflow/dags/minio-snowflake.py                           1           0  0.89s           2026-02-03T18:44:47
================================================================================
[2026-02-03T18:45:36.267+0000] {manager.py:878} INFO - 
================================================================================
DAG File Processing Stats

File Path                             PID    Runtime      # DAGs    # Errors  Last Runtime    Last Run
------------------------------------  -----  ---------  --------  ----------  --------------  -------------------
/opt/airflow/dags/minio-snowflake.py                           1           0  0.94s           2026-02-03T18:45:19
================================================================================
[2026-02-03T18:46:06.532+0000] {manager.py:878} INFO - 
================================================================================
DAG File Processing Stats

File Path                             PID    Runtime      # DAGs    # Errors  Last Runtime    Last Run
------------------------------------  -----  ---------  --------  ----------  --------------  -------------------
/opt/airflow/dags/minio-snowflake.py                           1           0  0.95s           2026-02-03T18:45:50
================================================================================
[2026-02-03T18:46:36.989+0000] {manager.py:878} INFO - 
================================================================================
DAG File Processing Stats

File Path                             PID    Runtime      # DAGs    # Errors  Last Runtime    Last Run
------------------------------------  -----  ---------  --------  ----------  --------------  -------------------
/opt/airflow/dags/minio-snowflake.py                           1           0  1.18s           2026-02-03T18:46:21
================================================================================
[2026-02-03T18:47:07.172+0000] {manager.py:878} INFO - 
================================================================================
DAG File Processing Stats

File Path                             PID    Runtime      # DAGs    # Errors  Last Runtime    Last Run
------------------------------------  -----  ---------  --------  ----------  --------------  -------------------
/opt/airflow/dags/minio-snowflake.py                           1           0  0.91s           2026-02-03T18:46:53
================================================================================
[2026-02-03T18:47:37.539+0000] {manager.py:878} INFO - 
================================================================================
DAG File Processing Stats

File Path                             PID    Runtime      # DAGs    # Errors  Last Runtime    Last Run
------------------------------------  -----  ---------  --------  ----------  --------------  -------------------
/opt/airflow/dags/minio-snowflake.py                           1           0  1.21s           2026-02-03T18:47:24
================================================================================
[2026-02-03T18:47:42.722+0000] {manager.py:737} INFO - Searching for files in /opt/airflow/dags
[2026-02-03T18:47:42.803+0000] {manager.py:740} INFO - There are 1 files in /opt/airflow/dags
[2026-02-03T18:48:07.861+0000] {manager.py:878} INFO - 
================================================================================
DAG File Processing Stats

File Path                             PID    Runtime      # DAGs    # Errors  Last Runtime    Last Run
------------------------------------  -----  ---------  --------  ----------  --------------  -------------------
/opt/airflow/dags/minio-snowflake.py                           1           0  1.14s           2026-02-03T18:47:55
================================================================================
[2026-02-03T18:48:38.120+0000] {manager.py:878} INFO - 
================================================================================
DAG File Processing Stats

File Path                             PID    Runtime      # DAGs    # Errors  Last Runtime    Last Run
------------------------------------  -----  ---------  --------  ----------  --------------  -------------------
/opt/airflow/dags/minio-snowflake.py                           1           0  0.95s           2026-02-03T18:48:27
================================================================================
[2026-02-03T18:49:08.426+0000] {manager.py:878} INFO - 
================================================================================
DAG File Processing Stats

File Path                             PID    Runtime      # DAGs    # Errors  Last Runtime    Last Run
------------------------------------  -----  ---------  --------  ----------  --------------  -------------------
/opt/airflow/dags/minio-snowflake.py                           1           0  0.99s           2026-02-03T18:48:58
================================================================================
[2026-02-03T18:49:38.733+0000] {manager.py:878} INFO - 
================================================================================
DAG File Processing Stats

File Path                             PID    Runtime      # DAGs    # Errors  Last Runtime    Last Run
------------------------------------  -----  ---------  --------  ----------  --------------  -------------------
/opt/airflow/dags/minio-snowflake.py                           1           0  0.97s           2026-02-03T18:49:29
================================================================================
[2026-02-03T18:50:08.992+0000] {manager.py:878} INFO - 
================================================================================
DAG File Processing Stats

File Path                             PID    Runtime      # DAGs    # Errors  Last Runtime    Last Run
------------------------------------  -----  ---------  --------  ----------  --------------  -------------------
/opt/airflow/dags/minio-snowflake.py                           1           0  0.95s           2026-02-03T18:50:00
================================================================================
[2026-02-03T18:50:39.349+0000] {manager.py:878} INFO - 
================================================================================
DAG File Processing Stats

File Path                             PID    Runtime      # DAGs    # Errors  Last Runtime    Last Run
------------------------------------  -----  ---------  --------  ----------  --------------  -------------------
/opt/airflow/dags/minio-snowflake.py                           1           0  1.17s           2026-02-03T18:50:32
================================================================================
[2026-02-03T18:51:09.536+0000] {manager.py:878} INFO - 
================================================================================
DAG File Processing Stats

File Path                             PID    Runtime      # DAGs    # Errors  Last Runtime    Last Run
------------------------------------  -----  ---------  --------  ----------  --------------  -------------------
/opt/airflow/dags/minio-snowflake.py                           1           0  0.90s           2026-02-03T18:51:03
================================================================================
[2026-02-03T18:51:39.763+0000] {manager.py:878} INFO - 
================================================================================
DAG File Processing Stats

File Path                             PID    Runtime      # DAGs    # Errors  Last Runtime    Last Run
------------------------------------  -----  ---------  --------  ----------  --------------  -------------------
/opt/airflow/dags/minio-snowflake.py                           1           0  0.92s           2026-02-03T18:51:34
================================================================================
[2026-02-03T18:52:10.059+0000] {manager.py:878} INFO - 
================================================================================
DAG File Processing Stats

File Path                             PID    Runtime      # DAGs    # Errors  Last Runtime    Last Run
------------------------------------  -----  ---------  --------  ----------  --------------  -------------------
/opt/airflow/dags/minio-snowflake.py                           1           0  1.08s           2026-02-03T18:52:06
================================================================================
[2026-02-03T18:52:40.247+0000] {manager.py:878} INFO - 
================================================================================
DAG File Processing Stats

File Path                             PID    Runtime      # DAGs    # Errors  Last Runtime    Last Run
------------------------------------  -----  ---------  --------  ----------  --------------  -------------------
/opt/airflow/dags/minio-snowflake.py                           1           0  0.92s           2026-02-03T18:52:37
================================================================================
[2026-02-03T18:52:43.275+0000] {manager.py:737} INFO - Searching for files in /opt/airflow/dags
[2026-02-03T18:52:43.341+0000] {manager.py:740} INFO - There are 1 files in /opt/airflow/dags
[2026-02-03T18:53:10.461+0000] {manager.py:878} INFO - 
================================================================================
DAG File Processing Stats

File Path                             PID    Runtime      # DAGs    # Errors  Last Runtime    Last Run
------------------------------------  -----  ---------  --------  ----------  --------------  -------------------
/opt/airflow/dags/minio-snowflake.py                           1           0  0.85s           2026-02-03T18:53:08
================================================================================
[2026-02-03T18:53:40.707+0000] {manager.py:878} INFO - 
================================================================================
DAG File Processing Stats

File Path                             PID    Runtime      # DAGs    # Errors  Last Runtime    Last Run
------------------------------------  -----  ---------  --------  ----------  --------------  -------------------
/opt/airflow/dags/minio-snowflake.py                           1           0  0.96s           2026-02-03T18:53:39
================================================================================
[2026-02-03T18:54:10.896+0000] {manager.py:878} INFO - 
================================================================================
DAG File Processing Stats

File Path                             PID    Runtime      # DAGs    # Errors  Last Runtime    Last Run
------------------------------------  -----  ---------  --------  ----------  --------------  -------------------
/opt/airflow/dags/minio-snowflake.py                           1           0  0.89s           2026-02-03T18:54:10
================================================================================
[2026-02-03T18:54:41.215+0000] {manager.py:878} INFO - 
================================================================================
DAG File Processing Stats

File Path                               PID  Runtime      # DAGs    # Errors  Last Runtime    Last Run
------------------------------------  -----  ---------  --------  ----------  --------------  -------------------
/opt/airflow/dags/minio-snowflake.py  34842  0.01s             1           0  0.89s           2026-02-03T18:54:10
================================================================================
[2026-02-03T18:55:11.486+0000] {manager.py:878} INFO - 
================================================================================
DAG File Processing Stats

File Path                             PID    Runtime      # DAGs    # Errors  Last Runtime    Last Run
------------------------------------  -----  ---------  --------  ----------  --------------  -------------------
/opt/airflow/dags/minio-snowflake.py                           1           0  1.19s           2026-02-03T18:54:42
================================================================================
[2026-02-03T18:55:41.706+0000] {manager.py:878} INFO - 
================================================================================
DAG File Processing Stats

File Path                             PID    Runtime      # DAGs    # Errors  Last Runtime    Last Run
------------------------------------  -----  ---------  --------  ----------  --------------  -------------------
/opt/airflow/dags/minio-snowflake.py                           1           0  0.92s           2026-02-03T18:55:13
================================================================================
[2026-02-03T18:56:11.960+0000] {manager.py:878} INFO - 
================================================================================
DAG File Processing Stats

File Path                             PID    Runtime      # DAGs    # Errors  Last Runtime    Last Run
------------------------------------  -----  ---------  --------  ----------  --------------  -------------------
/opt/airflow/dags/minio-snowflake.py                           1           0  0.96s           2026-02-03T18:55:44
================================================================================
[2026-02-03T18:56:42.187+0000] {manager.py:878} INFO - 
================================================================================
DAG File Processing Stats

File Path                             PID    Runtime      # DAGs    # Errors  Last Runtime    Last Run
------------------------------------  -----  ---------  --------  ----------  --------------  -------------------
/opt/airflow/dags/minio-snowflake.py                           1           0  0.91s           2026-02-03T18:56:15
================================================================================
[2026-02-03T18:57:12.397+0000] {manager.py:878} INFO - 
================================================================================
DAG File Processing Stats

File Path                             PID    Runtime      # DAGs    # Errors  Last Runtime    Last Run
------------------------------------  -----  ---------  --------  ----------  --------------  -------------------
/opt/airflow/dags/minio-snowflake.py                           1           0  0.91s           2026-02-03T18:56:47
================================================================================
[2026-02-03T18:57:42.626+0000] {manager.py:878} INFO - 
================================================================================
DAG File Processing Stats

File Path                             PID    Runtime      # DAGs    # Errors  Last Runtime    Last Run
------------------------------------  -----  ---------  --------  ----------  --------------  -------------------
/opt/airflow/dags/minio-snowflake.py                           1           0  0.93s           2026-02-03T18:57:18
================================================================================
[2026-02-03T18:57:43.635+0000] {manager.py:737} INFO - Searching for files in /opt/airflow/dags
[2026-02-03T18:57:43.729+0000] {manager.py:740} INFO - There are 1 files in /opt/airflow/dags
[2026-02-03T18:58:12.944+0000] {manager.py:878} INFO - 
================================================================================
DAG File Processing Stats

File Path                             PID    Runtime      # DAGs    # Errors  Last Runtime    Last Run
------------------------------------  -----  ---------  --------  ----------  --------------  -------------------
/opt/airflow/dags/minio-snowflake.py                           1           0  0.91s           2026-02-03T18:57:49
================================================================================
[2026-02-03T18:58:43.188+0000] {manager.py:878} INFO - 
================================================================================
DAG File Processing Stats

File Path                             PID    Runtime      # DAGs    # Errors  Last Runtime    Last Run
------------------------------------  -----  ---------  --------  ----------  --------------  -------------------
/opt/airflow/dags/minio-snowflake.py                           1           0  0.95s           2026-02-03T18:58:20
================================================================================
[2026-02-03T18:59:13.487+0000] {manager.py:878} INFO - 
================================================================================
DAG File Processing Stats

File Path                             PID    Runtime      # DAGs    # Errors  Last Runtime    Last Run
------------------------------------  -----  ---------  --------  ----------  --------------  -------------------
/opt/airflow/dags/minio-snowflake.py                           1           0  1.11s           2026-02-03T18:58:52
================================================================================
[2026-02-03T18:59:43.776+0000] {manager.py:878} INFO - 
================================================================================
DAG File Processing Stats

File Path                             PID    Runtime      # DAGs    # Errors  Last Runtime    Last Run
------------------------------------  -----  ---------  --------  ----------  --------------  -------------------
/opt/airflow/dags/minio-snowflake.py                           1           0  0.99s           2026-02-03T18:59:23
================================================================================
[2026-02-03T19:00:14.089+0000] {manager.py:878} INFO - 
================================================================================
DAG File Processing Stats

File Path                             PID    Runtime      # DAGs    # Errors  Last Runtime    Last Run
------------------------------------  -----  ---------  --------  ----------  --------------  -------------------
/opt/airflow/dags/minio-snowflake.py                           1           0  1.15s           2026-02-03T18:59:55
================================================================================
[2026-02-03T19:00:44.344+0000] {manager.py:878} INFO - 
================================================================================
DAG File Processing Stats

File Path                             PID    Runtime      # DAGs    # Errors  Last Runtime    Last Run
------------------------------------  -----  ---------  --------  ----------  --------------  -------------------
/opt/airflow/dags/minio-snowflake.py                           1           0  0.92s           2026-02-03T19:00:26
================================================================================
[2026-02-03T19:01:14.633+0000] {manager.py:878} INFO - 
================================================================================
DAG File Processing Stats

File Path                             PID    Runtime      # DAGs    # Errors  Last Runtime    Last Run
------------------------------------  -----  ---------  --------  ----------  --------------  -------------------
/opt/airflow/dags/minio-snowflake.py                           1           0  0.99s           2026-02-03T19:00:57
================================================================================
[2026-02-03T19:01:44.858+0000] {manager.py:878} INFO - 
================================================================================
DAG File Processing Stats

File Path                             PID    Runtime      # DAGs    # Errors  Last Runtime    Last Run
------------------------------------  -----  ---------  --------  ----------  --------------  -------------------
/opt/airflow/dags/minio-snowflake.py                           1           0  0.92s           2026-02-03T19:01:28
================================================================================
[2026-02-03T19:02:15.183+0000] {manager.py:878} INFO - 
================================================================================
DAG File Processing Stats

File Path                             PID    Runtime      # DAGs    # Errors  Last Runtime    Last Run
------------------------------------  -----  ---------  --------  ----------  --------------  -------------------
/opt/airflow/dags/minio-snowflake.py                           1           0  1.00s           2026-02-03T19:02:00
================================================================================
[2026-02-03T19:02:44.464+0000] {manager.py:737} INFO - Searching for files in /opt/airflow/dags
[2026-02-03T19:02:44.544+0000] {manager.py:740} INFO - There are 1 files in /opt/airflow/dags
[2026-02-03T19:02:45.580+0000] {manager.py:878} INFO - 
================================================================================
DAG File Processing Stats

File Path                             PID    Runtime      # DAGs    # Errors  Last Runtime    Last Run
------------------------------------  -----  ---------  --------  ----------  --------------  -------------------
/opt/airflow/dags/minio-snowflake.py                           1           0  0.94s           2026-02-03T19:02:31
================================================================================
[2026-02-03T19:03:15.808+0000] {manager.py:878} INFO - 
================================================================================
DAG File Processing Stats

File Path                             PID    Runtime      # DAGs    # Errors  Last Runtime    Last Run
------------------------------------  -----  ---------  --------  ----------  --------------  -------------------
/opt/airflow/dags/minio-snowflake.py                           1           0  0.94s           2026-02-03T19:03:02
================================================================================
[2026-02-03T19:03:46.062+0000] {manager.py:878} INFO - 
================================================================================
DAG File Processing Stats

File Path                             PID    Runtime      # DAGs    # Errors  Last Runtime    Last Run
------------------------------------  -----  ---------  --------  ----------  --------------  -------------------
/opt/airflow/dags/minio-snowflake.py                           1           0  0.96s           2026-02-03T19:03:33
================================================================================
[2026-02-03T19:04:16.323+0000] {manager.py:878} INFO - 
================================================================================
DAG File Processing Stats

File Path                             PID    Runtime      # DAGs    # Errors  Last Runtime    Last Run
------------------------------------  -----  ---------  --------  ----------  --------------  -------------------
/opt/airflow/dags/minio-snowflake.py                           1           0  0.97s           2026-02-03T19:04:05
================================================================================
[2026-02-03T19:04:46.593+0000] {manager.py:878} INFO - 
================================================================================
DAG File Processing Stats

File Path                             PID    Runtime      # DAGs    # Errors  Last Runtime    Last Run
------------------------------------  -----  ---------  --------  ----------  --------------  -------------------
/opt/airflow/dags/minio-snowflake.py                           1           0  0.96s           2026-02-03T19:04:36
================================================================================
[2026-02-03T19:05:16.744+0000] {manager.py:878} INFO - 
================================================================================
DAG File Processing Stats

File Path                             PID    Runtime      # DAGs    # Errors  Last Runtime    Last Run
------------------------------------  -----  ---------  --------  ----------  --------------  -------------------
/opt/airflow/dags/minio-snowflake.py                           1           0  0.87s           2026-02-03T19:05:07
================================================================================
[2026-02-03T19:05:46.967+0000] {manager.py:878} INFO - 
================================================================================
DAG File Processing Stats

File Path                             PID    Runtime      # DAGs    # Errors  Last Runtime    Last Run
------------------------------------  -----  ---------  --------  ----------  --------------  -------------------
/opt/airflow/dags/minio-snowflake.py                           1           0  0.91s           2026-02-03T19:05:38
================================================================================
[2026-02-03T19:06:17.162+0000] {manager.py:878} INFO - 
================================================================================
DAG File Processing Stats

File Path                             PID    Runtime      # DAGs    # Errors  Last Runtime    Last Run
------------------------------------  -----  ---------  --------  ----------  --------------  -------------------
/opt/airflow/dags/minio-snowflake.py                           1           0  0.93s           2026-02-03T19:06:10
================================================================================
[2026-02-03T19:06:47.400+0000] {manager.py:878} INFO - 
================================================================================
DAG File Processing Stats

File Path                             PID    Runtime      # DAGs    # Errors  Last Runtime    Last Run
------------------------------------  -----  ---------  --------  ----------  --------------  -------------------
/opt/airflow/dags/minio-snowflake.py                           1           0  0.94s           2026-02-03T19:06:41
================================================================================
[2026-02-03T19:07:17.583+0000] {manager.py:878} INFO - 
================================================================================
DAG File Processing Stats

File Path                             PID    Runtime      # DAGs    # Errors  Last Runtime    Last Run
------------------------------------  -----  ---------  --------  ----------  --------------  -------------------
/opt/airflow/dags/minio-snowflake.py                           1           0  0.90s           2026-02-03T19:07:12
================================================================================
[2026-02-03T19:07:44.880+0000] {manager.py:737} INFO - Searching for files in /opt/airflow/dags
[2026-02-03T19:07:44.975+0000] {manager.py:740} INFO - There are 1 files in /opt/airflow/dags
[2026-02-03T19:07:48.041+0000] {manager.py:878} INFO - 
================================================================================
DAG File Processing Stats

File Path                             PID    Runtime      # DAGs    # Errors  Last Runtime    Last Run
------------------------------------  -----  ---------  --------  ----------  --------------  -------------------
/opt/airflow/dags/minio-snowflake.py                           1           0  1.15s           2026-02-03T19:07:44
================================================================================
[2026-02-03T19:08:18.361+0000] {manager.py:878} INFO - 
================================================================================
DAG File Processing Stats

File Path                             PID    Runtime      # DAGs    # Errors  Last Runtime    Last Run
------------------------------------  -----  ---------  --------  ----------  --------------  -------------------
/opt/airflow/dags/minio-snowflake.py                           1           0  1.30s           2026-02-03T19:08:15
================================================================================
[2026-02-03T19:08:48.681+0000] {manager.py:878} INFO - 
================================================================================
DAG File Processing Stats

File Path                             PID    Runtime      # DAGs    # Errors  Last Runtime    Last Run
------------------------------------  -----  ---------  --------  ----------  --------------  -------------------
/opt/airflow/dags/minio-snowflake.py                           1           0  1.19s           2026-02-03T19:08:46
================================================================================
[2026-02-03T19:09:18.955+0000] {manager.py:878} INFO - 
================================================================================
DAG File Processing Stats

File Path                             PID    Runtime      # DAGs    # Errors  Last Runtime    Last Run
------------------------------------  -----  ---------  --------  ----------  --------------  -------------------
/opt/airflow/dags/minio-snowflake.py                           1           0  0.97s           2026-02-03T19:09:17
================================================================================
[2026-02-03T19:09:49.087+0000] {manager.py:878} INFO - 
================================================================================
DAG File Processing Stats

File Path                             PID    Runtime      # DAGs    # Errors  Last Runtime    Last Run
------------------------------------  -----  ---------  --------  ----------  --------------  -------------------
/opt/airflow/dags/minio-snowflake.py                           1           0  0.87s           2026-02-03T19:09:49
================================================================================
[2026-02-03T19:10:19.374+0000] {manager.py:878} INFO - 
================================================================================
DAG File Processing Stats

File Path                               PID  Runtime      # DAGs    # Errors  Last Runtime    Last Run
------------------------------------  -----  ---------  --------  ----------  --------------  -------------------
/opt/airflow/dags/minio-snowflake.py  47401  0.01s             1           0  0.87s           2026-02-03T19:09:49
================================================================================
[2026-02-03T19:10:49.630+0000] {manager.py:878} INFO - 
================================================================================
DAG File Processing Stats

File Path                             PID    Runtime      # DAGs    # Errors  Last Runtime    Last Run
------------------------------------  -----  ---------  --------  ----------  --------------  -------------------
/opt/airflow/dags/minio-snowflake.py                           1           0  0.98s           2026-02-03T19:10:20
================================================================================
[2026-02-03T19:11:20.103+0000] {manager.py:878} INFO - 
================================================================================
DAG File Processing Stats

File Path                             PID    Runtime      # DAGs    # Errors  Last Runtime    Last Run
------------------------------------  -----  ---------  --------  ----------  --------------  -------------------
/opt/airflow/dags/minio-snowflake.py                           1           0  1.28s           2026-02-03T19:10:51
================================================================================
[2026-02-03T19:11:50.581+0000] {manager.py:878} INFO - 
================================================================================
DAG File Processing Stats

File Path                             PID    Runtime      # DAGs    # Errors  Last Runtime    Last Run
------------------------------------  -----  ---------  --------  ----------  --------------  -------------------
/opt/airflow/dags/minio-snowflake.py                           1           0  1.37s           2026-02-03T19:11:23
================================================================================
[2026-02-03T19:12:21.087+0000] {manager.py:878} INFO - 
================================================================================
DAG File Processing Stats

File Path                             PID    Runtime      # DAGs    # Errors  Last Runtime    Last Run
------------------------------------  -----  ---------  --------  ----------  --------------  -------------------
/opt/airflow/dags/minio-snowflake.py                           1           0  1.27s           2026-02-03T19:11:54
================================================================================
[2026-02-03T19:12:45.380+0000] {manager.py:737} INFO - Searching for files in /opt/airflow/dags
[2026-02-03T19:12:45.438+0000] {manager.py:740} INFO - There are 1 files in /opt/airflow/dags
[2026-02-03T19:12:51.530+0000] {manager.py:878} INFO - 
================================================================================
DAG File Processing Stats

File Path                             PID    Runtime      # DAGs    # Errors  Last Runtime    Last Run
------------------------------------  -----  ---------  --------  ----------  --------------  -------------------
/opt/airflow/dags/minio-snowflake.py                           1           0  1.12s           2026-02-03T19:12:26
================================================================================
[2026-02-03T19:13:21.863+0000] {manager.py:878} INFO - 
================================================================================
DAG File Processing Stats

File Path                             PID    Runtime      # DAGs    # Errors  Last Runtime    Last Run
------------------------------------  -----  ---------  --------  ----------  --------------  -------------------
/opt/airflow/dags/minio-snowflake.py                           1           0  1.21s           2026-02-03T19:12:57
================================================================================
[2026-02-03T19:13:52.328+0000] {manager.py:878} INFO - 
================================================================================
DAG File Processing Stats

File Path                             PID    Runtime      # DAGs    # Errors  Last Runtime    Last Run
------------------------------------  -----  ---------  --------  ----------  --------------  -------------------
/opt/airflow/dags/minio-snowflake.py                           1           0  1.37s           2026-02-03T19:13:29
================================================================================
[2026-02-03T19:14:22.669+0000] {manager.py:878} INFO - 
================================================================================
DAG File Processing Stats

File Path                             PID    Runtime      # DAGs    # Errors  Last Runtime    Last Run
------------------------------------  -----  ---------  --------  ----------  --------------  -------------------
/opt/airflow/dags/minio-snowflake.py                           1           0  1.14s           2026-02-03T19:14:00
================================================================================
[2026-02-03T19:14:53.046+0000] {manager.py:878} INFO - 
================================================================================
DAG File Processing Stats

File Path                             PID    Runtime      # DAGs    # Errors  Last Runtime    Last Run
------------------------------------  -----  ---------  --------  ----------  --------------  -------------------
/opt/airflow/dags/minio-snowflake.py                           1           0  1.22s           2026-02-03T19:14:31
================================================================================
[2026-02-03T19:15:23.484+0000] {manager.py:878} INFO - 
================================================================================
DAG File Processing Stats

File Path                             PID    Runtime      # DAGs    # Errors  Last Runtime    Last Run
------------------------------------  -----  ---------  --------  ----------  --------------  -------------------
/opt/airflow/dags/minio-snowflake.py                           1           0  1.18s           2026-02-03T19:15:03
================================================================================
[2026-02-03T19:15:53.826+0000] {manager.py:878} INFO - 
================================================================================
DAG File Processing Stats

File Path                             PID    Runtime      # DAGs    # Errors  Last Runtime    Last Run
------------------------------------  -----  ---------  --------  ----------  --------------  -------------------
/opt/airflow/dags/minio-snowflake.py                           1           0  1.38s           2026-02-03T19:15:34
================================================================================
[2026-02-03T19:16:24.496+0000] {manager.py:878} INFO - 
================================================================================
DAG File Processing Stats

File Path                             PID    Runtime      # DAGs    # Errors  Last Runtime    Last Run
------------------------------------  -----  ---------  --------  ----------  --------------  -------------------
/opt/airflow/dags/minio-snowflake.py                           1           0  1.19s           2026-02-03T19:16:06
================================================================================
[2026-02-03T19:16:54.792+0000] {manager.py:878} INFO - 
================================================================================
DAG File Processing Stats

File Path                             PID    Runtime      # DAGs    # Errors  Last Runtime    Last Run
------------------------------------  -----  ---------  --------  ----------  --------------  -------------------
/opt/airflow/dags/minio-snowflake.py                           1           0  1.09s           2026-02-03T19:16:37
================================================================================
[2026-02-03T19:17:24.908+0000] {manager.py:878} INFO - 
================================================================================
DAG File Processing Stats

File Path                             PID    Runtime      # DAGs    # Errors  Last Runtime    Last Run
------------------------------------  -----  ---------  --------  ----------  --------------  -------------------
/opt/airflow/dags/minio-snowflake.py                           1           0  0.86s           2026-02-03T19:17:08
================================================================================
[2026-02-03T19:17:46.138+0000] {manager.py:737} INFO - Searching for files in /opt/airflow/dags
[2026-02-03T19:17:46.219+0000] {manager.py:740} INFO - There are 1 files in /opt/airflow/dags
[2026-02-03T19:17:55.356+0000] {manager.py:878} INFO - 
================================================================================
DAG File Processing Stats

File Path                             PID    Runtime      # DAGs    # Errors  Last Runtime    Last Run
------------------------------------  -----  ---------  --------  ----------  --------------  -------------------
/opt/airflow/dags/minio-snowflake.py                           1           0  1.18s           2026-02-03T19:17:40
================================================================================
[2026-02-03T19:18:25.692+0000] {manager.py:878} INFO - 
================================================================================
DAG File Processing Stats

File Path                             PID    Runtime      # DAGs    # Errors  Last Runtime    Last Run
------------------------------------  -----  ---------  --------  ----------  --------------  -------------------
/opt/airflow/dags/minio-snowflake.py                           1           0  1.02s           2026-02-03T19:18:11
================================================================================
[2026-02-03T19:18:56.069+0000] {manager.py:878} INFO - 
================================================================================
DAG File Processing Stats

File Path                             PID    Runtime      # DAGs    # Errors  Last Runtime    Last Run
------------------------------------  -----  ---------  --------  ----------  --------------  -------------------
/opt/airflow/dags/minio-snowflake.py                           1           0  1.18s           2026-02-03T19:18:43
================================================================================
[2026-02-03T19:19:26.349+0000] {manager.py:878} INFO - 
================================================================================
DAG File Processing Stats

File Path                             PID    Runtime      # DAGs    # Errors  Last Runtime    Last Run
------------------------------------  -----  ---------  --------  ----------  --------------  -------------------
/opt/airflow/dags/minio-snowflake.py                           1           0  1.02s           2026-02-03T19:19:14
================================================================================
[2026-02-03T19:19:56.583+0000] {manager.py:878} INFO - 
================================================================================
DAG File Processing Stats

File Path                             PID    Runtime      # DAGs    # Errors  Last Runtime    Last Run
------------------------------------  -----  ---------  --------  ----------  --------------  -------------------
/opt/airflow/dags/minio-snowflake.py                           1           0  0.92s           2026-02-03T19:19:45
================================================================================
[2026-02-03T19:20:26.836+0000] {manager.py:878} INFO - 
================================================================================
DAG File Processing Stats

File Path                             PID    Runtime      # DAGs    # Errors  Last Runtime    Last Run
------------------------------------  -----  ---------  --------  ----------  --------------  -------------------
/opt/airflow/dags/minio-snowflake.py                           1           0  1.02s           2026-02-03T19:20:16
================================================================================
[2026-02-03T19:20:57.031+0000] {manager.py:878} INFO - 
================================================================================
DAG File Processing Stats

File Path                             PID    Runtime      # DAGs    # Errors  Last Runtime    Last Run
------------------------------------  -----  ---------  --------  ----------  --------------  -------------------
/opt/airflow/dags/minio-snowflake.py                           1           0  0.90s           2026-02-03T19:20:47
================================================================================
[2026-02-03T19:21:27.404+0000] {manager.py:878} INFO - 
================================================================================
DAG File Processing Stats

File Path                             PID    Runtime      # DAGs    # Errors  Last Runtime    Last Run
------------------------------------  -----  ---------  --------  ----------  --------------  -------------------
/opt/airflow/dags/minio-snowflake.py                           1           0  1.34s           2026-02-03T19:21:19
================================================================================
[2026-02-03T19:21:57.749+0000] {manager.py:878} INFO - 
================================================================================
DAG File Processing Stats

File Path                             PID    Runtime      # DAGs    # Errors  Last Runtime    Last Run
------------------------------------  -----  ---------  --------  ----------  --------------  -------------------
/opt/airflow/dags/minio-snowflake.py                           1           0  1.20s           2026-02-03T19:21:50
================================================================================
[2026-02-03T19:22:28.197+0000] {manager.py:878} INFO - 
================================================================================
DAG File Processing Stats

File Path                             PID    Runtime      # DAGs    # Errors  Last Runtime    Last Run
------------------------------------  -----  ---------  --------  ----------  --------------  -------------------
/opt/airflow/dags/minio-snowflake.py                           1           0  1.16s           2026-02-03T19:22:22
================================================================================
[2026-02-03T19:22:46.420+0000] {manager.py:737} INFO - Searching for files in /opt/airflow/dags
[2026-02-03T19:22:46.490+0000] {manager.py:740} INFO - There are 1 files in /opt/airflow/dags
[2026-02-03T19:22:58.683+0000] {manager.py:878} INFO - 
================================================================================
DAG File Processing Stats

File Path                             PID    Runtime      # DAGs    # Errors  Last Runtime    Last Run
------------------------------------  -----  ---------  --------  ----------  --------------  -------------------
/opt/airflow/dags/minio-snowflake.py                           1           0  1.13s           2026-02-03T19:22:53
================================================================================
[2026-02-03T19:23:29.062+0000] {manager.py:878} INFO - 
================================================================================
DAG File Processing Stats

File Path                             PID    Runtime      # DAGs    # Errors  Last Runtime    Last Run
------------------------------------  -----  ---------  --------  ----------  --------------  -------------------
/opt/airflow/dags/minio-snowflake.py                           1           0  1.15s           2026-02-03T19:23:25
================================================================================
[2026-02-03T19:23:59.472+0000] {manager.py:878} INFO - 
================================================================================
DAG File Processing Stats

File Path                             PID    Runtime      # DAGs    # Errors  Last Runtime    Last Run
------------------------------------  -----  ---------  --------  ----------  --------------  -------------------
/opt/airflow/dags/minio-snowflake.py                           1           0  1.19s           2026-02-03T19:23:56
================================================================================
[2026-02-03T19:24:29.845+0000] {manager.py:878} INFO - 
================================================================================
DAG File Processing Stats

File Path                             PID    Runtime      # DAGs    # Errors  Last Runtime    Last Run
------------------------------------  -----  ---------  --------  ----------  --------------  -------------------
/opt/airflow/dags/minio-snowflake.py                           1           0  1.14s           2026-02-03T19:24:27
================================================================================
[2026-02-03T19:25:00.123+0000] {manager.py:878} INFO - 
================================================================================
DAG File Processing Stats

File Path                             PID    Runtime      # DAGs    # Errors  Last Runtime    Last Run
------------------------------------  -----  ---------  --------  ----------  --------------  -------------------
/opt/airflow/dags/minio-snowflake.py                           1           0  0.93s           2026-02-03T19:24:59
================================================================================
[2026-02-03T19:25:30.314+0000] {manager.py:878} INFO - 
================================================================================
DAG File Processing Stats

File Path                             PID    Runtime      # DAGs    # Errors  Last Runtime    Last Run
------------------------------------  -----  ---------  --------  ----------  --------------  -------------------
/opt/airflow/dags/minio-snowflake.py                           1           0  0.92s           2026-02-03T19:25:30
================================================================================
[2026-02-03T19:26:00.614+0000] {manager.py:878} INFO - 
================================================================================
DAG File Processing Stats

File Path                               PID  Runtime      # DAGs    # Errors  Last Runtime    Last Run
------------------------------------  -----  ---------  --------  ----------  --------------  -------------------
/opt/airflow/dags/minio-snowflake.py  59543  0.00s             1           0  0.92s           2026-02-03T19:25:30
================================================================================
[2026-02-03T19:26:30.794+0000] {manager.py:878} INFO - 
================================================================================
DAG File Processing Stats

File Path                             PID    Runtime      # DAGs    # Errors  Last Runtime    Last Run
------------------------------------  -----  ---------  --------  ----------  --------------  -------------------
/opt/airflow/dags/minio-snowflake.py                           1           0  0.92s           2026-02-03T19:26:01
================================================================================
[2026-02-03T19:27:01.153+0000] {manager.py:878} INFO - 
================================================================================
DAG File Processing Stats

File Path                             PID    Runtime      # DAGs    # Errors  Last Runtime    Last Run
------------------------------------  -----  ---------  --------  ----------  --------------  -------------------
/opt/airflow/dags/minio-snowflake.py                           1           0  1.24s           2026-02-03T19:26:33
================================================================================
[2026-02-03T19:27:31.310+0000] {manager.py:878} INFO - 
================================================================================
DAG File Processing Stats

File Path                             PID    Runtime      # DAGs    # Errors  Last Runtime    Last Run
------------------------------------  -----  ---------  --------  ----------  --------------  -------------------
/opt/airflow/dags/minio-snowflake.py                           1           0  0.88s           2026-02-03T19:27:04
================================================================================
[2026-02-03T19:27:46.675+0000] {manager.py:737} INFO - Searching for files in /opt/airflow/dags
[2026-02-03T19:27:46.735+0000] {manager.py:740} INFO - There are 1 files in /opt/airflow/dags
[2026-02-03T19:28:01.887+0000] {manager.py:878} INFO - 
================================================================================
DAG File Processing Stats

File Path                             PID    Runtime      # DAGs    # Errors  Last Runtime    Last Run
------------------------------------  -----  ---------  --------  ----------  --------------  -------------------
/opt/airflow/dags/minio-snowflake.py                           1           0  1.22s           2026-02-03T19:27:35
================================================================================
[2026-02-03T19:28:32.113+0000] {manager.py:878} INFO - 
================================================================================
DAG File Processing Stats

File Path                             PID    Runtime      # DAGs    # Errors  Last Runtime    Last Run
------------------------------------  -----  ---------  --------  ----------  --------------  -------------------
/opt/airflow/dags/minio-snowflake.py                           1           0  0.96s           2026-02-03T19:28:06
================================================================================
[2026-02-03T19:29:02.406+0000] {manager.py:878} INFO - 
================================================================================
DAG File Processing Stats

File Path                             PID    Runtime      # DAGs    # Errors  Last Runtime    Last Run
------------------------------------  -----  ---------  --------  ----------  --------------  -------------------
/opt/airflow/dags/minio-snowflake.py                           1           0  1.21s           2026-02-03T19:28:38
================================================================================
[2026-02-03T19:29:32.705+0000] {manager.py:878} INFO - 
================================================================================
DAG File Processing Stats

File Path                             PID    Runtime      # DAGs    # Errors  Last Runtime    Last Run
------------------------------------  -----  ---------  --------  ----------  --------------  -------------------
/opt/airflow/dags/minio-snowflake.py                           1           0  1.14s           2026-02-03T19:29:09
================================================================================
[2026-02-03T19:30:03.088+0000] {manager.py:878} INFO - 
================================================================================
DAG File Processing Stats

File Path                             PID    Runtime      # DAGs    # Errors  Last Runtime    Last Run
------------------------------------  -----  ---------  --------  ----------  --------------  -------------------
/opt/airflow/dags/minio-snowflake.py                           1           0  1.34s           2026-02-03T19:29:41
================================================================================
[2026-02-03T19:30:33.069+0000] {manager.py:878} INFO - 
================================================================================
DAG File Processing Stats

File Path                             PID    Runtime      # DAGs    # Errors  Last Runtime    Last Run
------------------------------------  -----  ---------  --------  ----------  --------------  -------------------
/opt/airflow/dags/minio-snowflake.py                           1           0  1.49s           2026-02-03T19:30:12
================================================================================
[2026-02-03T19:31:03.332+0000] {manager.py:878} INFO - 
================================================================================
DAG File Processing Stats

File Path                             PID    Runtime      # DAGs    # Errors  Last Runtime    Last Run
------------------------------------  -----  ---------  --------  ----------  --------------  -------------------
/opt/airflow/dags/minio-snowflake.py                           1           0  1.07s           2026-02-03T19:30:44
================================================================================
[2026-02-03T19:31:33.553+0000] {manager.py:878} INFO - 
================================================================================
DAG File Processing Stats

File Path                             PID    Runtime      # DAGs    # Errors  Last Runtime    Last Run
------------------------------------  -----  ---------  --------  ----------  --------------  -------------------
/opt/airflow/dags/minio-snowflake.py                           1           0  0.96s           2026-02-03T19:31:15
================================================================================
[2026-02-03T19:32:03.852+0000] {manager.py:878} INFO - 
================================================================================
DAG File Processing Stats

File Path                             PID    Runtime      # DAGs    # Errors  Last Runtime    Last Run
------------------------------------  -----  ---------  --------  ----------  --------------  -------------------
/opt/airflow/dags/minio-snowflake.py                           1           0  1.00s           2026-02-03T19:31:46
================================================================================
[2026-02-03T19:32:34.184+0000] {manager.py:878} INFO - 
================================================================================
DAG File Processing Stats

File Path                             PID    Runtime      # DAGs    # Errors  Last Runtime    Last Run
------------------------------------  -----  ---------  --------  ----------  --------------  -------------------
/opt/airflow/dags/minio-snowflake.py                           1           0  1.06s           2026-02-03T19:32:18
================================================================================
[2026-02-03T19:32:47.315+0000] {manager.py:737} INFO - Searching for files in /opt/airflow/dags
[2026-02-03T19:32:47.388+0000] {manager.py:740} INFO - There are 1 files in /opt/airflow/dags
[2026-02-03T19:33:04.492+0000] {manager.py:878} INFO - 
================================================================================
DAG File Processing Stats

File Path                             PID    Runtime      # DAGs    # Errors  Last Runtime    Last Run
------------------------------------  -----  ---------  --------  ----------  --------------  -------------------
/opt/airflow/dags/minio-snowflake.py                           1           0  0.94s           2026-02-03T19:32:49
================================================================================
[2026-02-03T19:33:34.737+0000] {manager.py:878} INFO - 
================================================================================
DAG File Processing Stats

File Path                             PID    Runtime      # DAGs    # Errors  Last Runtime    Last Run
------------------------------------  -----  ---------  --------  ----------  --------------  -------------------
/opt/airflow/dags/minio-snowflake.py                           1           0  0.96s           2026-02-03T19:33:20
================================================================================
[2026-02-03T19:34:05.028+0000] {manager.py:878} INFO - 
================================================================================
DAG File Processing Stats

File Path                             PID    Runtime      # DAGs    # Errors  Last Runtime    Last Run
------------------------------------  -----  ---------  --------  ----------  --------------  -------------------
/opt/airflow/dags/minio-snowflake.py                           1           0  0.96s           2026-02-03T19:33:51
================================================================================
[2026-02-03T19:34:35.297+0000] {manager.py:878} INFO - 
================================================================================
DAG File Processing Stats

File Path                             PID    Runtime      # DAGs    # Errors  Last Runtime    Last Run
------------------------------------  -----  ---------  --------  ----------  --------------  -------------------
/opt/airflow/dags/minio-snowflake.py                           1           0  1.00s           2026-02-03T19:34:23
================================================================================
[2026-02-03T19:35:05.457+0000] {manager.py:878} INFO - 
================================================================================
DAG File Processing Stats

File Path                             PID    Runtime      # DAGs    # Errors  Last Runtime    Last Run
------------------------------------  -----  ---------  --------  ----------  --------------  -------------------
/opt/airflow/dags/minio-snowflake.py                           1           0  0.91s           2026-02-03T19:34:54
================================================================================
[2026-02-03T19:35:35.841+0000] {manager.py:878} INFO - 
================================================================================
DAG File Processing Stats

File Path                             PID    Runtime      # DAGs    # Errors  Last Runtime    Last Run
------------------------------------  -----  ---------  --------  ----------  --------------  -------------------
/opt/airflow/dags/minio-snowflake.py                           1           0  1.16s           2026-02-03T19:35:25
================================================================================
[2026-02-03T19:36:06.176+0000] {manager.py:878} INFO - 
================================================================================
DAG File Processing Stats

File Path                             PID    Runtime      # DAGs    # Errors  Last Runtime    Last Run
------------------------------------  -----  ---------  --------  ----------  --------------  -------------------
/opt/airflow/dags/minio-snowflake.py                           1           0  1.13s           2026-02-03T19:35:57
================================================================================
[2026-02-03T19:36:36.977+0000] {manager.py:878} INFO - 
================================================================================
DAG File Processing Stats

File Path                             PID    Runtime      # DAGs    # Errors  Last Runtime    Last Run
------------------------------------  -----  ---------  --------  ----------  --------------  -------------------
/opt/airflow/dags/minio-snowflake.py                           1           0  2.62s           2026-02-03T19:36:29
================================================================================
[2026-02-03T19:37:07.330+0000] {manager.py:878} INFO - 
================================================================================
DAG File Processing Stats

File Path                             PID    Runtime      # DAGs    # Errors  Last Runtime    Last Run
------------------------------------  -----  ---------  --------  ----------  --------------  -------------------
/opt/airflow/dags/minio-snowflake.py                           1           0  1.43s           2026-02-03T19:37:01
================================================================================
[2026-02-03T19:37:37.569+0000] {manager.py:878} INFO - 
================================================================================
DAG File Processing Stats

File Path                             PID    Runtime      # DAGs    # Errors  Last Runtime    Last Run
------------------------------------  -----  ---------  --------  ----------  --------------  -------------------
/opt/airflow/dags/minio-snowflake.py                           1           0  1.51s           2026-02-03T19:37:33
================================================================================
[2026-02-03T19:37:47.659+0000] {manager.py:737} INFO - Searching for files in /opt/airflow/dags
[2026-02-03T19:37:47.754+0000] {manager.py:740} INFO - There are 1 files in /opt/airflow/dags
[2026-02-03T19:38:08.349+0000] {manager.py:878} INFO - 
================================================================================
DAG File Processing Stats

File Path                             PID    Runtime      # DAGs    # Errors  Last Runtime    Last Run
------------------------------------  -----  ---------  --------  ----------  --------------  -------------------
/opt/airflow/dags/minio-snowflake.py                           1           0  1.57s           2026-02-03T19:38:05
================================================================================
[2026-02-03T19:38:38.466+0000] {manager.py:878} INFO - 
================================================================================
DAG File Processing Stats

File Path                             PID    Runtime      # DAGs    # Errors  Last Runtime    Last Run
------------------------------------  -----  ---------  --------  ----------  --------------  -------------------
/opt/airflow/dags/minio-snowflake.py                           1           0  1.69s           2026-02-03T19:38:37
================================================================================
[2026-02-03T19:39:08.784+0000] {manager.py:878} INFO - 
================================================================================
DAG File Processing Stats

File Path                               PID  Runtime      # DAGs    # Errors  Last Runtime    Last Run
------------------------------------  -----  ---------  --------  ----------  --------------  -------------------
/opt/airflow/dags/minio-snowflake.py  70260  1.01s             1           0  1.69s           2026-02-03T19:38:37
================================================================================
[2026-02-03T19:39:39.370+0000] {manager.py:878} INFO - 
================================================================================
DAG File Processing Stats

File Path                               PID  Runtime      # DAGs    # Errors  Last Runtime    Last Run
------------------------------------  -----  ---------  --------  ----------  --------------  -------------------
/opt/airflow/dags/minio-snowflake.py  70600  0.00s             1           0  1.50s           2026-02-03T19:39:09
================================================================================
[2026-02-03T19:40:09.833+0000] {manager.py:878} INFO - 
================================================================================
DAG File Processing Stats

File Path                             PID    Runtime      # DAGs    # Errors  Last Runtime    Last Run
------------------------------------  -----  ---------  --------  ----------  --------------  -------------------
/opt/airflow/dags/minio-snowflake.py                           1           0  1.48s           2026-02-03T19:39:40
================================================================================
[2026-02-03T19:40:40.107+0000] {manager.py:878} INFO - 
================================================================================
DAG File Processing Stats

File Path                             PID    Runtime      # DAGs    # Errors  Last Runtime    Last Run
------------------------------------  -----  ---------  --------  ----------  --------------  -------------------
/opt/airflow/dags/minio-snowflake.py                           1           0  1.48s           2026-02-03T19:40:12
================================================================================
[2026-02-03T19:41:10.248+0000] {manager.py:878} INFO - 
================================================================================
DAG File Processing Stats

File Path                             PID    Runtime      # DAGs    # Errors  Last Runtime    Last Run
------------------------------------  -----  ---------  --------  ----------  --------------  -------------------
/opt/airflow/dags/minio-snowflake.py                           1           0  1.38s           2026-02-03T19:40:44
================================================================================
[2026-02-03T19:41:40.541+0000] {manager.py:878} INFO - 
================================================================================
DAG File Processing Stats

File Path                             PID    Runtime      # DAGs    # Errors  Last Runtime    Last Run
------------------------------------  -----  ---------  --------  ----------  --------------  -------------------
/opt/airflow/dags/minio-snowflake.py                           1           0  1.59s           2026-02-03T19:41:15
================================================================================
[2026-02-03T19:42:11.196+0000] {manager.py:878} INFO - 
================================================================================
DAG File Processing Stats

File Path                             PID    Runtime      # DAGs    # Errors  Last Runtime    Last Run
------------------------------------  -----  ---------  --------  ----------  --------------  -------------------
/opt/airflow/dags/minio-snowflake.py                           1           0  1.18s           2026-02-03T19:41:47
================================================================================
[2026-02-03T19:42:41.585+0000] {manager.py:878} INFO - 
================================================================================
DAG File Processing Stats

File Path                             PID    Runtime      # DAGs    # Errors  Last Runtime    Last Run
------------------------------------  -----  ---------  --------  ----------  --------------  -------------------
/opt/airflow/dags/minio-snowflake.py                           1           0  1.49s           2026-02-03T19:42:18
================================================================================
[2026-02-03T19:42:48.055+0000] {manager.py:737} INFO - Searching for files in /opt/airflow/dags
[2026-02-03T19:42:48.132+0000] {manager.py:740} INFO - There are 1 files in /opt/airflow/dags
[2026-02-03T19:43:11.773+0000] {manager.py:878} INFO - 
================================================================================
DAG File Processing Stats

File Path                             PID    Runtime      # DAGs    # Errors  Last Runtime    Last Run
------------------------------------  -----  ---------  --------  ----------  --------------  -------------------
/opt/airflow/dags/minio-snowflake.py                           1           0  1.42s           2026-02-03T19:42:50
================================================================================
[2026-02-03T19:43:42.072+0000] {manager.py:878} INFO - 
================================================================================
DAG File Processing Stats

File Path                             PID    Runtime      # DAGs    # Errors  Last Runtime    Last Run
------------------------------------  -----  ---------  --------  ----------  --------------  -------------------
/opt/airflow/dags/minio-snowflake.py                           1           0  1.63s           2026-02-03T19:43:22
================================================================================
[2026-02-03T19:44:12.334+0000] {manager.py:878} INFO - 
================================================================================
DAG File Processing Stats

File Path                             PID    Runtime      # DAGs    # Errors  Last Runtime    Last Run
------------------------------------  -----  ---------  --------  ----------  --------------  -------------------
/opt/airflow/dags/minio-snowflake.py                           1           0  1.39s           2026-02-03T19:43:54
================================================================================
[2026-02-03T19:44:42.650+0000] {manager.py:878} INFO - 
================================================================================
DAG File Processing Stats

File Path                             PID    Runtime      # DAGs    # Errors  Last Runtime    Last Run
------------------------------------  -----  ---------  --------  ----------  --------------  -------------------
/opt/airflow/dags/minio-snowflake.py                           1           0  1.63s           2026-02-03T19:44:26
================================================================================
[2026-02-03T19:45:12.928+0000] {manager.py:878} INFO - 
================================================================================
DAG File Processing Stats

File Path                             PID    Runtime      # DAGs    # Errors  Last Runtime    Last Run
------------------------------------  -----  ---------  --------  ----------  --------------  -------------------
/opt/airflow/dags/minio-snowflake.py                           1           0  1.60s           2026-02-03T19:44:57
================================================================================
[2026-02-03T19:45:43.370+0000] {manager.py:878} INFO - 
================================================================================
DAG File Processing Stats

File Path                             PID    Runtime      # DAGs    # Errors  Last Runtime    Last Run
------------------------------------  -----  ---------  --------  ----------  --------------  -------------------
/opt/airflow/dags/minio-snowflake.py                           1           0  1.23s           2026-02-03T19:45:29
================================================================================
[2026-02-03T19:46:13.763+0000] {manager.py:878} INFO - 
================================================================================
DAG File Processing Stats

File Path                             PID    Runtime      # DAGs    # Errors  Last Runtime    Last Run
------------------------------------  -----  ---------  --------  ----------  --------------  -------------------
/opt/airflow/dags/minio-snowflake.py                           1           0  1.39s           2026-02-03T19:46:00
================================================================================
[2026-02-03T19:46:44.443+0000] {manager.py:878} INFO - 
================================================================================
DAG File Processing Stats

File Path                             PID    Runtime      # DAGs    # Errors  Last Runtime    Last Run
------------------------------------  -----  ---------  --------  ----------  --------------  -------------------
/opt/airflow/dags/minio-snowflake.py                           1           0  1.52s           2026-02-03T19:46:32
================================================================================
[2026-02-03T19:47:14.401+0000] {manager.py:878} INFO - 
================================================================================
DAG File Processing Stats

File Path                             PID    Runtime      # DAGs    # Errors  Last Runtime    Last Run
------------------------------------  -----  ---------  --------  ----------  --------------  -------------------
/opt/airflow/dags/minio-snowflake.py                           1           0  1.43s           2026-02-03T19:47:04
================================================================================
[2026-02-03T19:47:44.685+0000] {manager.py:878} INFO - 
================================================================================
DAG File Processing Stats

File Path                             PID    Runtime      # DAGs    # Errors  Last Runtime    Last Run
------------------------------------  -----  ---------  --------  ----------  --------------  -------------------
/opt/airflow/dags/minio-snowflake.py                           1           0  1.46s           2026-02-03T19:47:36
================================================================================
[2026-02-03T19:47:48.161+0000] {manager.py:737} INFO - Searching for files in /opt/airflow/dags
[2026-02-03T19:47:48.262+0000] {manager.py:740} INFO - There are 1 files in /opt/airflow/dags
[2026-02-03T19:48:14.920+0000] {manager.py:878} INFO - 
================================================================================
DAG File Processing Stats

File Path                             PID    Runtime      # DAGs    # Errors  Last Runtime    Last Run
------------------------------------  -----  ---------  --------  ----------  --------------  -------------------
/opt/airflow/dags/minio-snowflake.py                           1           0  2.39s           2026-02-03T19:48:08
================================================================================
[2026-02-03T19:48:45.258+0000] {manager.py:878} INFO - 
================================================================================
DAG File Processing Stats

File Path                             PID    Runtime      # DAGs    # Errors  Last Runtime    Last Run
------------------------------------  -----  ---------  --------  ----------  --------------  -------------------
/opt/airflow/dags/minio-snowflake.py                           1           0  1.48s           2026-02-03T19:48:40
================================================================================
[2026-02-03T19:49:15.383+0000] {manager.py:878} INFO - 
================================================================================
DAG File Processing Stats

File Path                             PID    Runtime      # DAGs    # Errors  Last Runtime    Last Run
------------------------------------  -----  ---------  --------  ----------  --------------  -------------------
/opt/airflow/dags/minio-snowflake.py                           1           0  1.39s           2026-02-03T19:49:12
================================================================================
[2026-02-03T19:49:45.691+0000] {manager.py:878} INFO - 
================================================================================
DAG File Processing Stats

File Path                             PID    Runtime      # DAGs    # Errors  Last Runtime    Last Run
------------------------------------  -----  ---------  --------  ----------  --------------  -------------------
/opt/airflow/dags/minio-snowflake.py                           1           0  1.46s           2026-02-03T19:49:44
================================================================================
[2026-02-03T19:50:15.760+0000] {manager.py:878} INFO - 
================================================================================
DAG File Processing Stats

File Path                             PID    Runtime      # DAGs    # Errors  Last Runtime    Last Run
------------------------------------  -----  ---------  --------  ----------  --------------  -------------------
/opt/airflow/dags/minio-snowflake.py                           1           0  1.36s           2026-02-03T19:50:15
================================================================================
[2026-02-03T19:50:45.729+0000] {manager.py:878} INFO - 
================================================================================
DAG File Processing Stats

File Path                             PID    Runtime      # DAGs    # Errors  Last Runtime    Last Run
------------------------------------  -----  ---------  --------  ----------  --------------  -------------------
/opt/airflow/dags/minio-snowflake.py                           1           0  1.36s           2026-02-03T19:50:15
================================================================================
[2026-02-03T19:51:15.772+0000] {manager.py:878} INFO - 
================================================================================
DAG File Processing Stats

File Path                             PID    Runtime      # DAGs    # Errors  Last Runtime    Last Run
------------------------------------  -----  ---------  --------  ----------  --------------  -------------------
/opt/airflow/dags/minio-snowflake.py                           1           0  1.52s           2026-02-03T19:50:47
================================================================================
[2026-02-03T19:51:46.121+0000] {manager.py:878} INFO - 
================================================================================
DAG File Processing Stats

File Path                             PID    Runtime      # DAGs    # Errors  Last Runtime    Last Run
------------------------------------  -----  ---------  --------  ----------  --------------  -------------------
/opt/airflow/dags/minio-snowflake.py                           1           0  1.50s           2026-02-03T19:51:19
================================================================================
[2026-02-03T19:52:16.796+0000] {manager.py:878} INFO - 
================================================================================
DAG File Processing Stats

File Path                             PID    Runtime      # DAGs    # Errors  Last Runtime    Last Run
------------------------------------  -----  ---------  --------  ----------  --------------  -------------------
/opt/airflow/dags/minio-snowflake.py                           1           0  1.18s           2026-02-03T19:51:50
================================================================================
[2026-02-03T19:52:46.773+0000] {manager.py:878} INFO - 
================================================================================
DAG File Processing Stats

File Path                             PID    Runtime      # DAGs    # Errors  Last Runtime    Last Run
------------------------------------  -----  ---------  --------  ----------  --------------  -------------------
/opt/airflow/dags/minio-snowflake.py                           1           0  1.64s           2026-02-03T19:52:22
================================================================================
[2026-02-03T19:52:48.217+0000] {manager.py:737} INFO - Searching for files in /opt/airflow/dags
[2026-02-03T19:52:48.310+0000] {manager.py:740} INFO - There are 1 files in /opt/airflow/dags
[2026-02-03T19:53:17.046+0000] {manager.py:878} INFO - 
================================================================================
DAG File Processing Stats

File Path                             PID    Runtime      # DAGs    # Errors  Last Runtime    Last Run
------------------------------------  -----  ---------  --------  ----------  --------------  -------------------
/opt/airflow/dags/minio-snowflake.py                           1           0  1.34s           2026-02-03T19:52:54
================================================================================
[2026-02-03T19:53:47.241+0000] {manager.py:878} INFO - 
================================================================================
DAG File Processing Stats

File Path                             PID    Runtime      # DAGs    # Errors  Last Runtime    Last Run
------------------------------------  -----  ---------  --------  ----------  --------------  -------------------
/opt/airflow/dags/minio-snowflake.py                           1           0  1.48s           2026-02-03T19:53:26
================================================================================
[2026-02-03T19:54:17.632+0000] {manager.py:878} INFO - 
================================================================================
DAG File Processing Stats

File Path                             PID    Runtime      # DAGs    # Errors  Last Runtime    Last Run
------------------------------------  -----  ---------  --------  ----------  --------------  -------------------
/opt/airflow/dags/minio-snowflake.py                           1           0  1.41s           2026-02-03T19:53:57
================================================================================
[2026-02-03T19:54:48.191+0000] {manager.py:878} INFO - 
================================================================================
DAG File Processing Stats

File Path                             PID    Runtime      # DAGs    # Errors  Last Runtime    Last Run
------------------------------------  -----  ---------  --------  ----------  --------------  -------------------
/opt/airflow/dags/minio-snowflake.py                           1           0  1.21s           2026-02-03T19:54:29
================================================================================
[2026-02-03T19:55:18.723+0000] {manager.py:878} INFO - 
================================================================================
DAG File Processing Stats

File Path                             PID    Runtime      # DAGs    # Errors  Last Runtime    Last Run
------------------------------------  -----  ---------  --------  ----------  --------------  -------------------
/opt/airflow/dags/minio-snowflake.py                           1           0  1.30s           2026-02-03T19:55:00
================================================================================
[2026-02-03T19:55:49.019+0000] {manager.py:878} INFO - 
================================================================================
DAG File Processing Stats

File Path                             PID    Runtime      # DAGs    # Errors  Last Runtime    Last Run
------------------------------------  -----  ---------  --------  ----------  --------------  -------------------
/opt/airflow/dags/minio-snowflake.py                           1           0  1.51s           2026-02-03T19:55:32
================================================================================
[2026-02-03T19:56:19.213+0000] {manager.py:878} INFO - 
================================================================================
DAG File Processing Stats

File Path                             PID    Runtime      # DAGs    # Errors  Last Runtime    Last Run
------------------------------------  -----  ---------  --------  ----------  --------------  -------------------
/opt/airflow/dags/minio-snowflake.py                           1           0  1.34s           2026-02-03T19:56:03
================================================================================
[2026-02-03T19:56:49.486+0000] {manager.py:878} INFO - 
================================================================================
DAG File Processing Stats

File Path                             PID    Runtime      # DAGs    # Errors  Last Runtime    Last Run
------------------------------------  -----  ---------  --------  ----------  --------------  -------------------
/opt/airflow/dags/minio-snowflake.py                           1           0  1.54s           2026-02-03T19:56:35
================================================================================
[2026-02-03T19:57:19.451+0000] {manager.py:878} INFO - 
================================================================================
DAG File Processing Stats

File Path                             PID    Runtime      # DAGs    # Errors  Last Runtime    Last Run
------------------------------------  -----  ---------  --------  ----------  --------------  -------------------
/opt/airflow/dags/minio-snowflake.py                           1           0  1.11s           2026-02-03T19:57:07
================================================================================
[2026-02-03T19:57:48.700+0000] {manager.py:737} INFO - Searching for files in /opt/airflow/dags
[2026-02-03T19:57:48.791+0000] {manager.py:740} INFO - There are 1 files in /opt/airflow/dags
[2026-02-03T19:57:49.833+0000] {manager.py:878} INFO - 
================================================================================
DAG File Processing Stats

File Path                             PID    Runtime      # DAGs    # Errors  Last Runtime    Last Run
------------------------------------  -----  ---------  --------  ----------  --------------  -------------------
/opt/airflow/dags/minio-snowflake.py                           1           0  1.08s           2026-02-03T19:57:38
================================================================================
[2026-02-03T19:58:20.164+0000] {manager.py:878} INFO - 
================================================================================
DAG File Processing Stats

File Path                             PID    Runtime      # DAGs    # Errors  Last Runtime    Last Run
------------------------------------  -----  ---------  --------  ----------  --------------  -------------------
/opt/airflow/dags/minio-snowflake.py                           1           0  1.16s           2026-02-03T19:58:10
================================================================================
[2026-02-03T19:58:50.527+0000] {manager.py:878} INFO - 
================================================================================
DAG File Processing Stats

File Path                             PID    Runtime      # DAGs    # Errors  Last Runtime    Last Run
------------------------------------  -----  ---------  --------  ----------  --------------  -------------------
/opt/airflow/dags/minio-snowflake.py                           1           0  1.50s           2026-02-03T19:58:41
================================================================================
[2026-02-03T19:59:20.784+0000] {manager.py:878} INFO - 
================================================================================
DAG File Processing Stats

File Path                             PID    Runtime      # DAGs    # Errors  Last Runtime    Last Run
------------------------------------  -----  ---------  --------  ----------  --------------  -------------------
/opt/airflow/dags/minio-snowflake.py                           1           0  1.51s           2026-02-03T19:59:13
================================================================================
[2026-02-03T19:59:51.091+0000] {manager.py:878} INFO - 
================================================================================
DAG File Processing Stats

File Path                             PID    Runtime      # DAGs    # Errors  Last Runtime    Last Run
------------------------------------  -----  ---------  --------  ----------  --------------  -------------------
/opt/airflow/dags/minio-snowflake.py                           1           0  1.39s           2026-02-03T19:59:45
================================================================================
[2026-02-03T20:00:21.413+0000] {manager.py:878} INFO - 
================================================================================
DAG File Processing Stats

File Path                             PID    Runtime      # DAGs    # Errors  Last Runtime    Last Run
------------------------------------  -----  ---------  --------  ----------  --------------  -------------------
/opt/airflow/dags/minio-snowflake.py                           1           0  1.67s           2026-02-03T20:00:17
================================================================================
[2026-02-03T20:00:51.831+0000] {manager.py:878} INFO - 
================================================================================
DAG File Processing Stats

File Path                             PID    Runtime      # DAGs    # Errors  Last Runtime    Last Run
------------------------------------  -----  ---------  --------  ----------  --------------  -------------------
/opt/airflow/dags/minio-snowflake.py                           1           0  1.13s           2026-02-03T20:00:48
================================================================================
[2026-02-03T20:01:22.221+0000] {manager.py:878} INFO - 
================================================================================
DAG File Processing Stats

File Path                             PID    Runtime      # DAGs    # Errors  Last Runtime    Last Run
------------------------------------  -----  ---------  --------  ----------  --------------  -------------------
/opt/airflow/dags/minio-snowflake.py                           1           0  1.57s           2026-02-03T20:01:20
================================================================================
[2026-02-03T20:01:52.497+0000] {manager.py:878} INFO - 
================================================================================
DAG File Processing Stats

File Path                               PID  Runtime      # DAGs    # Errors  Last Runtime    Last Run
------------------------------------  -----  ---------  --------  ----------  --------------  -------------------
/opt/airflow/dags/minio-snowflake.py  88137  1.44s             1           0  1.57s           2026-02-03T20:01:20
================================================================================
[2026-02-03T20:02:22.786+0000] {manager.py:878} INFO - 
================================================================================
DAG File Processing Stats

File Path                               PID  Runtime      # DAGs    # Errors  Last Runtime    Last Run
------------------------------------  -----  ---------  --------  ----------  --------------  -------------------
/opt/airflow/dags/minio-snowflake.py  88766  0.00s             1           0  1.47s           2026-02-03T20:01:52
================================================================================
[2026-02-03T20:02:49.179+0000] {manager.py:737} INFO - Searching for files in /opt/airflow/dags
[2026-02-03T20:02:49.262+0000] {manager.py:740} INFO - There are 1 files in /opt/airflow/dags
[2026-02-03T20:02:53.305+0000] {manager.py:878} INFO - 
================================================================================
DAG File Processing Stats

File Path                             PID    Runtime      # DAGs    # Errors  Last Runtime    Last Run
------------------------------------  -----  ---------  --------  ----------  --------------  -------------------
/opt/airflow/dags/minio-snowflake.py                           1           0  1.22s           2026-02-03T20:02:23
================================================================================
[2026-02-03T20:03:23.601+0000] {manager.py:878} INFO - 
================================================================================
DAG File Processing Stats

File Path                             PID    Runtime      # DAGs    # Errors  Last Runtime    Last Run
------------------------------------  -----  ---------  --------  ----------  --------------  -------------------
/opt/airflow/dags/minio-snowflake.py                           1           0  1.26s           2026-02-03T20:02:55
================================================================================
[2026-02-03T20:03:54.073+0000] {manager.py:878} INFO - 
================================================================================
DAG File Processing Stats

File Path                             PID    Runtime      # DAGs    # Errors  Last Runtime    Last Run
------------------------------------  -----  ---------  --------  ----------  --------------  -------------------
/opt/airflow/dags/minio-snowflake.py                           1           0  1.62s           2026-02-03T20:03:27
================================================================================
[2026-02-03T20:04:24.073+0000] {manager.py:878} INFO - 
================================================================================
DAG File Processing Stats

File Path                             PID    Runtime      # DAGs    # Errors  Last Runtime    Last Run
------------------------------------  -----  ---------  --------  ----------  --------------  -------------------
/opt/airflow/dags/minio-snowflake.py                           1           0  1.31s           2026-02-03T20:03:58
================================================================================
[2026-02-03T20:04:54.345+0000] {manager.py:878} INFO - 
================================================================================
DAG File Processing Stats

File Path                             PID    Runtime      # DAGs    # Errors  Last Runtime    Last Run
------------------------------------  -----  ---------  --------  ----------  --------------  -------------------
/opt/airflow/dags/minio-snowflake.py                           1           0  1.37s           2026-02-03T20:04:30
================================================================================
[2026-02-03T20:05:25.101+0000] {manager.py:878} INFO - 
================================================================================
DAG File Processing Stats

File Path                             PID    Runtime      # DAGs    # Errors  Last Runtime    Last Run
------------------------------------  -----  ---------  --------  ----------  --------------  -------------------
/opt/airflow/dags/minio-snowflake.py                           1           0  1.32s           2026-02-03T20:05:02
================================================================================
[2026-02-03T20:05:55.530+0000] {manager.py:878} INFO - 
================================================================================
DAG File Processing Stats

File Path                             PID    Runtime      # DAGs    # Errors  Last Runtime    Last Run
------------------------------------  -----  ---------  --------  ----------  --------------  -------------------
/opt/airflow/dags/minio-snowflake.py                           1           0  1.43s           2026-02-03T20:05:33
================================================================================
[2026-02-03T20:06:25.507+0000] {manager.py:878} INFO - 
================================================================================
DAG File Processing Stats

File Path                             PID    Runtime      # DAGs    # Errors  Last Runtime    Last Run
------------------------------------  -----  ---------  --------  ----------  --------------  -------------------
/opt/airflow/dags/minio-snowflake.py                           1           0  1.46s           2026-02-03T20:06:05
================================================================================
[2026-02-03T20:06:55.800+0000] {manager.py:878} INFO - 
================================================================================
DAG File Processing Stats

File Path                             PID    Runtime      # DAGs    # Errors  Last Runtime    Last Run
------------------------------------  -----  ---------  --------  ----------  --------------  -------------------
/opt/airflow/dags/minio-snowflake.py                           1           0  1.38s           2026-02-03T20:06:37
================================================================================
[2026-02-03T20:07:26.047+0000] {manager.py:878} INFO - 
================================================================================
DAG File Processing Stats

File Path                             PID    Runtime      # DAGs    # Errors  Last Runtime    Last Run
------------------------------------  -----  ---------  --------  ----------  --------------  -------------------
/opt/airflow/dags/minio-snowflake.py                           1           0  1.64s           2026-02-03T20:07:08
================================================================================
[2026-02-03T20:07:49.320+0000] {manager.py:737} INFO - Searching for files in /opt/airflow/dags
[2026-02-03T20:07:49.392+0000] {manager.py:740} INFO - There are 1 files in /opt/airflow/dags
[2026-02-03T20:07:56.438+0000] {manager.py:878} INFO - 
================================================================================
DAG File Processing Stats

File Path                             PID    Runtime      # DAGs    # Errors  Last Runtime    Last Run
------------------------------------  -----  ---------  --------  ----------  --------------  -------------------
/opt/airflow/dags/minio-snowflake.py                           1           0  1.40s           2026-02-03T20:07:40
================================================================================
[2026-02-03T20:08:26.424+0000] {manager.py:878} INFO - 
================================================================================
DAG File Processing Stats

File Path                             PID    Runtime      # DAGs    # Errors  Last Runtime    Last Run
------------------------------------  -----  ---------  --------  ----------  --------------  -------------------
/opt/airflow/dags/minio-snowflake.py                           1           0  1.43s           2026-02-03T20:08:12
================================================================================
[2026-02-03T20:08:56.680+0000] {manager.py:878} INFO - 
================================================================================
DAG File Processing Stats

File Path                             PID    Runtime      # DAGs    # Errors  Last Runtime    Last Run
------------------------------------  -----  ---------  --------  ----------  --------------  -------------------
/opt/airflow/dags/minio-snowflake.py                           1           0  1.50s           2026-02-03T20:08:43
================================================================================
[2026-02-03T20:09:27.012+0000] {manager.py:878} INFO - 
================================================================================
DAG File Processing Stats

File Path                             PID    Runtime      # DAGs    # Errors  Last Runtime    Last Run
------------------------------------  -----  ---------  --------  ----------  --------------  -------------------
/opt/airflow/dags/minio-snowflake.py                           1           0  1.42s           2026-02-03T20:09:15
================================================================================
[2026-02-03T20:09:57.070+0000] {manager.py:878} INFO - 
================================================================================
DAG File Processing Stats

File Path                             PID    Runtime      # DAGs    # Errors  Last Runtime    Last Run
------------------------------------  -----  ---------  --------  ----------  --------------  -------------------
/opt/airflow/dags/minio-snowflake.py                           1           0  1.44s           2026-02-03T20:09:47
================================================================================
[2026-02-03T20:10:27.348+0000] {manager.py:878} INFO - 
================================================================================
DAG File Processing Stats

File Path                             PID    Runtime      # DAGs    # Errors  Last Runtime    Last Run
------------------------------------  -----  ---------  --------  ----------  --------------  -------------------
/opt/airflow/dags/minio-snowflake.py                           1           0  1.48s           2026-02-03T20:10:18
================================================================================
[2026-02-03T20:10:57.675+0000] {manager.py:878} INFO - 
================================================================================
DAG File Processing Stats

File Path                             PID    Runtime      # DAGs    # Errors  Last Runtime    Last Run
------------------------------------  -----  ---------  --------  ----------  --------------  -------------------
/opt/airflow/dags/minio-snowflake.py                           1           0  1.66s           2026-02-03T20:10:50
================================================================================
[2026-02-03T20:11:28.054+0000] {manager.py:878} INFO - 
================================================================================
DAG File Processing Stats

File Path                             PID    Runtime      # DAGs    # Errors  Last Runtime    Last Run
------------------------------------  -----  ---------  --------  ----------  --------------  -------------------
/opt/airflow/dags/minio-snowflake.py                           1           0  1.09s           2026-02-03T20:11:22
================================================================================
[2026-02-03T20:11:58.431+0000] {manager.py:878} INFO - 
================================================================================
DAG File Processing Stats

File Path                             PID    Runtime      # DAGs    # Errors  Last Runtime    Last Run
------------------------------------  -----  ---------  --------  ----------  --------------  -------------------
/opt/airflow/dags/minio-snowflake.py                           1           0  1.40s           2026-02-03T20:11:53
================================================================================
[2026-02-03T20:12:28.465+0000] {manager.py:878} INFO - 
================================================================================
DAG File Processing Stats

File Path                             PID    Runtime      # DAGs    # Errors  Last Runtime    Last Run
------------------------------------  -----  ---------  --------  ----------  --------------  -------------------
/opt/airflow/dags/minio-snowflake.py                           1           0  1.47s           2026-02-03T20:12:25
================================================================================
[2026-02-03T20:12:49.667+0000] {manager.py:737} INFO - Searching for files in /opt/airflow/dags
[2026-02-03T20:12:49.754+0000] {manager.py:740} INFO - There are 1 files in /opt/airflow/dags
[2026-02-03T20:12:58.488+0000] {manager.py:878} INFO - 
================================================================================
DAG File Processing Stats

File Path                             PID    Runtime      # DAGs    # Errors  Last Runtime    Last Run
------------------------------------  -----  ---------  --------  ----------  --------------  -------------------
/opt/airflow/dags/minio-snowflake.py                           1           0  1.62s           2026-02-03T20:12:57
================================================================================
[2026-02-03T20:13:28.525+0000] {manager.py:878} INFO - 
================================================================================
DAG File Processing Stats

File Path                               PID  Runtime      # DAGs    # Errors  Last Runtime    Last Run
------------------------------------  -----  ---------  --------  ----------  --------------  -------------------
/opt/airflow/dags/minio-snowflake.py  97539  1.02s             1           0  1.62s           2026-02-03T20:12:57
================================================================================
[2026-02-03T20:13:59.182+0000] {manager.py:878} INFO - 
================================================================================
DAG File Processing Stats

File Path                               PID  Runtime      # DAGs    # Errors  Last Runtime    Last Run
------------------------------------  -----  ---------  --------  ----------  --------------  -------------------
/opt/airflow/dags/minio-snowflake.py  97736  0.01s             1           0  1.49s           2026-02-03T20:13:28
================================================================================
[2026-02-03T20:14:29.511+0000] {manager.py:878} INFO - 
================================================================================
DAG File Processing Stats

File Path                             PID    Runtime      # DAGs    # Errors  Last Runtime    Last Run
------------------------------------  -----  ---------  --------  ----------  --------------  -------------------
/opt/airflow/dags/minio-snowflake.py                           1           0  1.54s           2026-02-03T20:14:00
================================================================================
[2026-02-03T20:14:59.755+0000] {manager.py:878} INFO - 
================================================================================
DAG File Processing Stats

File Path                             PID    Runtime      # DAGs    # Errors  Last Runtime    Last Run
------------------------------------  -----  ---------  --------  ----------  --------------  -------------------
/opt/airflow/dags/minio-snowflake.py                           1           0  1.49s           2026-02-03T20:14:32
================================================================================
[2026-02-03T20:15:30.105+0000] {manager.py:878} INFO - 
================================================================================
DAG File Processing Stats

File Path                             PID    Runtime      # DAGs    # Errors  Last Runtime    Last Run
------------------------------------  -----  ---------  --------  ----------  --------------  -------------------
/opt/airflow/dags/minio-snowflake.py                           1           0  1.33s           2026-02-03T20:15:04
================================================================================
[2026-02-03T20:16:00.735+0000] {manager.py:878} INFO - 
================================================================================
DAG File Processing Stats

File Path                             PID    Runtime      # DAGs    # Errors  Last Runtime    Last Run
------------------------------------  -----  ---------  --------  ----------  --------------  -------------------
/opt/airflow/dags/minio-snowflake.py                           1           0  1.46s           2026-02-03T20:15:35
================================================================================
[2026-02-03T20:16:30.709+0000] {manager.py:878} INFO - 
================================================================================
DAG File Processing Stats

File Path                             PID    Runtime      # DAGs    # Errors  Last Runtime    Last Run
------------------------------------  -----  ---------  --------  ----------  --------------  -------------------
/opt/airflow/dags/minio-snowflake.py                           1           0  1.63s           2026-02-03T20:16:07
================================================================================
[2026-02-03T20:17:01.359+0000] {manager.py:878} INFO - 
================================================================================
DAG File Processing Stats

File Path                             PID    Runtime      # DAGs    # Errors  Last Runtime    Last Run
------------------------------------  -----  ---------  --------  ----------  --------------  -------------------
/opt/airflow/dags/minio-snowflake.py                           1           0  1.49s           2026-02-03T20:16:39
================================================================================
[2026-02-03T20:17:31.710+0000] {manager.py:878} INFO - 
================================================================================
DAG File Processing Stats

File Path                             PID    Runtime      # DAGs    # Errors  Last Runtime    Last Run
------------------------------------  -----  ---------  --------  ----------  --------------  -------------------
/opt/airflow/dags/minio-snowflake.py                           1           0  1.52s           2026-02-03T20:17:11
================================================================================
[2026-02-03T20:17:49.908+0000] {manager.py:737} INFO - Searching for files in /opt/airflow/dags
[2026-02-03T20:17:49.992+0000] {manager.py:740} INFO - There are 1 files in /opt/airflow/dags
[2026-02-03T20:18:02.100+0000] {manager.py:878} INFO - 
================================================================================
DAG File Processing Stats

File Path                             PID    Runtime      # DAGs    # Errors  Last Runtime    Last Run
------------------------------------  -----  ---------  --------  ----------  --------------  -------------------
/opt/airflow/dags/minio-snowflake.py                           1           0  1.60s           2026-02-03T20:17:43
================================================================================
[2026-02-03T20:18:32.458+0000] {manager.py:878} INFO - 
================================================================================
DAG File Processing Stats

File Path                             PID    Runtime      # DAGs    # Errors  Last Runtime    Last Run
------------------------------------  -----  ---------  --------  ----------  --------------  -------------------
/opt/airflow/dags/minio-snowflake.py                           1           0  1.30s           2026-02-03T20:18:14
================================================================================
[2026-02-03T20:19:02.500+0000] {manager.py:878} INFO - 
================================================================================
DAG File Processing Stats

File Path                             PID    Runtime      # DAGs    # Errors  Last Runtime    Last Run
------------------------------------  -----  ---------  --------  ----------  --------------  -------------------
/opt/airflow/dags/minio-snowflake.py                           1           0  1.44s           2026-02-03T20:18:46
================================================================================
[2026-02-03T20:19:32.772+0000] {manager.py:878} INFO - 
================================================================================
DAG File Processing Stats

File Path                             PID    Runtime      # DAGs    # Errors  Last Runtime    Last Run
------------------------------------  -----  ---------  --------  ----------  --------------  -------------------
/opt/airflow/dags/minio-snowflake.py                           1           0  1.48s           2026-02-03T20:19:18
================================================================================
[2026-02-03T20:20:02.763+0000] {manager.py:878} INFO - 
================================================================================
DAG File Processing Stats

File Path                             PID    Runtime      # DAGs    # Errors  Last Runtime    Last Run
------------------------------------  -----  ---------  --------  ----------  --------------  -------------------
/opt/airflow/dags/minio-snowflake.py                           1           0  1.26s           2026-02-03T20:19:49
================================================================================
[2026-02-03T20:20:33.023+0000] {manager.py:878} INFO - 
================================================================================
DAG File Processing Stats

File Path                             PID    Runtime      # DAGs    # Errors  Last Runtime    Last Run
------------------------------------  -----  ---------  --------  ----------  --------------  -------------------
/opt/airflow/dags/minio-snowflake.py                           1           0  1.41s           2026-02-03T20:20:21
================================================================================
[2026-02-03T20:21:03.515+0000] {manager.py:878} INFO - 
================================================================================
DAG File Processing Stats

File Path                             PID    Runtime      # DAGs    # Errors  Last Runtime    Last Run
------------------------------------  -----  ---------  --------  ----------  --------------  -------------------
/opt/airflow/dags/minio-snowflake.py                           1           0  1.48s           2026-02-03T20:20:52
================================================================================
[2026-02-03T20:21:34.120+0000] {manager.py:878} INFO - 
================================================================================
DAG File Processing Stats

File Path                             PID    Runtime      # DAGs    # Errors  Last Runtime    Last Run
------------------------------------  -----  ---------  --------  ----------  --------------  -------------------
/opt/airflow/dags/minio-snowflake.py                           1           0  1.41s           2026-02-03T20:21:24
================================================================================
[2026-02-03T20:22:04.472+0000] {manager.py:878} INFO - 
================================================================================
DAG File Processing Stats

File Path                             PID    Runtime      # DAGs    # Errors  Last Runtime    Last Run
------------------------------------  -----  ---------  --------  ----------  --------------  -------------------
/opt/airflow/dags/minio-snowflake.py                           1           0  1.35s           2026-02-03T20:21:55
================================================================================
[2026-02-03T20:22:34.970+0000] {manager.py:878} INFO - 
================================================================================
DAG File Processing Stats

File Path                             PID    Runtime      # DAGs    # Errors  Last Runtime    Last Run
------------------------------------  -----  ---------  --------  ----------  --------------  -------------------
/opt/airflow/dags/minio-snowflake.py                           1           0  1.48s           2026-02-03T20:22:27
================================================================================
[2026-02-03T20:22:50.132+0000] {manager.py:737} INFO - Searching for files in /opt/airflow/dags
[2026-02-03T20:22:50.201+0000] {manager.py:740} INFO - There are 1 files in /opt/airflow/dags
[2026-02-03T20:23:04.953+0000] {manager.py:878} INFO - 
================================================================================
DAG File Processing Stats

File Path                             PID    Runtime      # DAGs    # Errors  Last Runtime    Last Run
------------------------------------  -----  ---------  --------  ----------  --------------  -------------------
/opt/airflow/dags/minio-snowflake.py                           1           0  1.39s           2026-02-03T20:22:58
================================================================================
[2026-02-03T20:23:35.213+0000] {manager.py:878} INFO - 
================================================================================
DAG File Processing Stats

File Path                             PID    Runtime      # DAGs    # Errors  Last Runtime    Last Run
------------------------------------  -----  ---------  --------  ----------  --------------  -------------------
/opt/airflow/dags/minio-snowflake.py                           1           0  1.47s           2026-02-03T20:23:30
================================================================================
[2026-02-03T20:24:05.700+0000] {manager.py:878} INFO - 
================================================================================
DAG File Processing Stats

File Path                             PID    Runtime      # DAGs    # Errors  Last Runtime    Last Run
------------------------------------  -----  ---------  --------  ----------  --------------  -------------------
/opt/airflow/dags/minio-snowflake.py                           1           0  1.36s           2026-02-03T20:24:01
================================================================================
[2026-02-03T20:24:36.096+0000] {manager.py:878} INFO - 
================================================================================
DAG File Processing Stats

File Path                             PID    Runtime      # DAGs    # Errors  Last Runtime    Last Run
------------------------------------  -----  ---------  --------  ----------  --------------  -------------------
/opt/airflow/dags/minio-snowflake.py                           1           0  1.45s           2026-02-03T20:24:33
================================================================================
[2026-02-03T20:25:06.352+0000] {manager.py:878} INFO - 
================================================================================
DAG File Processing Stats

File Path                             PID    Runtime      # DAGs    # Errors  Last Runtime    Last Run
------------------------------------  -----  ---------  --------  ----------  --------------  -------------------
/opt/airflow/dags/minio-snowflake.py                           1           0  1.68s           2026-02-03T20:25:05
================================================================================
[2026-02-03T20:25:36.691+0000] {manager.py:878} INFO - 
================================================================================
DAG File Processing Stats

File Path                               PID  Runtime      # DAGs    # Errors  Last Runtime    Last Run
------------------------------------  -----  ---------  --------  ----------  --------------  -------------------
/opt/airflow/dags/minio-snowflake.py   7454  1.02s             1           0  1.68s           2026-02-03T20:25:05
================================================================================
[2026-02-03T20:26:06.965+0000] {manager.py:878} INFO - 
================================================================================
DAG File Processing Stats

File Path                             PID    Runtime      # DAGs    # Errors  Last Runtime    Last Run
------------------------------------  -----  ---------  --------  ----------  --------------  -------------------
/opt/airflow/dags/minio-snowflake.py                           1           0  1.58s           2026-02-03T20:25:37
================================================================================
[2026-02-03T20:26:37.242+0000] {manager.py:878} INFO - 
================================================================================
DAG File Processing Stats

File Path                             PID    Runtime      # DAGs    # Errors  Last Runtime    Last Run
------------------------------------  -----  ---------  --------  ----------  --------------  -------------------
/opt/airflow/dags/minio-snowflake.py                           1           0  1.48s           2026-02-03T20:26:09
================================================================================
[2026-02-03T20:27:07.291+0000] {manager.py:878} INFO - 
================================================================================
DAG File Processing Stats

File Path                             PID    Runtime      # DAGs    # Errors  Last Runtime    Last Run
------------------------------------  -----  ---------  --------  ----------  --------------  -------------------
/opt/airflow/dags/minio-snowflake.py                           1           0  1.67s           2026-02-03T20:26:40
================================================================================
[2026-02-03T20:27:37.617+0000] {manager.py:878} INFO - 
================================================================================
DAG File Processing Stats

File Path                             PID    Runtime      # DAGs    # Errors  Last Runtime    Last Run
------------------------------------  -----  ---------  --------  ----------  --------------  -------------------
/opt/airflow/dags/minio-snowflake.py                           1           0  1.39s           2026-02-03T20:27:12
================================================================================
[2026-02-03T20:27:50.526+0000] {manager.py:737} INFO - Searching for files in /opt/airflow/dags
[2026-02-03T20:27:50.639+0000] {manager.py:740} INFO - There are 1 files in /opt/airflow/dags
[2026-02-03T20:28:07.851+0000] {manager.py:878} INFO - 
================================================================================
DAG File Processing Stats

File Path                             PID    Runtime      # DAGs    # Errors  Last Runtime    Last Run
------------------------------------  -----  ---------  --------  ----------  --------------  -------------------
/opt/airflow/dags/minio-snowflake.py                           1           0  1.49s           2026-02-03T20:27:44
================================================================================
[2026-02-03T20:28:38.617+0000] {manager.py:878} INFO - 
================================================================================
DAG File Processing Stats

File Path                             PID    Runtime      # DAGs    # Errors  Last Runtime    Last Run
------------------------------------  -----  ---------  --------  ----------  --------------  -------------------
/opt/airflow/dags/minio-snowflake.py                           1           0  1.50s           2026-02-03T20:28:16
================================================================================
[2026-02-03T20:29:08.959+0000] {manager.py:878} INFO - 
================================================================================
DAG File Processing Stats

File Path                             PID    Runtime      # DAGs    # Errors  Last Runtime    Last Run
------------------------------------  -----  ---------  --------  ----------  --------------  -------------------
/opt/airflow/dags/minio-snowflake.py                           1           0  1.43s           2026-02-03T20:28:48
================================================================================
[2026-02-03T20:29:39.228+0000] {manager.py:878} INFO - 
================================================================================
DAG File Processing Stats

File Path                             PID    Runtime      # DAGs    # Errors  Last Runtime    Last Run
------------------------------------  -----  ---------  --------  ----------  --------------  -------------------
/opt/airflow/dags/minio-snowflake.py                           1           0  1.49s           2026-02-03T20:29:20
================================================================================
[2026-02-03T20:30:09.979+0000] {manager.py:878} INFO - 
================================================================================
DAG File Processing Stats

File Path                             PID    Runtime      # DAGs    # Errors  Last Runtime    Last Run
------------------------------------  -----  ---------  --------  ----------  --------------  -------------------
/opt/airflow/dags/minio-snowflake.py                           1           0  1.44s           2026-02-03T20:29:51
================================================================================
[2026-02-03T20:30:40.267+0000] {manager.py:878} INFO - 
================================================================================
DAG File Processing Stats

File Path                             PID    Runtime      # DAGs    # Errors  Last Runtime    Last Run
------------------------------------  -----  ---------  --------  ----------  --------------  -------------------
/opt/airflow/dags/minio-snowflake.py                           1           0  1.38s           2026-02-03T20:30:23
================================================================================
[2026-02-03T20:31:10.556+0000] {manager.py:878} INFO - 
================================================================================
DAG File Processing Stats

File Path                             PID    Runtime      # DAGs    # Errors  Last Runtime    Last Run
------------------------------------  -----  ---------  --------  ----------  --------------  -------------------
/opt/airflow/dags/minio-snowflake.py                           1           0  1.66s           2026-02-03T20:30:55
================================================================================
[2026-02-03T20:31:40.982+0000] {manager.py:878} INFO - 
================================================================================
DAG File Processing Stats

File Path                             PID    Runtime      # DAGs    # Errors  Last Runtime    Last Run
------------------------------------  -----  ---------  --------  ----------  --------------  -------------------
/opt/airflow/dags/minio-snowflake.py                           1           0  1.56s           2026-02-03T20:31:27
================================================================================
[2026-02-03T20:32:11.288+0000] {manager.py:878} INFO - 
================================================================================
DAG File Processing Stats

File Path                             PID    Runtime      # DAGs    # Errors  Last Runtime    Last Run
------------------------------------  -----  ---------  --------  ----------  --------------  -------------------
/opt/airflow/dags/minio-snowflake.py                           1           0  1.64s           2026-02-03T20:31:59
================================================================================
[2026-02-03T20:32:41.413+0000] {manager.py:878} INFO - 
================================================================================
DAG File Processing Stats

File Path                             PID    Runtime      # DAGs    # Errors  Last Runtime    Last Run
------------------------------------  -----  ---------  --------  ----------  --------------  -------------------
/opt/airflow/dags/minio-snowflake.py                           1           0  1.83s           2026-02-03T20:32:31
================================================================================
[2026-02-03T20:32:50.721+0000] {manager.py:737} INFO - Searching for files in /opt/airflow/dags
[2026-02-03T20:32:50.800+0000] {manager.py:740} INFO - There are 1 files in /opt/airflow/dags
[2026-02-03T20:33:12.017+0000] {manager.py:878} INFO - 
================================================================================
DAG File Processing Stats

File Path                             PID    Runtime      # DAGs    # Errors  Last Runtime    Last Run
------------------------------------  -----  ---------  --------  ----------  --------------  -------------------
/opt/airflow/dags/minio-snowflake.py                           1           0  1.37s           2026-02-03T20:33:02
================================================================================
[2026-02-03T20:33:42.458+0000] {manager.py:878} INFO - 
================================================================================
DAG File Processing Stats

File Path                             PID    Runtime      # DAGs    # Errors  Last Runtime    Last Run
------------------------------------  -----  ---------  --------  ----------  --------------  -------------------
/opt/airflow/dags/minio-snowflake.py                           1           0  1.39s           2026-02-03T20:33:34
================================================================================
[2026-02-03T20:34:13.080+0000] {manager.py:878} INFO - 
================================================================================
DAG File Processing Stats

File Path                             PID    Runtime      # DAGs    # Errors  Last Runtime    Last Run
------------------------------------  -----  ---------  --------  ----------  --------------  -------------------
/opt/airflow/dags/minio-snowflake.py                           1           0  1.55s           2026-02-03T20:34:06
================================================================================
[2026-02-03T20:34:43.563+0000] {manager.py:878} INFO - 
================================================================================
DAG File Processing Stats

File Path                             PID    Runtime      # DAGs    # Errors  Last Runtime    Last Run
------------------------------------  -----  ---------  --------  ----------  --------------  -------------------
/opt/airflow/dags/minio-snowflake.py                           1           0  1.46s           2026-02-03T20:34:37
================================================================================
[2026-02-03T20:35:13.658+0000] {manager.py:878} INFO - 
================================================================================
DAG File Processing Stats

File Path                             PID    Runtime      # DAGs    # Errors  Last Runtime    Last Run
------------------------------------  -----  ---------  --------  ----------  --------------  -------------------
/opt/airflow/dags/minio-snowflake.py                           1           0  1.55s           2026-02-03T20:35:09
================================================================================
[2026-02-03T20:35:43.917+0000] {manager.py:878} INFO - 
================================================================================
DAG File Processing Stats

File Path                             PID    Runtime      # DAGs    # Errors  Last Runtime    Last Run
------------------------------------  -----  ---------  --------  ----------  --------------  -------------------
/opt/airflow/dags/minio-snowflake.py                           1           0  1.44s           2026-02-03T20:35:41
================================================================================
[2026-02-03T20:36:14.063+0000] {manager.py:878} INFO - 
================================================================================
DAG File Processing Stats

File Path                             PID    Runtime      # DAGs    # Errors  Last Runtime    Last Run
------------------------------------  -----  ---------  --------  ----------  --------------  -------------------
/opt/airflow/dags/minio-snowflake.py                           1           0  1.43s           2026-02-03T20:36:13
================================================================================
[2026-02-03T20:36:44.319+0000] {manager.py:878} INFO - 
================================================================================
DAG File Processing Stats

File Path                               PID  Runtime      # DAGs    # Errors  Last Runtime    Last Run
------------------------------------  -----  ---------  --------  ----------  --------------  -------------------
/opt/airflow/dags/minio-snowflake.py  16277  1.01s             1           0  1.43s           2026-02-03T20:36:13
================================================================================
[2026-02-03T20:37:15.169+0000] {manager.py:878} INFO - 
================================================================================
DAG File Processing Stats

File Path                               PID  Runtime      # DAGs    # Errors  Last Runtime    Last Run
------------------------------------  -----  ---------  --------  ----------  --------------  -------------------
/opt/airflow/dags/minio-snowflake.py  16859  0.01s             1           0  1.72s           2026-02-03T20:36:45
================================================================================
[2026-02-03T20:37:45.500+0000] {manager.py:878} INFO - 
================================================================================
DAG File Processing Stats

File Path                             PID    Runtime      # DAGs    # Errors  Last Runtime    Last Run
------------------------------------  -----  ---------  --------  ----------  --------------  -------------------
/opt/airflow/dags/minio-snowflake.py                           1           0  1.55s           2026-02-03T20:37:16
================================================================================
[2026-02-03T20:37:50.944+0000] {manager.py:737} INFO - Searching for files in /opt/airflow/dags
[2026-02-03T20:37:51.331+0000] {manager.py:740} INFO - There are 1 files in /opt/airflow/dags
[2026-02-03T20:38:15.601+0000] {manager.py:878} INFO - 
================================================================================
DAG File Processing Stats

File Path                             PID    Runtime      # DAGs    # Errors  Last Runtime    Last Run
------------------------------------  -----  ---------  --------  ----------  --------------  -------------------
/opt/airflow/dags/minio-snowflake.py                           1           0  1.47s           2026-02-03T20:37:48
================================================================================
[2026-02-03T20:38:45.912+0000] {manager.py:878} INFO - 
================================================================================
DAG File Processing Stats

File Path                             PID    Runtime      # DAGs    # Errors  Last Runtime    Last Run
------------------------------------  -----  ---------  --------  ----------  --------------  -------------------
/opt/airflow/dags/minio-snowflake.py                           1           0  1.40s           2026-02-03T20:38:20
================================================================================
[2026-02-03T20:39:16.088+0000] {manager.py:878} INFO - 
================================================================================
DAG File Processing Stats

File Path                             PID    Runtime      # DAGs    # Errors  Last Runtime    Last Run
------------------------------------  -----  ---------  --------  ----------  --------------  -------------------
/opt/airflow/dags/minio-snowflake.py                           1           0  1.41s           2026-02-03T20:38:51
================================================================================
[2026-02-03T20:39:47.013+0000] {manager.py:878} INFO - 
================================================================================
DAG File Processing Stats

File Path                             PID    Runtime      # DAGs    # Errors  Last Runtime    Last Run
------------------------------------  -----  ---------  --------  ----------  --------------  -------------------
/opt/airflow/dags/minio-snowflake.py                           1           0  1.61s           2026-02-03T20:39:23
================================================================================
[2026-02-03T20:40:17.294+0000] {manager.py:878} INFO - 
================================================================================
DAG File Processing Stats

File Path                             PID    Runtime      # DAGs    # Errors  Last Runtime    Last Run
------------------------------------  -----  ---------  --------  ----------  --------------  -------------------
/opt/airflow/dags/minio-snowflake.py                           1           0  1.48s           2026-02-03T20:39:55
================================================================================
[2026-02-03T20:40:47.619+0000] {manager.py:878} INFO - 
================================================================================
DAG File Processing Stats

File Path                             PID    Runtime      # DAGs    # Errors  Last Runtime    Last Run
------------------------------------  -----  ---------  --------  ----------  --------------  -------------------
/opt/airflow/dags/minio-snowflake.py                           1           0  1.56s           2026-02-03T20:40:27
================================================================================
[2026-02-03T20:41:17.996+0000] {manager.py:878} INFO - 
================================================================================
DAG File Processing Stats

File Path                             PID    Runtime      # DAGs    # Errors  Last Runtime    Last Run
------------------------------------  -----  ---------  --------  ----------  --------------  -------------------
/opt/airflow/dags/minio-snowflake.py                           1           0  1.42s           2026-02-03T20:40:59
================================================================================
[2026-02-03T20:41:48.099+0000] {manager.py:878} INFO - 
================================================================================
DAG File Processing Stats

File Path                             PID    Runtime      # DAGs    # Errors  Last Runtime    Last Run
------------------------------------  -----  ---------  --------  ----------  --------------  -------------------
/opt/airflow/dags/minio-snowflake.py                           1           0  1.43s           2026-02-03T20:41:30
================================================================================
[2026-02-03T20:42:18.366+0000] {manager.py:878} INFO - 
================================================================================
DAG File Processing Stats

File Path                             PID    Runtime      # DAGs    # Errors  Last Runtime    Last Run
------------------------------------  -----  ---------  --------  ----------  --------------  -------------------
/opt/airflow/dags/minio-snowflake.py                           1           0  1.34s           2026-02-03T20:42:02
================================================================================
[2026-02-03T20:42:48.355+0000] {manager.py:878} INFO - 
================================================================================
DAG File Processing Stats

File Path                             PID    Runtime      # DAGs    # Errors  Last Runtime    Last Run
------------------------------------  -----  ---------  --------  ----------  --------------  -------------------
/opt/airflow/dags/minio-snowflake.py                           1           0  1.43s           2026-02-03T20:42:34
================================================================================
[2026-02-03T20:42:51.335+0000] {manager.py:737} INFO - Searching for files in /opt/airflow/dags
[2026-02-03T20:42:51.453+0000] {manager.py:740} INFO - There are 1 files in /opt/airflow/dags
[2026-02-03T20:43:19.140+0000] {manager.py:878} INFO - 
================================================================================
DAG File Processing Stats

File Path                             PID    Runtime      # DAGs    # Errors  Last Runtime    Last Run
------------------------------------  -----  ---------  --------  ----------  --------------  -------------------
/opt/airflow/dags/minio-snowflake.py                           1           0  1.44s           2026-02-03T20:43:06
================================================================================
[2026-02-03T20:43:49.436+0000] {manager.py:878} INFO - 
================================================================================
DAG File Processing Stats

File Path                             PID    Runtime      # DAGs    # Errors  Last Runtime    Last Run
------------------------------------  -----  ---------  --------  ----------  --------------  -------------------
/opt/airflow/dags/minio-snowflake.py                           1           0  1.47s           2026-02-03T20:43:37
================================================================================
[2026-02-03T20:44:19.706+0000] {manager.py:878} INFO - 
================================================================================
DAG File Processing Stats

File Path                             PID    Runtime      # DAGs    # Errors  Last Runtime    Last Run
------------------------------------  -----  ---------  --------  ----------  --------------  -------------------
/opt/airflow/dags/minio-snowflake.py                           1           0  1.54s           2026-02-03T20:44:09
================================================================================
[2026-02-03T20:44:49.954+0000] {manager.py:878} INFO - 
================================================================================
DAG File Processing Stats

File Path                             PID    Runtime      # DAGs    # Errors  Last Runtime    Last Run
------------------------------------  -----  ---------  --------  ----------  --------------  -------------------
/opt/airflow/dags/minio-snowflake.py                           1           0  1.41s           2026-02-03T20:44:41
================================================================================
[2026-02-03T20:45:19.973+0000] {manager.py:878} INFO - 
================================================================================
DAG File Processing Stats

File Path                             PID    Runtime      # DAGs    # Errors  Last Runtime    Last Run
------------------------------------  -----  ---------  --------  ----------  --------------  -------------------
/opt/airflow/dags/minio-snowflake.py                           1           0  1.36s           2026-02-03T20:45:12
================================================================================
[2026-02-03T20:45:50.223+0000] {manager.py:878} INFO - 
================================================================================
DAG File Processing Stats

File Path                             PID    Runtime      # DAGs    # Errors  Last Runtime    Last Run
------------------------------------  -----  ---------  --------  ----------  --------------  -------------------
/opt/airflow/dags/minio-snowflake.py                           1           0  1.44s           2026-02-03T20:45:44
================================================================================
[2026-02-03T20:46:20.486+0000] {manager.py:878} INFO - 
================================================================================
DAG File Processing Stats

File Path                             PID    Runtime      # DAGs    # Errors  Last Runtime    Last Run
------------------------------------  -----  ---------  --------  ----------  --------------  -------------------
/opt/airflow/dags/minio-snowflake.py                           1           0  1.53s           2026-02-03T20:46:16
================================================================================
[2026-02-03T20:46:50.836+0000] {manager.py:878} INFO - 
================================================================================
DAG File Processing Stats

File Path                             PID    Runtime      # DAGs    # Errors  Last Runtime    Last Run
------------------------------------  -----  ---------  --------  ----------  --------------  -------------------
/opt/airflow/dags/minio-snowflake.py                           1           0  1.39s           2026-02-03T20:46:48
================================================================================
[2026-02-03T20:47:20.844+0000] {manager.py:878} INFO - 
================================================================================
DAG File Processing Stats

File Path                             PID    Runtime      # DAGs    # Errors  Last Runtime    Last Run
------------------------------------  -----  ---------  --------  ----------  --------------  -------------------
/opt/airflow/dags/minio-snowflake.py                           1           0  1.38s           2026-02-03T20:47:19
================================================================================
[2026-02-03T20:47:51.126+0000] {manager.py:878} INFO - 
================================================================================
DAG File Processing Stats

File Path                               PID  Runtime      # DAGs    # Errors  Last Runtime    Last Run
------------------------------------  -----  ---------  --------  ----------  --------------  -------------------
/opt/airflow/dags/minio-snowflake.py  25069  1.02s             1           0  1.38s           2026-02-03T20:47:19
================================================================================
[2026-02-03T20:47:51.502+0000] {manager.py:737} INFO - Searching for files in /opt/airflow/dags
[2026-02-03T20:47:51.544+0000] {manager.py:740} INFO - There are 1 files in /opt/airflow/dags
[2026-02-03T20:48:21.356+0000] {manager.py:878} INFO - 
================================================================================
DAG File Processing Stats

File Path                             PID    Runtime      # DAGs    # Errors  Last Runtime    Last Run
------------------------------------  -----  ---------  --------  ----------  --------------  -------------------
/opt/airflow/dags/minio-snowflake.py                           1           0  1.39s           2026-02-03T20:47:51
================================================================================
[2026-02-03T20:48:51.442+0000] {manager.py:878} INFO - 
================================================================================
DAG File Processing Stats

File Path                             PID    Runtime      # DAGs    # Errors  Last Runtime    Last Run
------------------------------------  -----  ---------  --------  ----------  --------------  -------------------
/opt/airflow/dags/minio-snowflake.py                           1           0  1.39s           2026-02-03T20:48:23
================================================================================
[2026-02-03T20:49:21.710+0000] {manager.py:878} INFO - 
================================================================================
DAG File Processing Stats

File Path                             PID    Runtime      # DAGs    # Errors  Last Runtime    Last Run
------------------------------------  -----  ---------  --------  ----------  --------------  -------------------
/opt/airflow/dags/minio-snowflake.py                           1           0  1.45s           2026-02-03T20:48:54
================================================================================
[2026-02-03T20:49:51.873+0000] {manager.py:878} INFO - 
================================================================================
DAG File Processing Stats

File Path                             PID    Runtime      # DAGs    # Errors  Last Runtime    Last Run
------------------------------------  -----  ---------  --------  ----------  --------------  -------------------
/opt/airflow/dags/minio-snowflake.py                           1           0  1.44s           2026-02-03T20:49:26
================================================================================
[2026-02-03T20:50:22.163+0000] {manager.py:878} INFO - 
================================================================================
DAG File Processing Stats

File Path                             PID    Runtime      # DAGs    # Errors  Last Runtime    Last Run
------------------------------------  -----  ---------  --------  ----------  --------------  -------------------
/opt/airflow/dags/minio-snowflake.py                           1           0  1.25s           2026-02-03T20:49:58
================================================================================
[2026-02-03T20:50:52.676+0000] {manager.py:878} INFO - 
================================================================================
DAG File Processing Stats

File Path                             PID    Runtime      # DAGs    # Errors  Last Runtime    Last Run
------------------------------------  -----  ---------  --------  ----------  --------------  -------------------
/opt/airflow/dags/minio-snowflake.py                           1           0  1.42s           2026-02-03T20:50:29
================================================================================
[2026-02-03T20:51:23.140+0000] {manager.py:878} INFO - 
================================================================================
DAG File Processing Stats

File Path                             PID    Runtime      # DAGs    # Errors  Last Runtime    Last Run
------------------------------------  -----  ---------  --------  ----------  --------------  -------------------
/opt/airflow/dags/minio-snowflake.py                           1           0  1.33s           2026-02-03T20:51:01
================================================================================
[2026-02-03T20:51:53.554+0000] {manager.py:878} INFO - 
================================================================================
DAG File Processing Stats

File Path                             PID    Runtime      # DAGs    # Errors  Last Runtime    Last Run
------------------------------------  -----  ---------  --------  ----------  --------------  -------------------
/opt/airflow/dags/minio-snowflake.py                           1           0  1.54s           2026-02-03T20:51:32
================================================================================
[2026-02-03T20:52:23.732+0000] {manager.py:878} INFO - 
================================================================================
DAG File Processing Stats

File Path                             PID    Runtime      # DAGs    # Errors  Last Runtime    Last Run
------------------------------------  -----  ---------  --------  ----------  --------------  -------------------
/opt/airflow/dags/minio-snowflake.py                           1           0  1.53s           2026-02-03T20:52:04
================================================================================
[2026-02-03T20:52:51.978+0000] {manager.py:737} INFO - Searching for files in /opt/airflow/dags
[2026-02-03T20:52:52.063+0000] {manager.py:740} INFO - There are 1 files in /opt/airflow/dags
[2026-02-03T20:52:54.118+0000] {manager.py:878} INFO - 
================================================================================
DAG File Processing Stats

File Path                             PID    Runtime      # DAGs    # Errors  Last Runtime    Last Run
------------------------------------  -----  ---------  --------  ----------  --------------  -------------------
/opt/airflow/dags/minio-snowflake.py                           1           0  1.51s           2026-02-03T20:52:36
================================================================================
[2026-02-03T20:53:24.390+0000] {manager.py:878} INFO - 
================================================================================
DAG File Processing Stats

File Path                             PID    Runtime      # DAGs    # Errors  Last Runtime    Last Run
------------------------------------  -----  ---------  --------  ----------  --------------  -------------------
/opt/airflow/dags/minio-snowflake.py                           1           0  1.59s           2026-02-03T20:53:08
================================================================================
[2026-02-03T20:53:54.707+0000] {manager.py:878} INFO - 
================================================================================
DAG File Processing Stats

File Path                             PID    Runtime      # DAGs    # Errors  Last Runtime    Last Run
------------------------------------  -----  ---------  --------  ----------  --------------  -------------------
/opt/airflow/dags/minio-snowflake.py                           1           0  1.51s           2026-02-03T20:53:40
================================================================================
[2026-02-03T20:54:24.999+0000] {manager.py:878} INFO - 
================================================================================
DAG File Processing Stats

File Path                             PID    Runtime      # DAGs    # Errors  Last Runtime    Last Run
------------------------------------  -----  ---------  --------  ----------  --------------  -------------------
/opt/airflow/dags/minio-snowflake.py                           1           0  1.45s           2026-02-03T20:54:11
================================================================================
[2026-02-03T20:54:55.741+0000] {manager.py:878} INFO - 
================================================================================
DAG File Processing Stats

File Path                             PID    Runtime      # DAGs    # Errors  Last Runtime    Last Run
------------------------------------  -----  ---------  --------  ----------  --------------  -------------------
/opt/airflow/dags/minio-snowflake.py                           1           0  1.50s           2026-02-03T20:54:43
================================================================================
[2026-02-03T20:55:26.108+0000] {manager.py:878} INFO - 
================================================================================
DAG File Processing Stats

File Path                             PID    Runtime      # DAGs    # Errors  Last Runtime    Last Run
------------------------------------  -----  ---------  --------  ----------  --------------  -------------------
/opt/airflow/dags/minio-snowflake.py                           1           0  1.46s           2026-02-03T20:55:15
================================================================================
[2026-02-03T20:55:56.191+0000] {manager.py:878} INFO - 
================================================================================
DAG File Processing Stats

File Path                             PID    Runtime      # DAGs    # Errors  Last Runtime    Last Run
------------------------------------  -----  ---------  --------  ----------  --------------  -------------------
/opt/airflow/dags/minio-snowflake.py                           1           0  1.38s           2026-02-03T20:55:47
================================================================================
[2026-02-03T20:56:26.436+0000] {manager.py:878} INFO - 
================================================================================
DAG File Processing Stats

File Path                             PID    Runtime      # DAGs    # Errors  Last Runtime    Last Run
------------------------------------  -----  ---------  --------  ----------  --------------  -------------------
/opt/airflow/dags/minio-snowflake.py                           1           0  1.53s           2026-02-03T20:56:18
================================================================================
[2026-02-03T20:56:56.601+0000] {manager.py:878} INFO - 
================================================================================
DAG File Processing Stats

File Path                             PID    Runtime      # DAGs    # Errors  Last Runtime    Last Run
------------------------------------  -----  ---------  --------  ----------  --------------  -------------------
/opt/airflow/dags/minio-snowflake.py                           1           0  1.40s           2026-02-03T20:56:50
================================================================================
[2026-02-03T20:57:26.849+0000] {manager.py:878} INFO - 
================================================================================
DAG File Processing Stats

File Path                             PID    Runtime      # DAGs    # Errors  Last Runtime    Last Run
------------------------------------  -----  ---------  --------  ----------  --------------  -------------------
/opt/airflow/dags/minio-snowflake.py                           1           0  1.49s           2026-02-03T20:57:22
================================================================================
[2026-02-03T20:57:52.044+0000] {manager.py:737} INFO - Searching for files in /opt/airflow/dags
[2026-02-03T20:57:52.112+0000] {manager.py:740} INFO - There are 1 files in /opt/airflow/dags
[2026-02-03T20:57:57.594+0000] {manager.py:878} INFO - 
================================================================================
DAG File Processing Stats

File Path                             PID    Runtime      # DAGs    # Errors  Last Runtime    Last Run
------------------------------------  -----  ---------  --------  ----------  --------------  -------------------
/opt/airflow/dags/minio-snowflake.py                           1           0  1.11s           2026-02-03T20:57:53
================================================================================
[2026-02-03T20:58:28.017+0000] {manager.py:878} INFO - 
================================================================================
DAG File Processing Stats

File Path                             PID    Runtime      # DAGs    # Errors  Last Runtime    Last Run
------------------------------------  -----  ---------  --------  ----------  --------------  -------------------
/opt/airflow/dags/minio-snowflake.py                           1           0  1.44s           2026-02-03T20:58:25
================================================================================
[2026-02-03T20:58:58.129+0000] {manager.py:878} INFO - 
================================================================================
DAG File Processing Stats

File Path                             PID    Runtime      # DAGs    # Errors  Last Runtime    Last Run
------------------------------------  -----  ---------  --------  ----------  --------------  -------------------
/opt/airflow/dags/minio-snowflake.py                           1           0  1.40s           2026-02-03T20:58:57
================================================================================
[2026-02-03T20:59:28.398+0000] {manager.py:878} INFO - 
================================================================================
DAG File Processing Stats

File Path                               PID  Runtime      # DAGs    # Errors  Last Runtime    Last Run
------------------------------------  -----  ---------  --------  ----------  --------------  -------------------
/opt/airflow/dags/minio-snowflake.py  34444  1.01s             1           0  1.40s           2026-02-03T20:58:57
================================================================================
[2026-02-03T20:59:59.256+0000] {manager.py:878} INFO - 
================================================================================
DAG File Processing Stats

File Path                               PID  Runtime      # DAGs    # Errors  Last Runtime    Last Run
------------------------------------  -----  ---------  --------  ----------  --------------  -------------------
/opt/airflow/dags/minio-snowflake.py  34638  0.01s             1           0  1.63s           2026-02-03T20:59:29
================================================================================
[2026-02-03T21:00:29.687+0000] {manager.py:878} INFO - 
================================================================================
DAG File Processing Stats

File Path                             PID    Runtime      # DAGs    # Errors  Last Runtime    Last Run
------------------------------------  -----  ---------  --------  ----------  --------------  -------------------
/opt/airflow/dags/minio-snowflake.py                           1           0  1.73s           2026-02-03T21:00:00
================================================================================
[2026-02-03T21:00:59.807+0000] {manager.py:878} INFO - 
================================================================================
DAG File Processing Stats

File Path                             PID    Runtime      # DAGs    # Errors  Last Runtime    Last Run
------------------------------------  -----  ---------  --------  ----------  --------------  -------------------
/opt/airflow/dags/minio-snowflake.py                           1           0  1.28s           2026-02-03T21:00:32
================================================================================
[2026-02-03T21:01:29.884+0000] {manager.py:878} INFO - 
================================================================================
DAG File Processing Stats

File Path                             PID    Runtime      # DAGs    # Errors  Last Runtime    Last Run
------------------------------------  -----  ---------  --------  ----------  --------------  -------------------
/opt/airflow/dags/minio-snowflake.py                           1           0  1.26s           2026-02-03T21:01:03
================================================================================
[2026-02-03T21:02:00.158+0000] {manager.py:878} INFO - 
================================================================================
DAG File Processing Stats

File Path                             PID    Runtime      # DAGs    # Errors  Last Runtime    Last Run
------------------------------------  -----  ---------  --------  ----------  --------------  -------------------
/opt/airflow/dags/minio-snowflake.py                           1           0  1.02s           2026-02-03T21:01:34
================================================================================
[2026-02-03T21:02:30.312+0000] {manager.py:878} INFO - 
================================================================================
DAG File Processing Stats

File Path                             PID    Runtime      # DAGs    # Errors  Last Runtime    Last Run
------------------------------------  -----  ---------  --------  ----------  --------------  -------------------
/opt/airflow/dags/minio-snowflake.py                           1           0  0.90s           2026-02-03T21:02:06
================================================================================
[2026-02-03T21:02:52.456+0000] {manager.py:737} INFO - Searching for files in /opt/airflow/dags
[2026-02-03T21:02:52.554+0000] {manager.py:740} INFO - There are 1 files in /opt/airflow/dags
[2026-02-03T21:03:00.680+0000] {manager.py:878} INFO - 
================================================================================
DAG File Processing Stats

File Path                             PID    Runtime      # DAGs    # Errors  Last Runtime    Last Run
------------------------------------  -----  ---------  --------  ----------  --------------  -------------------
/opt/airflow/dags/minio-snowflake.py                           1           0  0.95s           2026-02-03T21:02:37
================================================================================
[2026-02-03T21:03:30.922+0000] {manager.py:878} INFO - 
================================================================================
DAG File Processing Stats

File Path                             PID    Runtime      # DAGs    # Errors  Last Runtime    Last Run
------------------------------------  -----  ---------  --------  ----------  --------------  -------------------
/opt/airflow/dags/minio-snowflake.py                           1           0  0.93s           2026-02-03T21:03:08
================================================================================
[2026-02-03T21:04:01.275+0000] {manager.py:878} INFO - 
================================================================================
DAG File Processing Stats

File Path                             PID    Runtime      # DAGs    # Errors  Last Runtime    Last Run
------------------------------------  -----  ---------  --------  ----------  --------------  -------------------
/opt/airflow/dags/minio-snowflake.py                           1           0  1.17s           2026-02-03T21:03:40
================================================================================
[2026-02-03T21:04:31.387+0000] {manager.py:878} INFO - 
================================================================================
DAG File Processing Stats

File Path                             PID    Runtime      # DAGs    # Errors  Last Runtime    Last Run
------------------------------------  -----  ---------  --------  ----------  --------------  -------------------
/opt/airflow/dags/minio-snowflake.py                           1           0  0.88s           2026-02-03T21:04:11
================================================================================
[2026-02-03T21:05:01.865+0000] {manager.py:878} INFO - 
================================================================================
DAG File Processing Stats

File Path                             PID    Runtime      # DAGs    # Errors  Last Runtime    Last Run
------------------------------------  -----  ---------  --------  ----------  --------------  -------------------
/opt/airflow/dags/minio-snowflake.py                           1           0  1.23s           2026-02-03T21:04:42
================================================================================
[2026-02-03T21:05:32.094+0000] {manager.py:878} INFO - 
================================================================================
DAG File Processing Stats

File Path                             PID    Runtime      # DAGs    # Errors  Last Runtime    Last Run
------------------------------------  -----  ---------  --------  ----------  --------------  -------------------
/opt/airflow/dags/minio-snowflake.py                           1           0  0.94s           2026-02-03T21:05:13
================================================================================
[2026-02-03T21:06:02.217+0000] {manager.py:878} INFO - 
================================================================================
DAG File Processing Stats

File Path                             PID    Runtime      # DAGs    # Errors  Last Runtime    Last Run
------------------------------------  -----  ---------  --------  ----------  --------------  -------------------
/opt/airflow/dags/minio-snowflake.py                           1           0  0.89s           2026-02-03T21:05:45
================================================================================
[2026-02-03T21:06:32.567+0000] {manager.py:878} INFO - 
================================================================================
DAG File Processing Stats

File Path                             PID    Runtime      # DAGs    # Errors  Last Runtime    Last Run
------------------------------------  -----  ---------  --------  ----------  --------------  -------------------
/opt/airflow/dags/minio-snowflake.py                           1           0  1.14s           2026-02-03T21:06:16
================================================================================
[2026-02-03T21:07:02.937+0000] {manager.py:878} INFO - 
================================================================================
DAG File Processing Stats

File Path                             PID    Runtime      # DAGs    # Errors  Last Runtime    Last Run
------------------------------------  -----  ---------  --------  ----------  --------------  -------------------
/opt/airflow/dags/minio-snowflake.py                           1           0  1.19s           2026-02-03T21:06:47
================================================================================
[2026-02-03T21:07:33.267+0000] {manager.py:878} INFO - 
================================================================================
DAG File Processing Stats

File Path                             PID    Runtime      # DAGs    # Errors  Last Runtime    Last Run
------------------------------------  -----  ---------  --------  ----------  --------------  -------------------
/opt/airflow/dags/minio-snowflake.py                           1           0  1.12s           2026-02-03T21:07:19
================================================================================
[2026-02-03T21:07:52.564+0000] {manager.py:737} INFO - Searching for files in /opt/airflow/dags
[2026-02-03T21:07:52.686+0000] {manager.py:740} INFO - There are 1 files in /opt/airflow/dags
[2026-02-03T21:08:03.592+0000] {manager.py:878} INFO - 
================================================================================
DAG File Processing Stats

File Path                             PID    Runtime      # DAGs    # Errors  Last Runtime    Last Run
------------------------------------  -----  ---------  --------  ----------  --------------  -------------------
/opt/airflow/dags/minio-snowflake.py                           1           0  1.16s           2026-02-03T21:07:50
================================================================================
[2026-02-03T21:08:33.890+0000] {manager.py:878} INFO - 
================================================================================
DAG File Processing Stats

File Path                             PID    Runtime      # DAGs    # Errors  Last Runtime    Last Run
------------------------------------  -----  ---------  --------  ----------  --------------  -------------------
/opt/airflow/dags/minio-snowflake.py                           1           0  1.16s           2026-02-03T21:08:21
================================================================================
[2026-02-03T21:09:04.279+0000] {manager.py:878} INFO - 
================================================================================
DAG File Processing Stats

File Path                             PID    Runtime      # DAGs    # Errors  Last Runtime    Last Run
------------------------------------  -----  ---------  --------  ----------  --------------  -------------------
/opt/airflow/dags/minio-snowflake.py                           1           0  1.17s           2026-02-03T21:08:53
================================================================================
[2026-02-03T21:09:34.562+0000] {manager.py:878} INFO - 
================================================================================
DAG File Processing Stats

File Path                             PID    Runtime      # DAGs    # Errors  Last Runtime    Last Run
------------------------------------  -----  ---------  --------  ----------  --------------  -------------------
/opt/airflow/dags/minio-snowflake.py                           1           0  1.15s           2026-02-03T21:09:24
================================================================================
[2026-02-03T21:10:04.903+0000] {manager.py:878} INFO - 
================================================================================
DAG File Processing Stats

File Path                             PID    Runtime      # DAGs    # Errors  Last Runtime    Last Run
------------------------------------  -----  ---------  --------  ----------  --------------  -------------------
/opt/airflow/dags/minio-snowflake.py                           1           0  1.15s           2026-02-03T21:09:55
================================================================================
[2026-02-03T21:10:35.212+0000] {manager.py:878} INFO - 
================================================================================
DAG File Processing Stats

File Path                             PID    Runtime      # DAGs    # Errors  Last Runtime    Last Run
------------------------------------  -----  ---------  --------  ----------  --------------  -------------------
/opt/airflow/dags/minio-snowflake.py                           1           0  1.16s           2026-02-03T21:10:27
================================================================================
[2026-02-03T21:11:05.412+0000] {manager.py:878} INFO - 
================================================================================
DAG File Processing Stats

File Path                             PID    Runtime      # DAGs    # Errors  Last Runtime    Last Run
------------------------------------  -----  ---------  --------  ----------  --------------  -------------------
/opt/airflow/dags/minio-snowflake.py                           1           0  0.94s           2026-02-03T21:10:58
================================================================================
[2026-02-03T21:11:35.588+0000] {manager.py:878} INFO - 
================================================================================
DAG File Processing Stats

File Path                             PID    Runtime      # DAGs    # Errors  Last Runtime    Last Run
------------------------------------  -----  ---------  --------  ----------  --------------  -------------------
/opt/airflow/dags/minio-snowflake.py                           1           0  0.95s           2026-02-03T21:11:29
================================================================================
[2026-02-03T21:12:05.788+0000] {manager.py:878} INFO - 
================================================================================
DAG File Processing Stats

File Path                             PID    Runtime      # DAGs    # Errors  Last Runtime    Last Run
------------------------------------  -----  ---------  --------  ----------  --------------  -------------------
/opt/airflow/dags/minio-snowflake.py                           1           0  0.95s           2026-02-03T21:12:00
================================================================================
[2026-02-03T21:12:36.089+0000] {manager.py:878} INFO - 
================================================================================
DAG File Processing Stats

File Path                             PID    Runtime      # DAGs    # Errors  Last Runtime    Last Run
------------------------------------  -----  ---------  --------  ----------  --------------  -------------------
/opt/airflow/dags/minio-snowflake.py                           1           0  1.06s           2026-02-03T21:12:32
================================================================================
[2026-02-03T21:12:53.190+0000] {manager.py:737} INFO - Searching for files in /opt/airflow/dags
[2026-02-03T21:12:53.252+0000] {manager.py:740} INFO - There are 1 files in /opt/airflow/dags
[2026-02-03T21:13:06.438+0000] {manager.py:878} INFO - 
================================================================================
DAG File Processing Stats

File Path                             PID    Runtime      # DAGs    # Errors  Last Runtime    Last Run
------------------------------------  -----  ---------  --------  ----------  --------------  -------------------
/opt/airflow/dags/minio-snowflake.py                           1           0  1.04s           2026-02-03T21:13:03
================================================================================
[2026-02-03T21:13:36.590+0000] {manager.py:878} INFO - 
================================================================================
DAG File Processing Stats

File Path                             PID    Runtime      # DAGs    # Errors  Last Runtime    Last Run
------------------------------------  -----  ---------  --------  ----------  --------------  -------------------
/opt/airflow/dags/minio-snowflake.py                           1           0  0.94s           2026-02-03T21:13:34
================================================================================
[2026-02-03T21:14:06.752+0000] {manager.py:878} INFO - 
================================================================================
DAG File Processing Stats

File Path                             PID    Runtime      # DAGs    # Errors  Last Runtime    Last Run
------------------------------------  -----  ---------  --------  ----------  --------------  -------------------
/opt/airflow/dags/minio-snowflake.py                           1           0  0.88s           2026-02-03T21:14:05
================================================================================
[2026-02-03T21:14:36.931+0000] {manager.py:878} INFO - 
================================================================================
DAG File Processing Stats

File Path                             PID    Runtime      # DAGs    # Errors  Last Runtime    Last Run
------------------------------------  -----  ---------  --------  ----------  --------------  -------------------
/opt/airflow/dags/minio-snowflake.py                           1           0  0.90s           2026-02-03T21:14:36
================================================================================
[2026-02-03T21:15:07.215+0000] {manager.py:878} INFO - 
================================================================================
DAG File Processing Stats

File Path                               PID  Runtime      # DAGs    # Errors  Last Runtime    Last Run
------------------------------------  -----  ---------  --------  ----------  --------------  -------------------
/opt/airflow/dags/minio-snowflake.py  47085  0.01s             1           0  0.90s           2026-02-03T21:14:36
================================================================================
[2026-02-03T21:15:37.371+0000] {manager.py:878} INFO - 
================================================================================
DAG File Processing Stats

File Path                             PID    Runtime      # DAGs    # Errors  Last Runtime    Last Run
------------------------------------  -----  ---------  --------  ----------  --------------  -------------------
/opt/airflow/dags/minio-snowflake.py                           1           0  0.92s           2026-02-03T21:15:08
================================================================================
[2026-02-03T21:16:07.565+0000] {manager.py:878} INFO - 
================================================================================
DAG File Processing Stats

File Path                             PID    Runtime      # DAGs    # Errors  Last Runtime    Last Run
------------------------------------  -----  ---------  --------  ----------  --------------  -------------------
/opt/airflow/dags/minio-snowflake.py                           1           0  0.92s           2026-02-03T21:15:39
================================================================================
[2026-02-03T21:16:37.704+0000] {manager.py:878} INFO - 
================================================================================
DAG File Processing Stats

File Path                             PID    Runtime      # DAGs    # Errors  Last Runtime    Last Run
------------------------------------  -----  ---------  --------  ----------  --------------  -------------------
/opt/airflow/dags/minio-snowflake.py                           1           0  0.87s           2026-02-03T21:16:10
================================================================================
[2026-02-03T21:17:07.868+0000] {manager.py:878} INFO - 
================================================================================
DAG File Processing Stats

File Path                             PID    Runtime      # DAGs    # Errors  Last Runtime    Last Run
------------------------------------  -----  ---------  --------  ----------  --------------  -------------------
/opt/airflow/dags/minio-snowflake.py                           1           0  0.89s           2026-02-03T21:16:41
================================================================================
[2026-02-03T21:17:38.018+0000] {manager.py:878} INFO - 
================================================================================
DAG File Processing Stats

File Path                             PID    Runtime      # DAGs    # Errors  Last Runtime    Last Run
------------------------------------  -----  ---------  --------  ----------  --------------  -------------------
/opt/airflow/dags/minio-snowflake.py                           1           0  0.91s           2026-02-03T21:17:12
================================================================================
[2026-02-03T21:17:53.456+0000] {manager.py:737} INFO - Searching for files in /opt/airflow/dags
[2026-02-03T21:17:53.525+0000] {manager.py:740} INFO - There are 1 files in /opt/airflow/dags
[2026-02-03T21:18:08.190+0000] {manager.py:878} INFO - 
================================================================================
DAG File Processing Stats

File Path                             PID    Runtime      # DAGs    # Errors  Last Runtime    Last Run
------------------------------------  -----  ---------  --------  ----------  --------------  -------------------
/opt/airflow/dags/minio-snowflake.py                           1           0  0.91s           2026-02-03T21:17:44
================================================================================
[2026-02-03T21:18:38.409+0000] {manager.py:878} INFO - 
================================================================================
DAG File Processing Stats

File Path                             PID    Runtime      # DAGs    # Errors  Last Runtime    Last Run
------------------------------------  -----  ---------  --------  ----------  --------------  -------------------
/opt/airflow/dags/minio-snowflake.py                           1           0  0.99s           2026-02-03T21:18:15
================================================================================
[2026-02-03T21:19:08.637+0000] {manager.py:878} INFO - 
================================================================================
DAG File Processing Stats

File Path                             PID    Runtime      # DAGs    # Errors  Last Runtime    Last Run
------------------------------------  -----  ---------  --------  ----------  --------------  -------------------
/opt/airflow/dags/minio-snowflake.py                           1           0  0.97s           2026-02-03T21:18:46
================================================================================
[2026-02-03T21:19:38.896+0000] {manager.py:878} INFO - 
================================================================================
DAG File Processing Stats

File Path                             PID    Runtime      # DAGs    # Errors  Last Runtime    Last Run
------------------------------------  -----  ---------  --------  ----------  --------------  -------------------
/opt/airflow/dags/minio-snowflake.py                           1           0  0.99s           2026-02-03T21:19:17
================================================================================
[2026-02-03T21:20:08.972+0000] {manager.py:878} INFO - 
================================================================================
DAG File Processing Stats

File Path                             PID    Runtime      # DAGs    # Errors  Last Runtime    Last Run
------------------------------------  -----  ---------  --------  ----------  --------------  -------------------
/opt/airflow/dags/minio-snowflake.py                           1           0  0.83s           2026-02-03T21:19:48
================================================================================
[2026-02-03T21:20:39.155+0000] {manager.py:878} INFO - 
================================================================================
DAG File Processing Stats

File Path                             PID    Runtime      # DAGs    # Errors  Last Runtime    Last Run
------------------------------------  -----  ---------  --------  ----------  --------------  -------------------
/opt/airflow/dags/minio-snowflake.py                           1           0  0.96s           2026-02-03T21:20:19
================================================================================
[2026-02-03T21:21:09.416+0000] {manager.py:878} INFO - 
================================================================================
DAG File Processing Stats

File Path                             PID    Runtime      # DAGs    # Errors  Last Runtime    Last Run
------------------------------------  -----  ---------  --------  ----------  --------------  -------------------
/opt/airflow/dags/minio-snowflake.py                           1           0  1.02s           2026-02-03T21:20:51
================================================================================
[2026-02-03T21:21:39.629+0000] {manager.py:878} INFO - 
================================================================================
DAG File Processing Stats

File Path                             PID    Runtime      # DAGs    # Errors  Last Runtime    Last Run
------------------------------------  -----  ---------  --------  ----------  --------------  -------------------
/opt/airflow/dags/minio-snowflake.py                           1           0  0.93s           2026-02-03T21:21:22
================================================================================
[2026-02-03T21:22:09.816+0000] {manager.py:878} INFO - 
================================================================================
DAG File Processing Stats

File Path                             PID    Runtime      # DAGs    # Errors  Last Runtime    Last Run
------------------------------------  -----  ---------  --------  ----------  --------------  -------------------
/opt/airflow/dags/minio-snowflake.py                           1           0  0.91s           2026-02-03T21:21:53
================================================================================
[2026-02-03T21:22:40.026+0000] {manager.py:878} INFO - 
================================================================================
DAG File Processing Stats

File Path                             PID    Runtime      # DAGs    # Errors  Last Runtime    Last Run
------------------------------------  -----  ---------  --------  ----------  --------------  -------------------
/opt/airflow/dags/minio-snowflake.py                           1           0  0.95s           2026-02-03T21:22:24
================================================================================
[2026-02-03T21:22:54.112+0000] {manager.py:737} INFO - Searching for files in /opt/airflow/dags
[2026-02-03T21:22:54.191+0000] {manager.py:740} INFO - There are 1 files in /opt/airflow/dags
[2026-02-03T21:23:10.356+0000] {manager.py:878} INFO - 
================================================================================
DAG File Processing Stats

File Path                             PID    Runtime      # DAGs    # Errors  Last Runtime    Last Run
------------------------------------  -----  ---------  --------  ----------  --------------  -------------------
/opt/airflow/dags/minio-snowflake.py                           1           0  0.96s           2026-02-03T21:22:56
================================================================================
[2026-02-03T21:23:40.584+0000] {manager.py:878} INFO - 
================================================================================
DAG File Processing Stats

File Path                             PID    Runtime      # DAGs    # Errors  Last Runtime    Last Run
------------------------------------  -----  ---------  --------  ----------  --------------  -------------------
/opt/airflow/dags/minio-snowflake.py                           1           0  0.94s           2026-02-03T21:23:27
================================================================================
[2026-02-03T21:24:10.785+0000] {manager.py:878} INFO - 
================================================================================
DAG File Processing Stats

File Path                             PID    Runtime      # DAGs    # Errors  Last Runtime    Last Run
------------------------------------  -----  ---------  --------  ----------  --------------  -------------------
/opt/airflow/dags/minio-snowflake.py                           1           0  0.94s           2026-02-03T21:23:58
================================================================================
[2026-02-03T21:24:40.984+0000] {manager.py:878} INFO - 
================================================================================
DAG File Processing Stats

File Path                             PID    Runtime      # DAGs    # Errors  Last Runtime    Last Run
------------------------------------  -----  ---------  --------  ----------  --------------  -------------------
/opt/airflow/dags/minio-snowflake.py                           1           0  0.93s           2026-02-03T21:24:29
================================================================================
[2026-02-03T21:25:11.161+0000] {manager.py:878} INFO - 
================================================================================
DAG File Processing Stats

File Path                             PID    Runtime      # DAGs    # Errors  Last Runtime    Last Run
------------------------------------  -----  ---------  --------  ----------  --------------  -------------------
/opt/airflow/dags/minio-snowflake.py                           1           0  0.93s           2026-02-03T21:25:01
================================================================================
[2026-02-03T21:25:41.337+0000] {manager.py:878} INFO - 
================================================================================
DAG File Processing Stats

File Path                             PID    Runtime      # DAGs    # Errors  Last Runtime    Last Run
------------------------------------  -----  ---------  --------  ----------  --------------  -------------------
/opt/airflow/dags/minio-snowflake.py                           1           0  0.93s           2026-02-03T21:25:32
================================================================================
[2026-02-03T21:26:11.569+0000] {manager.py:878} INFO - 
================================================================================
DAG File Processing Stats

File Path                             PID    Runtime      # DAGs    # Errors  Last Runtime    Last Run
------------------------------------  -----  ---------  --------  ----------  --------------  -------------------
/opt/airflow/dags/minio-snowflake.py                           1           0  0.98s           2026-02-03T21:26:03
================================================================================
[2026-02-03T21:26:41.870+0000] {manager.py:878} INFO - 
================================================================================
DAG File Processing Stats

File Path                             PID    Runtime      # DAGs    # Errors  Last Runtime    Last Run
------------------------------------  -----  ---------  --------  ----------  --------------  -------------------
/opt/airflow/dags/minio-snowflake.py                           1           0  1.14s           2026-02-03T21:26:34
================================================================================
[2026-02-03T21:27:12.196+0000] {manager.py:878} INFO - 
================================================================================
DAG File Processing Stats

File Path                             PID    Runtime      # DAGs    # Errors  Last Runtime    Last Run
------------------------------------  -----  ---------  --------  ----------  --------------  -------------------
/opt/airflow/dags/minio-snowflake.py                           1           0  1.16s           2026-02-03T21:27:06
================================================================================
[2026-02-03T21:27:42.426+0000] {manager.py:878} INFO - 
================================================================================
DAG File Processing Stats

File Path                             PID    Runtime      # DAGs    # Errors  Last Runtime    Last Run
------------------------------------  -----  ---------  --------  ----------  --------------  -------------------
/opt/airflow/dags/minio-snowflake.py                           1           0  0.95s           2026-02-03T21:27:37
================================================================================
[2026-02-03T21:27:54.456+0000] {manager.py:737} INFO - Searching for files in /opt/airflow/dags
[2026-02-03T21:27:54.558+0000] {manager.py:740} INFO - There are 1 files in /opt/airflow/dags
[2026-02-03T21:28:12.573+0000] {manager.py:878} INFO - 
================================================================================
DAG File Processing Stats

File Path                             PID    Runtime      # DAGs    # Errors  Last Runtime    Last Run
------------------------------------  -----  ---------  --------  ----------  --------------  -------------------
/opt/airflow/dags/minio-snowflake.py                           1           0  0.86s           2026-02-03T21:28:08
================================================================================
[2026-02-03T21:28:42.763+0000] {manager.py:878} INFO - 
================================================================================
DAG File Processing Stats

File Path                             PID    Runtime      # DAGs    # Errors  Last Runtime    Last Run
------------------------------------  -----  ---------  --------  ----------  --------------  -------------------
/opt/airflow/dags/minio-snowflake.py                           1           0  0.93s           2026-02-03T21:28:39
================================================================================
[2026-02-03T21:29:12.890+0000] {manager.py:878} INFO - 
================================================================================
DAG File Processing Stats

File Path                             PID    Runtime      # DAGs    # Errors  Last Runtime    Last Run
------------------------------------  -----  ---------  --------  ----------  --------------  -------------------
/opt/airflow/dags/minio-snowflake.py                           1           0  0.89s           2026-02-03T21:29:10
================================================================================
[2026-02-03T21:53:59.444+0000] {manager.py:737} INFO - Searching for files in /opt/airflow/dags
[2026-02-03T21:54:01.281+0000] {manager.py:740} INFO - There are 1 files in /opt/airflow/dags
[2026-02-03T21:54:05.112+0000] {manager.py:878} INFO - 
================================================================================
DAG File Processing Stats

File Path                             PID    Runtime      # DAGs    # Errors  Last Runtime    Last Run
------------------------------------  -----  ---------  --------  ----------  --------------  -------------------
/opt/airflow/dags/minio-snowflake.py                           1           0  2.52s           2026-02-03T21:54:03
================================================================================
[2026-02-03T21:54:35.398+0000] {manager.py:878} INFO - 
================================================================================
DAG File Processing Stats

File Path                             PID    Runtime      # DAGs    # Errors  Last Runtime    Last Run
------------------------------------  -----  ---------  --------  ----------  --------------  -------------------
/opt/airflow/dags/minio-snowflake.py                           1           0  1.42s           2026-02-03T21:54:35
================================================================================
[2026-02-03T21:55:05.718+0000] {manager.py:878} INFO - 
================================================================================
DAG File Processing Stats

File Path                               PID  Runtime      # DAGs    # Errors  Last Runtime    Last Run
------------------------------------  -----  ---------  --------  ----------  --------------  -------------------
/opt/airflow/dags/minio-snowflake.py  59306  0.01s             1           0  1.42s           2026-02-03T21:54:35
================================================================================
[2026-02-03T21:55:35.911+0000] {manager.py:878} INFO - 
================================================================================
DAG File Processing Stats

File Path                             PID    Runtime      # DAGs    # Errors  Last Runtime    Last Run
------------------------------------  -----  ---------  --------  ----------  --------------  -------------------
/opt/airflow/dags/minio-snowflake.py                           1           0  1.04s           2026-02-03T21:55:06
================================================================================
[2026-02-03T21:56:06.160+0000] {manager.py:878} INFO - 
================================================================================
DAG File Processing Stats

File Path                             PID    Runtime      # DAGs    # Errors  Last Runtime    Last Run
------------------------------------  -----  ---------  --------  ----------  --------------  -------------------
/opt/airflow/dags/minio-snowflake.py                           1           0  1.37s           2026-02-03T21:55:38
================================================================================
[2026-02-03T21:56:36.220+0000] {manager.py:878} INFO - 
================================================================================
DAG File Processing Stats

File Path                             PID    Runtime      # DAGs    # Errors  Last Runtime    Last Run
------------------------------------  -----  ---------  --------  ----------  --------------  -------------------
/opt/airflow/dags/minio-snowflake.py                           1           0  1.50s           2026-02-03T21:56:10
================================================================================
[2026-02-03T21:57:06.488+0000] {manager.py:878} INFO - 
================================================================================
DAG File Processing Stats

File Path                             PID    Runtime      # DAGs    # Errors  Last Runtime    Last Run
------------------------------------  -----  ---------  --------  ----------  --------------  -------------------
/opt/airflow/dags/minio-snowflake.py                           1           0  1.42s           2026-02-03T21:56:41
================================================================================
[2026-02-03T21:57:36.438+0000] {manager.py:878} INFO - 
================================================================================
DAG File Processing Stats

File Path                             PID    Runtime      # DAGs    # Errors  Last Runtime    Last Run
------------------------------------  -----  ---------  --------  ----------  --------------  -------------------
/opt/airflow/dags/minio-snowflake.py                           1           0  1.36s           2026-02-03T21:57:13
================================================================================
[2026-02-03T21:58:06.688+0000] {manager.py:878} INFO - 
================================================================================
DAG File Processing Stats

File Path                             PID    Runtime      # DAGs    # Errors  Last Runtime    Last Run
------------------------------------  -----  ---------  --------  ----------  --------------  -------------------
/opt/airflow/dags/minio-snowflake.py                           1           0  1.41s           2026-02-03T21:57:44
================================================================================
[2026-02-03T21:58:36.729+0000] {manager.py:878} INFO - 
================================================================================
DAG File Processing Stats

File Path                             PID    Runtime      # DAGs    # Errors  Last Runtime    Last Run
------------------------------------  -----  ---------  --------  ----------  --------------  -------------------
/opt/airflow/dags/minio-snowflake.py                           1           0  1.39s           2026-02-03T21:58:16
================================================================================
[2026-02-03T21:59:00.004+0000] {manager.py:737} INFO - Searching for files in /opt/airflow/dags
[2026-02-03T21:59:00.075+0000] {manager.py:740} INFO - There are 1 files in /opt/airflow/dags
[2026-02-03T21:59:07.082+0000] {manager.py:878} INFO - 
================================================================================
DAG File Processing Stats

File Path                             PID    Runtime      # DAGs    # Errors  Last Runtime    Last Run
------------------------------------  -----  ---------  --------  ----------  --------------  -------------------
/opt/airflow/dags/minio-snowflake.py                           1           0  1.38s           2026-02-03T21:58:48
================================================================================
[2026-02-03T21:59:37.095+0000] {manager.py:878} INFO - 
================================================================================
DAG File Processing Stats

File Path                             PID    Runtime      # DAGs    # Errors  Last Runtime    Last Run
------------------------------------  -----  ---------  --------  ----------  --------------  -------------------
/opt/airflow/dags/minio-snowflake.py                           1           0  1.45s           2026-02-03T21:59:19
================================================================================
[2026-02-03T22:00:07.347+0000] {manager.py:878} INFO - 
================================================================================
DAG File Processing Stats

File Path                             PID    Runtime      # DAGs    # Errors  Last Runtime    Last Run
------------------------------------  -----  ---------  --------  ----------  --------------  -------------------
/opt/airflow/dags/minio-snowflake.py                           1           0  1.32s           2026-02-03T21:59:51
================================================================================
[2026-02-03T22:00:37.831+0000] {manager.py:878} INFO - 
================================================================================
DAG File Processing Stats

File Path                             PID    Runtime      # DAGs    # Errors  Last Runtime    Last Run
------------------------------------  -----  ---------  --------  ----------  --------------  -------------------
/opt/airflow/dags/minio-snowflake.py                           1           0  1.41s           2026-02-03T22:00:23
================================================================================
[2026-02-03T22:01:07.909+0000] {manager.py:878} INFO - 
================================================================================
DAG File Processing Stats

File Path                             PID    Runtime      # DAGs    # Errors  Last Runtime    Last Run
------------------------------------  -----  ---------  --------  ----------  --------------  -------------------
/opt/airflow/dags/minio-snowflake.py                           1           0  1.39s           2026-02-03T22:00:54
================================================================================
[2026-02-03T22:01:38.132+0000] {manager.py:878} INFO - 
================================================================================
DAG File Processing Stats

File Path                             PID    Runtime      # DAGs    # Errors  Last Runtime    Last Run
------------------------------------  -----  ---------  --------  ----------  --------------  -------------------
/opt/airflow/dags/minio-snowflake.py                           1           0  1.39s           2026-02-03T22:01:26
================================================================================
[2026-02-03T22:02:08.312+0000] {manager.py:878} INFO - 
================================================================================
DAG File Processing Stats

File Path                             PID    Runtime      # DAGs    # Errors  Last Runtime    Last Run
------------------------------------  -----  ---------  --------  ----------  --------------  -------------------
/opt/airflow/dags/minio-snowflake.py                           1           0  1.49s           2026-02-03T22:01:58
================================================================================
[2026-02-03T22:02:38.876+0000] {manager.py:878} INFO - 
================================================================================
DAG File Processing Stats

File Path                             PID    Runtime      # DAGs    # Errors  Last Runtime    Last Run
------------------------------------  -----  ---------  --------  ----------  --------------  -------------------
/opt/airflow/dags/minio-snowflake.py                           1           0  1.42s           2026-02-03T22:02:29
================================================================================
[2026-02-03T22:03:09.203+0000] {manager.py:878} INFO - 
================================================================================
DAG File Processing Stats

File Path                             PID    Runtime      # DAGs    # Errors  Last Runtime    Last Run
------------------------------------  -----  ---------  --------  ----------  --------------  -------------------
/opt/airflow/dags/minio-snowflake.py                           1           0  1.35s           2026-02-03T22:03:01
================================================================================
[2026-02-03T22:03:39.578+0000] {manager.py:878} INFO - 
================================================================================
DAG File Processing Stats

File Path                             PID    Runtime      # DAGs    # Errors  Last Runtime    Last Run
------------------------------------  -----  ---------  --------  ----------  --------------  -------------------
/opt/airflow/dags/minio-snowflake.py                           1           0  1.24s           2026-02-03T22:03:32
================================================================================
[2026-02-03T22:04:00.108+0000] {manager.py:737} INFO - Searching for files in /opt/airflow/dags
[2026-02-03T22:04:00.192+0000] {manager.py:740} INFO - There are 1 files in /opt/airflow/dags
[2026-02-03T22:04:09.586+0000] {manager.py:878} INFO - 
================================================================================
DAG File Processing Stats

File Path                             PID    Runtime      # DAGs    # Errors  Last Runtime    Last Run
------------------------------------  -----  ---------  --------  ----------  --------------  -------------------
/opt/airflow/dags/minio-snowflake.py                           1           0  1.37s           2026-02-03T22:04:04
================================================================================
[2026-02-03T22:04:39.770+0000] {manager.py:878} INFO - 
================================================================================
DAG File Processing Stats

File Path                             PID    Runtime      # DAGs    # Errors  Last Runtime    Last Run
------------------------------------  -----  ---------  --------  ----------  --------------  -------------------
/opt/airflow/dags/minio-snowflake.py                           1           0  1.36s           2026-02-03T22:04:36
================================================================================
[2026-02-03T22:05:09.773+0000] {manager.py:878} INFO - 
================================================================================
DAG File Processing Stats

File Path                             PID    Runtime      # DAGs    # Errors  Last Runtime    Last Run
------------------------------------  -----  ---------  --------  ----------  --------------  -------------------
/opt/airflow/dags/minio-snowflake.py                           1           0  1.47s           2026-02-03T22:05:07
================================================================================
[2026-02-03T22:05:40.035+0000] {manager.py:878} INFO - 
================================================================================
DAG File Processing Stats

File Path                             PID    Runtime      # DAGs    # Errors  Last Runtime    Last Run
------------------------------------  -----  ---------  --------  ----------  --------------  -------------------
/opt/airflow/dags/minio-snowflake.py                           1           0  1.36s           2026-02-03T22:05:39
================================================================================
[2026-02-03T22:06:10.470+0000] {manager.py:878} INFO - 
================================================================================
DAG File Processing Stats

File Path                               PID  Runtime      # DAGs    # Errors  Last Runtime    Last Run
------------------------------------  -----  ---------  --------  ----------  --------------  -------------------
/opt/airflow/dags/minio-snowflake.py  68569  1.03s             1           0  1.36s           2026-02-03T22:05:39
================================================================================
[2026-02-03T22:06:40.846+0000] {manager.py:878} INFO - 
================================================================================
DAG File Processing Stats

File Path                             PID    Runtime      # DAGs    # Errors  Last Runtime    Last Run
------------------------------------  -----  ---------  --------  ----------  --------------  -------------------
/opt/airflow/dags/minio-snowflake.py                           1           0  1.51s           2026-02-03T22:06:10
================================================================================
[2026-02-03T22:07:10.981+0000] {manager.py:878} INFO - 
================================================================================
DAG File Processing Stats

File Path                             PID    Runtime      # DAGs    # Errors  Last Runtime    Last Run
------------------------------------  -----  ---------  --------  ----------  --------------  -------------------
/opt/airflow/dags/minio-snowflake.py                           1           0  1.60s           2026-02-03T22:06:42
================================================================================
[2026-02-03T22:07:41.207+0000] {manager.py:878} INFO - 
================================================================================
DAG File Processing Stats

File Path                             PID    Runtime      # DAGs    # Errors  Last Runtime    Last Run
------------------------------------  -----  ---------  --------  ----------  --------------  -------------------
/opt/airflow/dags/minio-snowflake.py                           1           0  1.41s           2026-02-03T22:07:14
================================================================================
[2026-02-03T22:08:11.186+0000] {manager.py:878} INFO - 
================================================================================
DAG File Processing Stats

File Path                             PID    Runtime      # DAGs    # Errors  Last Runtime    Last Run
------------------------------------  -----  ---------  --------  ----------  --------------  -------------------
/opt/airflow/dags/minio-snowflake.py                           1           0  1.42s           2026-02-03T22:07:46
================================================================================
[2026-02-03T22:08:41.448+0000] {manager.py:878} INFO - 
================================================================================
DAG File Processing Stats

File Path                             PID    Runtime      # DAGs    # Errors  Last Runtime    Last Run
------------------------------------  -----  ---------  --------  ----------  --------------  -------------------
/opt/airflow/dags/minio-snowflake.py                           1           0  1.47s           2026-02-03T22:08:17
================================================================================
[2026-02-03T22:09:00.116+0000] {manager.py:737} INFO - Searching for files in /opt/airflow/dags
[2026-02-03T22:09:00.207+0000] {manager.py:740} INFO - There are 1 files in /opt/airflow/dags
[2026-02-03T22:09:11.449+0000] {manager.py:878} INFO - 
================================================================================
DAG File Processing Stats

File Path                             PID    Runtime      # DAGs    # Errors  Last Runtime    Last Run
------------------------------------  -----  ---------  --------  ----------  --------------  -------------------
/opt/airflow/dags/minio-snowflake.py                           1           0  1.37s           2026-02-03T22:08:49
================================================================================
[2026-02-03T22:09:41.636+0000] {manager.py:878} INFO - 
================================================================================
DAG File Processing Stats

File Path                             PID    Runtime      # DAGs    # Errors  Last Runtime    Last Run
------------------------------------  -----  ---------  --------  ----------  --------------  -------------------
/opt/airflow/dags/minio-snowflake.py                           1           0  1.34s           2026-02-03T22:09:20
================================================================================
[2026-02-03T22:10:12.158+0000] {manager.py:878} INFO - 
================================================================================
DAG File Processing Stats

File Path                             PID    Runtime      # DAGs    # Errors  Last Runtime    Last Run
------------------------------------  -----  ---------  --------  ----------  --------------  -------------------
/opt/airflow/dags/minio-snowflake.py                           1           0  1.36s           2026-02-03T22:09:52
================================================================================
[2026-02-03T22:10:42.112+0000] {manager.py:878} INFO - 
================================================================================
DAG File Processing Stats

File Path                             PID    Runtime      # DAGs    # Errors  Last Runtime    Last Run
------------------------------------  -----  ---------  --------  ----------  --------------  -------------------
/opt/airflow/dags/minio-snowflake.py                           1           0  1.41s           2026-02-03T22:10:24
================================================================================
[2026-02-03T22:11:12.326+0000] {manager.py:878} INFO - 
================================================================================
DAG File Processing Stats

File Path                             PID    Runtime      # DAGs    # Errors  Last Runtime    Last Run
------------------------------------  -----  ---------  --------  ----------  --------------  -------------------
/opt/airflow/dags/minio-snowflake.py                           1           0  1.28s           2026-02-03T22:10:55
================================================================================
[2026-02-03T22:11:42.790+0000] {manager.py:878} INFO - 
================================================================================
DAG File Processing Stats

File Path                             PID    Runtime      # DAGs    # Errors  Last Runtime    Last Run
------------------------------------  -----  ---------  --------  ----------  --------------  -------------------
/opt/airflow/dags/minio-snowflake.py                           1           0  1.38s           2026-02-03T22:11:27
================================================================================
[2026-02-03T22:12:12.949+0000] {manager.py:878} INFO - 
================================================================================
DAG File Processing Stats

File Path                             PID    Runtime      # DAGs    # Errors  Last Runtime    Last Run
------------------------------------  -----  ---------  --------  ----------  --------------  -------------------
/opt/airflow/dags/minio-snowflake.py                           1           0  1.57s           2026-02-03T22:11:58
================================================================================
[2026-02-03T22:12:43.191+0000] {manager.py:878} INFO - 
================================================================================
DAG File Processing Stats

File Path                             PID    Runtime      # DAGs    # Errors  Last Runtime    Last Run
------------------------------------  -----  ---------  --------  ----------  --------------  -------------------
/opt/airflow/dags/minio-snowflake.py                           1           0  1.35s           2026-02-03T22:12:30
================================================================================
[2026-02-03T22:13:13.743+0000] {manager.py:878} INFO - 
================================================================================
DAG File Processing Stats

File Path                             PID    Runtime      # DAGs    # Errors  Last Runtime    Last Run
------------------------------------  -----  ---------  --------  ----------  --------------  -------------------
/opt/airflow/dags/minio-snowflake.py                           1           0  1.31s           2026-02-03T22:13:01
================================================================================
[2026-02-03T22:13:44.235+0000] {manager.py:878} INFO - 
================================================================================
DAG File Processing Stats

File Path                             PID    Runtime      # DAGs    # Errors  Last Runtime    Last Run
------------------------------------  -----  ---------  --------  ----------  --------------  -------------------
/opt/airflow/dags/minio-snowflake.py                           1           0  1.36s           2026-02-03T22:13:33
================================================================================
[2026-02-03T22:14:00.377+0000] {manager.py:737} INFO - Searching for files in /opt/airflow/dags
[2026-02-03T22:14:00.455+0000] {manager.py:740} INFO - There are 1 files in /opt/airflow/dags
[2026-02-03T22:14:14.287+0000] {manager.py:878} INFO - 
================================================================================
DAG File Processing Stats

File Path                             PID    Runtime      # DAGs    # Errors  Last Runtime    Last Run
------------------------------------  -----  ---------  --------  ----------  --------------  -------------------
/opt/airflow/dags/minio-snowflake.py                           1           0  1.44s           2026-02-03T22:14:05
================================================================================
[2026-02-03T22:14:44.580+0000] {manager.py:878} INFO - 
================================================================================
DAG File Processing Stats

File Path                             PID    Runtime      # DAGs    # Errors  Last Runtime    Last Run
------------------------------------  -----  ---------  --------  ----------  --------------  -------------------
/opt/airflow/dags/minio-snowflake.py                           1           0  1.36s           2026-02-03T22:14:36
================================================================================
[2026-02-03T22:15:14.550+0000] {manager.py:878} INFO - 
================================================================================
DAG File Processing Stats

File Path                             PID    Runtime      # DAGs    # Errors  Last Runtime    Last Run
------------------------------------  -----  ---------  --------  ----------  --------------  -------------------
/opt/airflow/dags/minio-snowflake.py                           1           0  1.43s           2026-02-03T22:15:08
================================================================================
[2026-02-03T22:15:44.751+0000] {manager.py:878} INFO - 
================================================================================
DAG File Processing Stats

File Path                             PID    Runtime      # DAGs    # Errors  Last Runtime    Last Run
------------------------------------  -----  ---------  --------  ----------  --------------  -------------------
/opt/airflow/dags/minio-snowflake.py                           1           0  1.39s           2026-02-03T22:15:40
================================================================================
[2026-02-03T22:16:14.763+0000] {manager.py:878} INFO - 
================================================================================
DAG File Processing Stats

File Path                             PID    Runtime      # DAGs    # Errors  Last Runtime    Last Run
------------------------------------  -----  ---------  --------  ----------  --------------  -------------------
/opt/airflow/dags/minio-snowflake.py                           1           0  1.45s           2026-02-03T22:16:11
================================================================================
[2026-02-03T22:16:44.965+0000] {manager.py:878} INFO - 
================================================================================
DAG File Processing Stats

File Path                             PID    Runtime      # DAGs    # Errors  Last Runtime    Last Run
------------------------------------  -----  ---------  --------  ----------  --------------  -------------------
/opt/airflow/dags/minio-snowflake.py                           1           0  1.36s           2026-02-03T22:16:43
================================================================================
[2026-02-03T22:17:15.010+0000] {manager.py:878} INFO - 
================================================================================
DAG File Processing Stats

File Path                             PID    Runtime      # DAGs    # Errors  Last Runtime    Last Run
------------------------------------  -----  ---------  --------  ----------  --------------  -------------------
/opt/airflow/dags/minio-snowflake.py                           1           0  1.51s           2026-02-03T22:17:14
================================================================================
[2026-02-03T22:17:45.226+0000] {manager.py:878} INFO - 
================================================================================
DAG File Processing Stats

File Path                               PID  Runtime      # DAGs    # Errors  Last Runtime    Last Run
------------------------------------  -----  ---------  --------  ----------  --------------  -------------------
/opt/airflow/dags/minio-snowflake.py  77588  0.01s             1           0  1.51s           2026-02-03T22:17:14
================================================================================
[2026-02-03T22:18:15.562+0000] {manager.py:878} INFO - 
================================================================================
DAG File Processing Stats

File Path                             PID    Runtime      # DAGs    # Errors  Last Runtime    Last Run
------------------------------------  -----  ---------  --------  ----------  --------------  -------------------
/opt/airflow/dags/minio-snowflake.py                           1           0  1.39s           2026-02-03T22:17:46
================================================================================
[2026-02-03T22:18:46.021+0000] {manager.py:878} INFO - 
================================================================================
DAG File Processing Stats

File Path                             PID    Runtime      # DAGs    # Errors  Last Runtime    Last Run
------------------------------------  -----  ---------  --------  ----------  --------------  -------------------
/opt/airflow/dags/minio-snowflake.py                           1           0  1.39s           2026-02-03T22:18:18
================================================================================
[2026-02-03T22:19:00.446+0000] {manager.py:737} INFO - Searching for files in /opt/airflow/dags
[2026-02-03T22:19:00.516+0000] {manager.py:740} INFO - There are 1 files in /opt/airflow/dags
[2026-02-03T22:19:15.980+0000] {manager.py:878} INFO - 
================================================================================
DAG File Processing Stats

File Path                             PID    Runtime      # DAGs    # Errors  Last Runtime    Last Run
------------------------------------  -----  ---------  --------  ----------  --------------  -------------------
/opt/airflow/dags/minio-snowflake.py                           1           0  1.36s           2026-02-03T22:18:49
================================================================================
[2026-02-03T22:19:46.156+0000] {manager.py:878} INFO - 
================================================================================
DAG File Processing Stats

File Path                             PID    Runtime      # DAGs    # Errors  Last Runtime    Last Run
------------------------------------  -----  ---------  --------  ----------  --------------  -------------------
/opt/airflow/dags/minio-snowflake.py                           1           0  1.45s           2026-02-03T22:19:21
================================================================================
[2026-02-03T22:20:16.068+0000] {manager.py:878} INFO - 
================================================================================
DAG File Processing Stats

File Path                             PID    Runtime      # DAGs    # Errors  Last Runtime    Last Run
------------------------------------  -----  ---------  --------  ----------  --------------  -------------------
/opt/airflow/dags/minio-snowflake.py                           1           0  1.28s           2026-02-03T22:19:52
================================================================================
[2026-02-03T22:20:46.256+0000] {manager.py:878} INFO - 
================================================================================
DAG File Processing Stats

File Path                             PID    Runtime      # DAGs    # Errors  Last Runtime    Last Run
------------------------------------  -----  ---------  --------  ----------  --------------  -------------------
/opt/airflow/dags/minio-snowflake.py                           1           0  1.40s           2026-02-03T22:20:24
================================================================================
[2026-02-03T22:21:16.714+0000] {manager.py:878} INFO - 
================================================================================
DAG File Processing Stats

File Path                             PID    Runtime      # DAGs    # Errors  Last Runtime    Last Run
------------------------------------  -----  ---------  --------  ----------  --------------  -------------------
/opt/airflow/dags/minio-snowflake.py                           1           0  1.55s           2026-02-03T22:20:56
================================================================================
[2026-02-03T22:21:47.097+0000] {manager.py:878} INFO - 
================================================================================
DAG File Processing Stats

File Path                             PID    Runtime      # DAGs    # Errors  Last Runtime    Last Run
------------------------------------  -----  ---------  --------  ----------  --------------  -------------------
/opt/airflow/dags/minio-snowflake.py                           1           0  1.36s           2026-02-03T22:21:28
================================================================================
[2026-02-03T22:22:17.493+0000] {manager.py:878} INFO - 
================================================================================
DAG File Processing Stats

File Path                             PID    Runtime      # DAGs    # Errors  Last Runtime    Last Run
------------------------------------  -----  ---------  --------  ----------  --------------  -------------------
/opt/airflow/dags/minio-snowflake.py                           1           0  1.30s           2026-02-03T22:21:59
================================================================================
[2026-02-03T22:22:47.950+0000] {manager.py:878} INFO - 
================================================================================
DAG File Processing Stats

File Path                             PID    Runtime      # DAGs    # Errors  Last Runtime    Last Run
------------------------------------  -----  ---------  --------  ----------  --------------  -------------------
/opt/airflow/dags/minio-snowflake.py                           1           0  1.39s           2026-02-03T22:22:31
================================================================================
[2026-02-03T22:23:18.100+0000] {manager.py:878} INFO - 
================================================================================
DAG File Processing Stats

File Path                             PID    Runtime      # DAGs    # Errors  Last Runtime    Last Run
------------------------------------  -----  ---------  --------  ----------  --------------  -------------------
/opt/airflow/dags/minio-snowflake.py                           1           0  1.36s           2026-02-03T22:23:02
================================================================================
[2026-02-03T22:23:48.301+0000] {manager.py:878} INFO - 
================================================================================
DAG File Processing Stats

File Path                             PID    Runtime      # DAGs    # Errors  Last Runtime    Last Run
------------------------------------  -----  ---------  --------  ----------  --------------  -------------------
/opt/airflow/dags/minio-snowflake.py                           1           0  1.32s           2026-02-03T22:23:34
================================================================================
[2026-02-03T22:24:00.608+0000] {manager.py:737} INFO - Searching for files in /opt/airflow/dags
[2026-02-03T22:24:00.685+0000] {manager.py:740} INFO - There are 1 files in /opt/airflow/dags
[2026-02-03T23:54:16.585+0000] {manager.py:737} INFO - Searching for files in /opt/airflow/dags
[2026-02-04T04:49:33.145+0000] {manager.py:740} INFO - There are 1 files in /opt/airflow/dags
[2026-02-04T04:49:33.226+0000] {manager.py:737} INFO - Searching for files in /opt/airflow/dags
[2026-02-04T04:49:33.252+0000] {manager.py:740} INFO - There are 1 files in /opt/airflow/dags
[2026-02-04T04:49:35.304+0000] {manager.py:878} INFO - 
================================================================================
DAG File Processing Stats

File Path                             PID    Runtime      # DAGs    # Errors  Last Runtime    Last Run
------------------------------------  -----  ---------  --------  ----------  --------------  -------------------
/opt/airflow/dags/minio-snowflake.py                           1           0  1.68s           2026-02-04T04:49:34
================================================================================
[2026-02-04T17:11:56.770+0000] {manager.py:737} INFO - Searching for files in /opt/airflow/dags
[2026-02-04T17:12:02.029+0000] {manager.py:740} INFO - There are 1 files in /opt/airflow/dags
[2026-02-04T17:12:23.698+0000] {manager.py:878} INFO - 
================================================================================
DAG File Processing Stats

File Path                             PID    Runtime      # DAGs    # Errors  Last Runtime    Last Run
------------------------------------  -----  ---------  --------  ----------  --------------  -------------------
/opt/airflow/dags/minio-snowflake.py                           1           0  2.04s           2026-02-04T17:12:05
================================================================================
[2026-02-04T17:12:54.268+0000] {manager.py:878} INFO - 
================================================================================
DAG File Processing Stats

File Path                             PID    Runtime      # DAGs    # Errors  Last Runtime    Last Run
------------------------------------  -----  ---------  --------  ----------  --------------  -------------------
/opt/airflow/dags/minio-snowflake.py                           1           0  0.95s           2026-02-04T17:12:36
================================================================================
[2026-02-04T17:13:25.259+0000] {manager.py:878} INFO - 
================================================================================
DAG File Processing Stats

File Path                             PID    Runtime      # DAGs    # Errors  Last Runtime    Last Run
------------------------------------  -----  ---------  --------  ----------  --------------  -------------------
/opt/airflow/dags/minio-snowflake.py                           1           0  0.87s           2026-02-04T17:13:07
================================================================================
[2026-02-04T17:13:55.863+0000] {manager.py:878} INFO - 
================================================================================
DAG File Processing Stats

File Path                             PID    Runtime      # DAGs    # Errors  Last Runtime    Last Run
------------------------------------  -----  ---------  --------  ----------  --------------  -------------------
/opt/airflow/dags/minio-snowflake.py                           1           0  1.20s           2026-02-04T17:13:38
================================================================================
[2026-02-04T17:14:27.118+0000] {manager.py:878} INFO - 
================================================================================
DAG File Processing Stats

File Path                             PID    Runtime      # DAGs    # Errors  Last Runtime    Last Run
------------------------------------  -----  ---------  --------  ----------  --------------  -------------------
/opt/airflow/dags/minio-snowflake.py                           1           0  1.13s           2026-02-04T17:14:10
================================================================================
[2026-02-04T17:14:58.524+0000] {manager.py:878} INFO - 
================================================================================
DAG File Processing Stats

File Path                             PID    Runtime      # DAGs    # Errors  Last Runtime    Last Run
------------------------------------  -----  ---------  --------  ----------  --------------  -------------------
/opt/airflow/dags/minio-snowflake.py                           1           0  1.33s           2026-02-04T17:14:41
================================================================================
[2026-02-04T17:15:30.093+0000] {manager.py:878} INFO - 
================================================================================
DAG File Processing Stats

File Path                             PID    Runtime      # DAGs    # Errors  Last Runtime    Last Run
------------------------------------  -----  ---------  --------  ----------  --------------  -------------------
/opt/airflow/dags/minio-snowflake.py                           1           0  1.36s           2026-02-04T17:15:13
================================================================================
[2026-02-04T17:16:01.467+0000] {manager.py:878} INFO - 
================================================================================
DAG File Processing Stats

File Path                             PID    Runtime      # DAGs    # Errors  Last Runtime    Last Run
------------------------------------  -----  ---------  --------  ----------  --------------  -------------------
/opt/airflow/dags/minio-snowflake.py                           1           0  1.26s           2026-02-04T17:15:44
================================================================================
[2026-02-04T17:16:32.673+0000] {manager.py:878} INFO - 
================================================================================
DAG File Processing Stats

File Path                             PID    Runtime      # DAGs    # Errors  Last Runtime    Last Run
------------------------------------  -----  ---------  --------  ----------  --------------  -------------------
/opt/airflow/dags/minio-snowflake.py                           1           0  0.94s           2026-02-04T17:16:15
================================================================================
[2026-02-04T17:16:56.826+0000] {manager.py:737} INFO - Searching for files in /opt/airflow/dags
[2026-02-04T17:16:56.890+0000] {manager.py:740} INFO - There are 1 files in /opt/airflow/dags
[2026-02-04T17:17:03.996+0000] {manager.py:878} INFO - 
================================================================================
DAG File Processing Stats

File Path                             PID    Runtime      # DAGs    # Errors  Last Runtime    Last Run
------------------------------------  -----  ---------  --------  ----------  --------------  -------------------
/opt/airflow/dags/minio-snowflake.py                           1           0  0.84s           2026-02-04T17:16:46
================================================================================
[2026-02-04T17:17:35.328+0000] {manager.py:878} INFO - 
================================================================================
DAG File Processing Stats

File Path                             PID    Runtime      # DAGs    # Errors  Last Runtime    Last Run
------------------------------------  -----  ---------  --------  ----------  --------------  -------------------
/opt/airflow/dags/minio-snowflake.py                           1           0  1.04s           2026-02-04T17:17:18
================================================================================
[2026-02-04T17:18:06.474+0000] {manager.py:878} INFO - 
================================================================================
DAG File Processing Stats

File Path                             PID    Runtime      # DAGs    # Errors  Last Runtime    Last Run
------------------------------------  -----  ---------  --------  ----------  --------------  -------------------
/opt/airflow/dags/minio-snowflake.py                           1           0  0.91s           2026-02-04T17:17:49
================================================================================
[2026-02-04T17:18:37.630+0000] {manager.py:878} INFO - 
================================================================================
DAG File Processing Stats

File Path                             PID    Runtime      # DAGs    # Errors  Last Runtime    Last Run
------------------------------------  -----  ---------  --------  ----------  --------------  -------------------
/opt/airflow/dags/minio-snowflake.py                           1           0  0.91s           2026-02-04T17:18:20
================================================================================
[2026-02-04T17:19:08.827+0000] {manager.py:878} INFO - 
================================================================================
DAG File Processing Stats

File Path                             PID    Runtime      # DAGs    # Errors  Last Runtime    Last Run
------------------------------------  -----  ---------  --------  ----------  --------------  -------------------
/opt/airflow/dags/minio-snowflake.py                           1           0  0.86s           2026-02-04T17:18:51
================================================================================
[2026-02-04T17:19:40.111+0000] {manager.py:878} INFO - 
================================================================================
DAG File Processing Stats

File Path                             PID    Runtime      # DAGs    # Errors  Last Runtime    Last Run
------------------------------------  -----  ---------  --------  ----------  --------------  -------------------
/opt/airflow/dags/minio-snowflake.py                           1           0  1.00s           2026-02-04T17:19:22
================================================================================
[2026-02-04T17:20:11.151+0000] {manager.py:878} INFO - 
================================================================================
DAG File Processing Stats

File Path                             PID    Runtime      # DAGs    # Errors  Last Runtime    Last Run
------------------------------------  -----  ---------  --------  ----------  --------------  -------------------
/opt/airflow/dags/minio-snowflake.py                           1           0  0.91s           2026-02-04T17:19:54
================================================================================
[2026-02-04T17:20:42.391+0000] {manager.py:878} INFO - 
================================================================================
DAG File Processing Stats

File Path                             PID    Runtime      # DAGs    # Errors  Last Runtime    Last Run
------------------------------------  -----  ---------  --------  ----------  --------------  -------------------
/opt/airflow/dags/minio-snowflake.py                           1           0  0.96s           2026-02-04T17:20:25
================================================================================
[2026-02-04T17:21:13.645+0000] {manager.py:878} INFO - 
================================================================================
DAG File Processing Stats

File Path                             PID    Runtime      # DAGs    # Errors  Last Runtime    Last Run
------------------------------------  -----  ---------  --------  ----------  --------------  -------------------
/opt/airflow/dags/minio-snowflake.py                           1           0  0.83s           2026-02-04T17:20:56
================================================================================
[2026-02-04T17:21:44.806+0000] {manager.py:878} INFO - 
================================================================================
DAG File Processing Stats

File Path                             PID    Runtime      # DAGs    # Errors  Last Runtime    Last Run
------------------------------------  -----  ---------  --------  ----------  --------------  -------------------
/opt/airflow/dags/minio-snowflake.py                           1           0  0.82s           2026-02-04T17:21:27
================================================================================
[2026-02-04T17:21:57.177+0000] {manager.py:737} INFO - Searching for files in /opt/airflow/dags
[2026-02-04T17:21:57.275+0000] {manager.py:740} INFO - There are 1 files in /opt/airflow/dags
[2026-02-04T17:22:16.465+0000] {manager.py:878} INFO - 
================================================================================
DAG File Processing Stats

File Path                             PID    Runtime      # DAGs    # Errors  Last Runtime    Last Run
------------------------------------  -----  ---------  --------  ----------  --------------  -------------------
/opt/airflow/dags/minio-snowflake.py                           1           0  0.88s           2026-02-04T17:21:58
================================================================================
[2026-02-04T17:22:47.914+0000] {manager.py:878} INFO - 
================================================================================
DAG File Processing Stats

File Path                             PID    Runtime      # DAGs    # Errors  Last Runtime    Last Run
------------------------------------  -----  ---------  --------  ----------  --------------  -------------------
/opt/airflow/dags/minio-snowflake.py                           1           0  0.96s           2026-02-04T17:22:29
================================================================================
[2026-02-04T17:23:19.393+0000] {manager.py:878} INFO - 
================================================================================
DAG File Processing Stats

File Path                             PID    Runtime      # DAGs    # Errors  Last Runtime    Last Run
------------------------------------  -----  ---------  --------  ----------  --------------  -------------------
/opt/airflow/dags/minio-snowflake.py                           1           0  1.16s           2026-02-04T17:23:01
================================================================================
[2026-02-04T17:23:50.840+0000] {manager.py:878} INFO - 
================================================================================
DAG File Processing Stats

File Path                             PID    Runtime      # DAGs    # Errors  Last Runtime    Last Run
------------------------------------  -----  ---------  --------  ----------  --------------  -------------------
/opt/airflow/dags/minio-snowflake.py                           1           0  0.95s           2026-02-04T17:23:32
================================================================================
[2026-02-04T17:24:22.633+0000] {manager.py:878} INFO - 
================================================================================
DAG File Processing Stats

File Path                             PID    Runtime      # DAGs    # Errors  Last Runtime    Last Run
------------------------------------  -----  ---------  --------  ----------  --------------  -------------------
/opt/airflow/dags/minio-snowflake.py                           1           0  1.09s           2026-02-04T17:24:04
================================================================================
[2026-02-04T17:24:54.195+0000] {manager.py:878} INFO - 
================================================================================
DAG File Processing Stats

File Path                             PID    Runtime      # DAGs    # Errors  Last Runtime    Last Run
------------------------------------  -----  ---------  --------  ----------  --------------  -------------------
/opt/airflow/dags/minio-snowflake.py                           1           0  0.88s           2026-02-04T17:24:36
================================================================================
[2026-02-04T17:25:25.654+0000] {manager.py:878} INFO - 
================================================================================
DAG File Processing Stats

File Path                             PID    Runtime      # DAGs    # Errors  Last Runtime    Last Run
------------------------------------  -----  ---------  --------  ----------  --------------  -------------------
/opt/airflow/dags/minio-snowflake.py                           1           0  0.82s           2026-02-04T17:25:07
================================================================================
[2026-02-04T17:25:57.135+0000] {manager.py:878} INFO - 
================================================================================
DAG File Processing Stats

File Path                             PID    Runtime      # DAGs    # Errors  Last Runtime    Last Run
------------------------------------  -----  ---------  --------  ----------  --------------  -------------------
/opt/airflow/dags/minio-snowflake.py                           1           0  0.87s           2026-02-04T17:25:38
================================================================================
[2026-02-04T17:26:28.542+0000] {manager.py:878} INFO - 
================================================================================
DAG File Processing Stats

File Path                             PID    Runtime      # DAGs    # Errors  Last Runtime    Last Run
------------------------------------  -----  ---------  --------  ----------  --------------  -------------------
/opt/airflow/dags/minio-snowflake.py                           1           0  0.84s           2026-02-04T17:26:10
================================================================================
[2026-02-04T17:26:57.647+0000] {manager.py:737} INFO - Searching for files in /opt/airflow/dags
[2026-02-04T17:26:57.719+0000] {manager.py:740} INFO - There are 1 files in /opt/airflow/dags
[2026-02-04T17:27:00.206+0000] {manager.py:878} INFO - 
================================================================================
DAG File Processing Stats

File Path                             PID    Runtime      # DAGs    # Errors  Last Runtime    Last Run
------------------------------------  -----  ---------  --------  ----------  --------------  -------------------
/opt/airflow/dags/minio-snowflake.py                           1           0  0.96s           2026-02-04T17:26:41
================================================================================
[2026-02-04T17:27:31.659+0000] {manager.py:878} INFO - 
================================================================================
DAG File Processing Stats

File Path                             PID    Runtime      # DAGs    # Errors  Last Runtime    Last Run
------------------------------------  -----  ---------  --------  ----------  --------------  -------------------
/opt/airflow/dags/minio-snowflake.py                           1           0  0.85s           2026-02-04T17:27:12
================================================================================
[2026-02-04T17:28:03.260+0000] {manager.py:878} INFO - 
================================================================================
DAG File Processing Stats

File Path                             PID    Runtime      # DAGs    # Errors  Last Runtime    Last Run
------------------------------------  -----  ---------  --------  ----------  --------------  -------------------
/opt/airflow/dags/minio-snowflake.py                           1           0  0.92s           2026-02-04T17:27:43
================================================================================
[2026-02-04T17:28:34.843+0000] {manager.py:878} INFO - 
================================================================================
DAG File Processing Stats

File Path                             PID    Runtime      # DAGs    # Errors  Last Runtime    Last Run
------------------------------------  -----  ---------  --------  ----------  --------------  -------------------
/opt/airflow/dags/minio-snowflake.py                           1           0  0.91s           2026-02-04T17:28:15
================================================================================
[2026-02-04T17:29:06.568+0000] {manager.py:878} INFO - 
================================================================================
DAG File Processing Stats

File Path                             PID    Runtime      # DAGs    # Errors  Last Runtime    Last Run
------------------------------------  -----  ---------  --------  ----------  --------------  -------------------
/opt/airflow/dags/minio-snowflake.py                           1           0  1.07s           2026-02-04T17:28:46
================================================================================
[2026-02-04T17:29:38.129+0000] {manager.py:878} INFO - 
================================================================================
DAG File Processing Stats

File Path                             PID    Runtime      # DAGs    # Errors  Last Runtime    Last Run
------------------------------------  -----  ---------  --------  ----------  --------------  -------------------
/opt/airflow/dags/minio-snowflake.py                           1           0  0.91s           2026-02-04T17:29:17
================================================================================
[2026-02-04T17:30:09.699+0000] {manager.py:878} INFO - 
================================================================================
DAG File Processing Stats

File Path                             PID    Runtime      # DAGs    # Errors  Last Runtime    Last Run
------------------------------------  -----  ---------  --------  ----------  --------------  -------------------
/opt/airflow/dags/minio-snowflake.py                           1           0  0.91s           2026-02-04T17:29:49
================================================================================
[2026-02-04T17:30:41.150+0000] {manager.py:878} INFO - 
================================================================================
DAG File Processing Stats

File Path                             PID    Runtime      # DAGs    # Errors  Last Runtime    Last Run
------------------------------------  -----  ---------  --------  ----------  --------------  -------------------
/opt/airflow/dags/minio-snowflake.py                           1           0  0.87s           2026-02-04T17:30:20
================================================================================
[2026-02-04T17:31:12.620+0000] {manager.py:878} INFO - 
================================================================================
DAG File Processing Stats

File Path                             PID    Runtime      # DAGs    # Errors  Last Runtime    Last Run
------------------------------------  -----  ---------  --------  ----------  --------------  -------------------
/opt/airflow/dags/minio-snowflake.py                           1           0  0.84s           2026-02-04T17:30:52
================================================================================
[2026-02-04T17:31:44.706+0000] {manager.py:878} INFO - 
================================================================================
DAG File Processing Stats

File Path                             PID    Runtime      # DAGs    # Errors  Last Runtime    Last Run
------------------------------------  -----  ---------  --------  ----------  --------------  -------------------
/opt/airflow/dags/minio-snowflake.py                           1           0  1.06s           2026-02-04T17:31:23
================================================================================
[2026-02-04T17:31:58.098+0000] {manager.py:737} INFO - Searching for files in /opt/airflow/dags
[2026-02-04T17:31:58.176+0000] {manager.py:740} INFO - There are 1 files in /opt/airflow/dags
[2026-02-04T17:32:16.361+0000] {manager.py:878} INFO - 
================================================================================
DAG File Processing Stats

File Path                             PID    Runtime      # DAGs    # Errors  Last Runtime    Last Run
------------------------------------  -----  ---------  --------  ----------  --------------  -------------------
/opt/airflow/dags/minio-snowflake.py                           1           0  0.82s           2026-02-04T17:31:55
================================================================================
[2026-02-04T17:32:48.069+0000] {manager.py:878} INFO - 
================================================================================
DAG File Processing Stats

File Path                             PID    Runtime      # DAGs    # Errors  Last Runtime    Last Run
------------------------------------  -----  ---------  --------  ----------  --------------  -------------------
/opt/airflow/dags/minio-snowflake.py                           1           0  1.20s           2026-02-04T17:32:27
================================================================================
[2026-02-04T17:33:19.931+0000] {manager.py:878} INFO - 
================================================================================
DAG File Processing Stats

File Path                             PID    Runtime      # DAGs    # Errors  Last Runtime    Last Run
------------------------------------  -----  ---------  --------  ----------  --------------  -------------------
/opt/airflow/dags/minio-snowflake.py                           1           0  1.13s           2026-02-04T17:32:58
================================================================================
[2026-02-04T17:33:53.077+0000] {manager.py:878} INFO - 
================================================================================
DAG File Processing Stats

File Path                             PID    Runtime      # DAGs    # Errors  Last Runtime    Last Run
------------------------------------  -----  ---------  --------  ----------  --------------  -------------------
/opt/airflow/dags/minio-snowflake.py                           1           0  1.25s           2026-02-04T17:33:30
================================================================================
[2026-02-04T17:34:24.744+0000] {manager.py:878} INFO - 
================================================================================
DAG File Processing Stats

File Path                             PID    Runtime      # DAGs    # Errors  Last Runtime    Last Run
------------------------------------  -----  ---------  --------  ----------  --------------  -------------------
/opt/airflow/dags/minio-snowflake.py                           1           0  1.01s           2026-02-04T17:34:02
================================================================================
[2026-02-04T17:34:56.583+0000] {manager.py:878} INFO - 
================================================================================
DAG File Processing Stats

File Path                             PID    Runtime      # DAGs    # Errors  Last Runtime    Last Run
------------------------------------  -----  ---------  --------  ----------  --------------  -------------------
/opt/airflow/dags/minio-snowflake.py                           1           0  1.08s           2026-02-04T17:34:33
================================================================================
[2026-02-04T17:35:28.064+0000] {manager.py:878} INFO - 
================================================================================
DAG File Processing Stats

File Path                             PID    Runtime      # DAGs    # Errors  Last Runtime    Last Run
------------------------------------  -----  ---------  --------  ----------  --------------  -------------------
/opt/airflow/dags/minio-snowflake.py                           1           0  0.84s           2026-02-04T17:35:05
================================================================================
[2026-02-04T17:35:59.693+0000] {manager.py:878} INFO - 
================================================================================
DAG File Processing Stats

File Path                             PID    Runtime      # DAGs    # Errors  Last Runtime    Last Run
------------------------------------  -----  ---------  --------  ----------  --------------  -------------------
/opt/airflow/dags/minio-snowflake.py                           1           0  0.90s           2026-02-04T17:35:37
================================================================================
[2026-02-04T17:36:31.190+0000] {manager.py:878} INFO - 
================================================================================
DAG File Processing Stats

File Path                             PID    Runtime      # DAGs    # Errors  Last Runtime    Last Run
------------------------------------  -----  ---------  --------  ----------  --------------  -------------------
/opt/airflow/dags/minio-snowflake.py                           1           0  0.78s           2026-02-04T17:36:08
================================================================================
[2026-02-04T17:36:58.452+0000] {manager.py:737} INFO - Searching for files in /opt/airflow/dags
[2026-02-04T17:36:58.549+0000] {manager.py:740} INFO - There are 1 files in /opt/airflow/dags
[2026-02-04T17:37:03.154+0000] {manager.py:878} INFO - 
================================================================================
DAG File Processing Stats

File Path                             PID    Runtime      # DAGs    # Errors  Last Runtime    Last Run
------------------------------------  -----  ---------  --------  ----------  --------------  -------------------
/opt/airflow/dags/minio-snowflake.py                           1           0  0.86s           2026-02-04T17:36:39
================================================================================
[2026-02-04T17:37:34.635+0000] {manager.py:878} INFO - 
================================================================================
DAG File Processing Stats

File Path                             PID    Runtime      # DAGs    # Errors  Last Runtime    Last Run
------------------------------------  -----  ---------  --------  ----------  --------------  -------------------
/opt/airflow/dags/minio-snowflake.py                           1           0  0.82s           2026-02-04T17:37:11
================================================================================
[2026-02-04T17:38:06.290+0000] {manager.py:878} INFO - 
================================================================================
DAG File Processing Stats

File Path                             PID    Runtime      # DAGs    # Errors  Last Runtime    Last Run
------------------------------------  -----  ---------  --------  ----------  --------------  -------------------
/opt/airflow/dags/minio-snowflake.py                           1           0  0.91s           2026-02-04T17:37:42
================================================================================
[2026-02-04T17:38:38.193+0000] {manager.py:878} INFO - 
================================================================================
DAG File Processing Stats

File Path                             PID    Runtime      # DAGs    # Errors  Last Runtime    Last Run
------------------------------------  -----  ---------  --------  ----------  --------------  -------------------
/opt/airflow/dags/minio-snowflake.py                           1           0  0.83s           2026-02-04T17:38:13
================================================================================
[2026-02-04T17:39:09.836+0000] {manager.py:878} INFO - 
================================================================================
DAG File Processing Stats

File Path                             PID    Runtime      # DAGs    # Errors  Last Runtime    Last Run
------------------------------------  -----  ---------  --------  ----------  --------------  -------------------
/opt/airflow/dags/minio-snowflake.py                           1           0  0.85s           2026-02-04T17:38:45
================================================================================
[2026-02-04T17:39:41.522+0000] {manager.py:878} INFO - 
================================================================================
DAG File Processing Stats

File Path                             PID    Runtime      # DAGs    # Errors  Last Runtime    Last Run
------------------------------------  -----  ---------  --------  ----------  --------------  -------------------
/opt/airflow/dags/minio-snowflake.py                           1           0  0.81s           2026-02-04T17:39:16
================================================================================
[2026-02-04T17:40:13.149+0000] {manager.py:878} INFO - 
================================================================================
DAG File Processing Stats

File Path                             PID    Runtime      # DAGs    # Errors  Last Runtime    Last Run
------------------------------------  -----  ---------  --------  ----------  --------------  -------------------
/opt/airflow/dags/minio-snowflake.py                           1           0  0.86s           2026-02-04T17:39:47
================================================================================
[2026-02-04T17:40:45.016+0000] {manager.py:878} INFO - 
================================================================================
DAG File Processing Stats

File Path                             PID    Runtime      # DAGs    # Errors  Last Runtime    Last Run
------------------------------------  -----  ---------  --------  ----------  --------------  -------------------
/opt/airflow/dags/minio-snowflake.py                           1           0  0.90s           2026-02-04T17:40:19
================================================================================
[2026-02-04T17:41:17.227+0000] {manager.py:878} INFO - 
================================================================================
DAG File Processing Stats

File Path                             PID    Runtime      # DAGs    # Errors  Last Runtime    Last Run
------------------------------------  -----  ---------  --------  ----------  --------------  -------------------
/opt/airflow/dags/minio-snowflake.py                           1           0  1.12s           2026-02-04T17:40:50
================================================================================
[2026-02-04T17:41:49.065+0000] {manager.py:878} INFO - 
================================================================================
DAG File Processing Stats

File Path                             PID    Runtime      # DAGs    # Errors  Last Runtime    Last Run
------------------------------------  -----  ---------  --------  ----------  --------------  -------------------
/opt/airflow/dags/minio-snowflake.py                           1           0  1.11s           2026-02-04T17:41:22
================================================================================
[2026-02-04T17:41:59.103+0000] {manager.py:737} INFO - Searching for files in /opt/airflow/dags
[2026-02-04T17:41:59.190+0000] {manager.py:740} INFO - There are 1 files in /opt/airflow/dags
[2026-02-04T17:42:20.888+0000] {manager.py:878} INFO - 
================================================================================
DAG File Processing Stats

File Path                             PID    Runtime      # DAGs    # Errors  Last Runtime    Last Run
------------------------------------  -----  ---------  --------  ----------  --------------  -------------------
/opt/airflow/dags/minio-snowflake.py                           1           0  0.90s           2026-02-04T17:41:54
================================================================================
[2026-02-04T17:42:52.725+0000] {manager.py:878} INFO - 
================================================================================
DAG File Processing Stats

File Path                             PID    Runtime      # DAGs    # Errors  Last Runtime    Last Run
------------------------------------  -----  ---------  --------  ----------  --------------  -------------------
/opt/airflow/dags/minio-snowflake.py                           1           0  0.96s           2026-02-04T17:42:25
================================================================================
[2026-02-04T17:43:24.655+0000] {manager.py:878} INFO - 
================================================================================
DAG File Processing Stats

File Path                             PID    Runtime      # DAGs    # Errors  Last Runtime    Last Run
------------------------------------  -----  ---------  --------  ----------  --------------  -------------------
/opt/airflow/dags/minio-snowflake.py                           1           0  1.05s           2026-02-04T17:42:57
================================================================================
[2026-02-04T17:43:56.287+0000] {manager.py:878} INFO - 
================================================================================
DAG File Processing Stats

File Path                             PID    Runtime      # DAGs    # Errors  Last Runtime    Last Run
------------------------------------  -----  ---------  --------  ----------  --------------  -------------------
/opt/airflow/dags/minio-snowflake.py                           1           0  0.85s           2026-02-04T17:43:29
================================================================================
[2026-02-04T17:44:28.078+0000] {manager.py:878} INFO - 
================================================================================
DAG File Processing Stats

File Path                             PID    Runtime      # DAGs    # Errors  Last Runtime    Last Run
------------------------------------  -----  ---------  --------  ----------  --------------  -------------------
/opt/airflow/dags/minio-snowflake.py                           1           0  0.99s           2026-02-04T17:44:01
================================================================================
[2026-02-04T17:44:59.794+0000] {manager.py:878} INFO - 
================================================================================
DAG File Processing Stats

File Path                             PID    Runtime      # DAGs    # Errors  Last Runtime    Last Run
------------------------------------  -----  ---------  --------  ----------  --------------  -------------------
/opt/airflow/dags/minio-snowflake.py                           1           0  0.86s           2026-02-04T17:44:32
================================================================================
[2026-02-04T17:45:31.609+0000] {manager.py:878} INFO - 
================================================================================
DAG File Processing Stats

File Path                             PID    Runtime      # DAGs    # Errors  Last Runtime    Last Run
------------------------------------  -----  ---------  --------  ----------  --------------  -------------------
/opt/airflow/dags/minio-snowflake.py                           1           0  0.84s           2026-02-04T17:45:03
================================================================================
[2026-02-04T17:46:03.436+0000] {manager.py:878} INFO - 
================================================================================
DAG File Processing Stats

File Path                             PID    Runtime      # DAGs    # Errors  Last Runtime    Last Run
------------------------------------  -----  ---------  --------  ----------  --------------  -------------------
/opt/airflow/dags/minio-snowflake.py                           1           0  1.02s           2026-02-04T17:45:35
================================================================================
[2026-02-04T17:46:35.050+0000] {manager.py:878} INFO - 
================================================================================
DAG File Processing Stats

File Path                             PID    Runtime      # DAGs    # Errors  Last Runtime    Last Run
------------------------------------  -----  ---------  --------  ----------  --------------  -------------------
/opt/airflow/dags/minio-snowflake.py                           1           0  0.82s           2026-02-04T17:46:07
================================================================================
[2026-02-04T17:47:01.004+0000] {manager.py:737} INFO - Searching for files in /opt/airflow/dags
[2026-02-04T17:47:01.108+0000] {manager.py:740} INFO - There are 1 files in /opt/airflow/dags
[2026-02-04T17:47:07.192+0000] {manager.py:878} INFO - 
================================================================================
DAG File Processing Stats

File Path                             PID    Runtime      # DAGs    # Errors  Last Runtime    Last Run
------------------------------------  -----  ---------  --------  ----------  --------------  -------------------
/opt/airflow/dags/minio-snowflake.py                           1           0  1.24s           2026-02-04T17:46:39
================================================================================
[2026-02-04T17:47:38.901+0000] {manager.py:878} INFO - 
================================================================================
DAG File Processing Stats

File Path                             PID    Runtime      # DAGs    # Errors  Last Runtime    Last Run
------------------------------------  -----  ---------  --------  ----------  --------------  -------------------
/opt/airflow/dags/minio-snowflake.py                           1           0  0.86s           2026-02-04T17:47:11
================================================================================
[2026-02-04T17:48:10.822+0000] {manager.py:878} INFO - 
================================================================================
DAG File Processing Stats

File Path                             PID    Runtime      # DAGs    # Errors  Last Runtime    Last Run
------------------------------------  -----  ---------  --------  ----------  --------------  -------------------
/opt/airflow/dags/minio-snowflake.py                           1           0  1.18s           2026-02-04T17:47:43
================================================================================
[2026-02-04T17:48:42.611+0000] {manager.py:878} INFO - 
================================================================================
DAG File Processing Stats

File Path                             PID    Runtime      # DAGs    # Errors  Last Runtime    Last Run
------------------------------------  -----  ---------  --------  ----------  --------------  -------------------
/opt/airflow/dags/minio-snowflake.py                           1           0  0.96s           2026-02-04T17:48:14
================================================================================
[2026-02-04T17:49:14.349+0000] {manager.py:878} INFO - 
================================================================================
DAG File Processing Stats

File Path                             PID    Runtime      # DAGs    # Errors  Last Runtime    Last Run
------------------------------------  -----  ---------  --------  ----------  --------------  -------------------
/opt/airflow/dags/minio-snowflake.py                           1           0  0.89s           2026-02-04T17:48:46
================================================================================
[2026-02-04T17:49:46.121+0000] {manager.py:878} INFO - 
================================================================================
DAG File Processing Stats

File Path                             PID    Runtime      # DAGs    # Errors  Last Runtime    Last Run
------------------------------------  -----  ---------  --------  ----------  --------------  -------------------
/opt/airflow/dags/minio-snowflake.py                           1           0  0.87s           2026-02-04T17:49:18
================================================================================
[2026-02-04T17:50:17.909+0000] {manager.py:878} INFO - 
================================================================================
DAG File Processing Stats

File Path                             PID    Runtime      # DAGs    # Errors  Last Runtime    Last Run
------------------------------------  -----  ---------  --------  ----------  --------------  -------------------
/opt/airflow/dags/minio-snowflake.py                           1           0  0.89s           2026-02-04T17:49:49
================================================================================
[2026-02-04T17:50:49.596+0000] {manager.py:878} INFO - 
================================================================================
DAG File Processing Stats

File Path                             PID    Runtime      # DAGs    # Errors  Last Runtime    Last Run
------------------------------------  -----  ---------  --------  ----------  --------------  -------------------
/opt/airflow/dags/minio-snowflake.py                           1           0  0.85s           2026-02-04T17:50:20
================================================================================
[2026-02-04T17:51:21.444+0000] {manager.py:878} INFO - 
================================================================================
DAG File Processing Stats

File Path                             PID    Runtime      # DAGs    # Errors  Last Runtime    Last Run
------------------------------------  -----  ---------  --------  ----------  --------------  -------------------
/opt/airflow/dags/minio-snowflake.py                           1           0  1.06s           2026-02-04T17:50:52
================================================================================
[2026-02-04T17:51:53.224+0000] {manager.py:878} INFO - 
================================================================================
DAG File Processing Stats

File Path                             PID    Runtime      # DAGs    # Errors  Last Runtime    Last Run
------------------------------------  -----  ---------  --------  ----------  --------------  -------------------
/opt/airflow/dags/minio-snowflake.py                           1           0  0.89s           2026-02-04T17:51:24
================================================================================
[2026-02-04T17:52:01.415+0000] {manager.py:737} INFO - Searching for files in /opt/airflow/dags
[2026-02-04T17:52:01.471+0000] {manager.py:740} INFO - There are 1 files in /opt/airflow/dags
[2026-02-04T17:52:25.199+0000] {manager.py:878} INFO - 
================================================================================
DAG File Processing Stats

File Path                             PID    Runtime      # DAGs    # Errors  Last Runtime    Last Run
------------------------------------  -----  ---------  --------  ----------  --------------  -------------------
/opt/airflow/dags/minio-snowflake.py                           1           0  1.27s           2026-02-04T17:51:56
================================================================================
[2026-02-04T17:52:56.928+0000] {manager.py:878} INFO - 
================================================================================
DAG File Processing Stats

File Path                             PID    Runtime      # DAGs    # Errors  Last Runtime    Last Run
------------------------------------  -----  ---------  --------  ----------  --------------  -------------------
/opt/airflow/dags/minio-snowflake.py                           1           0  0.92s           2026-02-04T17:52:28
================================================================================
[2026-02-04T17:53:28.661+0000] {manager.py:878} INFO - 
================================================================================
DAG File Processing Stats

File Path                             PID    Runtime      # DAGs    # Errors  Last Runtime    Last Run
------------------------------------  -----  ---------  --------  ----------  --------------  -------------------
/opt/airflow/dags/minio-snowflake.py                           1           0  0.89s           2026-02-04T17:52:59
================================================================================
[2026-02-04T17:54:00.786+0000] {manager.py:878} INFO - 
================================================================================
DAG File Processing Stats

File Path                             PID    Runtime      # DAGs    # Errors  Last Runtime    Last Run
------------------------------------  -----  ---------  --------  ----------  --------------  -------------------
/opt/airflow/dags/minio-snowflake.py                           1           0  1.10s           2026-02-04T17:53:31
================================================================================
[2026-02-04T17:54:32.676+0000] {manager.py:878} INFO - 
================================================================================
DAG File Processing Stats

File Path                             PID    Runtime      # DAGs    # Errors  Last Runtime    Last Run
------------------------------------  -----  ---------  --------  ----------  --------------  -------------------
/opt/airflow/dags/minio-snowflake.py                           1           0  1.12s           2026-02-04T17:54:02
================================================================================
[2026-02-04T17:55:04.431+0000] {manager.py:878} INFO - 
================================================================================
DAG File Processing Stats

File Path                             PID    Runtime      # DAGs    # Errors  Last Runtime    Last Run
------------------------------------  -----  ---------  --------  ----------  --------------  -------------------
/opt/airflow/dags/minio-snowflake.py                           1           0  0.91s           2026-02-04T17:54:34
================================================================================
[2026-02-04T17:55:36.119+0000] {manager.py:878} INFO - 
================================================================================
DAG File Processing Stats

File Path                             PID    Runtime      # DAGs    # Errors  Last Runtime    Last Run
------------------------------------  -----  ---------  --------  ----------  --------------  -------------------
/opt/airflow/dags/minio-snowflake.py                           1           0  0.86s           2026-02-04T17:55:06
================================================================================
[2026-02-04T17:56:07.986+0000] {manager.py:878} INFO - 
================================================================================
DAG File Processing Stats

File Path                               PID  Runtime      # DAGs    # Errors  Last Runtime    Last Run
------------------------------------  -----  ---------  --------  ----------  --------------  -------------------
/opt/airflow/dags/minio-snowflake.py  19829  0.00s             1           0  0.87s           2026-02-04T17:55:37
================================================================================
[2026-02-04T17:56:39.695+0000] {manager.py:878} INFO - 
================================================================================
DAG File Processing Stats

File Path                               PID  Runtime      # DAGs    # Errors  Last Runtime    Last Run
------------------------------------  -----  ---------  --------  ----------  --------------  -------------------
/opt/airflow/dags/minio-snowflake.py  20065  0.80s             1           0  0.85s           2026-02-04T17:56:08
================================================================================
[2026-02-04T17:57:01.432+0000] {manager.py:737} INFO - Searching for files in /opt/airflow/dags
[2026-02-04T17:57:01.502+0000] {manager.py:740} INFO - There are 1 files in /opt/airflow/dags
[2026-02-04T17:57:11.469+0000] {manager.py:878} INFO - 
================================================================================
DAG File Processing Stats

File Path                             PID    Runtime      # DAGs    # Errors  Last Runtime    Last Run
------------------------------------  -----  ---------  --------  ----------  --------------  -------------------
/opt/airflow/dags/minio-snowflake.py                           1           0  0.85s           2026-02-04T17:57:11
================================================================================
[2026-02-04T17:57:43.239+0000] {manager.py:878} INFO - 
================================================================================
DAG File Processing Stats

File Path                             PID    Runtime      # DAGs    # Errors  Last Runtime    Last Run
------------------------------------  -----  ---------  --------  ----------  --------------  -------------------
/opt/airflow/dags/minio-snowflake.py                           1           0  0.91s           2026-02-04T17:57:43
================================================================================
[2026-02-04T17:58:15.084+0000] {manager.py:878} INFO - 
================================================================================
DAG File Processing Stats

File Path                             PID    Runtime      # DAGs    # Errors  Last Runtime    Last Run
------------------------------------  -----  ---------  --------  ----------  --------------  -------------------
/opt/airflow/dags/minio-snowflake.py                           1           0  0.86s           2026-02-04T17:58:14
================================================================================
[2026-02-04T17:58:46.887+0000] {manager.py:878} INFO - 
================================================================================
DAG File Processing Stats

File Path                             PID    Runtime      # DAGs    # Errors  Last Runtime    Last Run
------------------------------------  -----  ---------  --------  ----------  --------------  -------------------
/opt/airflow/dags/minio-snowflake.py                           1           0  0.87s           2026-02-04T17:58:45
================================================================================
[2026-02-04T17:59:18.589+0000] {manager.py:878} INFO - 
================================================================================
DAG File Processing Stats

File Path                             PID    Runtime      # DAGs    # Errors  Last Runtime    Last Run
------------------------------------  -----  ---------  --------  ----------  --------------  -------------------
/opt/airflow/dags/minio-snowflake.py                           1           0  0.87s           2026-02-04T17:59:17
================================================================================
[2026-02-04T17:59:50.437+0000] {manager.py:878} INFO - 
================================================================================
DAG File Processing Stats

File Path                             PID    Runtime      # DAGs    # Errors  Last Runtime    Last Run
------------------------------------  -----  ---------  --------  ----------  --------------  -------------------
/opt/airflow/dags/minio-snowflake.py                           1           0  0.87s           2026-02-04T17:59:48
================================================================================
[2026-02-04T18:00:22.194+0000] {manager.py:878} INFO - 
================================================================================
DAG File Processing Stats

File Path                             PID    Runtime      # DAGs    # Errors  Last Runtime    Last Run
------------------------------------  -----  ---------  --------  ----------  --------------  -------------------
/opt/airflow/dags/minio-snowflake.py                           1           0  0.89s           2026-02-04T18:00:20
================================================================================
[2026-02-04T18:00:54.087+0000] {manager.py:878} INFO - 
================================================================================
DAG File Processing Stats

File Path                             PID    Runtime      # DAGs    # Errors  Last Runtime    Last Run
------------------------------------  -----  ---------  --------  ----------  --------------  -------------------
/opt/airflow/dags/minio-snowflake.py                           1           0  0.94s           2026-02-04T18:00:51
================================================================================
[2026-02-04T18:01:25.804+0000] {manager.py:878} INFO - 
================================================================================
DAG File Processing Stats

File Path                             PID    Runtime      # DAGs    # Errors  Last Runtime    Last Run
------------------------------------  -----  ---------  --------  ----------  --------------  -------------------
/opt/airflow/dags/minio-snowflake.py                           1           0  0.89s           2026-02-04T18:01:22
================================================================================
[2026-02-04T18:01:57.677+0000] {manager.py:878} INFO - 
================================================================================
DAG File Processing Stats

File Path                             PID    Runtime      # DAGs    # Errors  Last Runtime    Last Run
------------------------------------  -----  ---------  --------  ----------  --------------  -------------------
/opt/airflow/dags/minio-snowflake.py                           1           0  0.97s           2026-02-04T18:01:53
================================================================================
[2026-02-04T18:02:01.712+0000] {manager.py:737} INFO - Searching for files in /opt/airflow/dags
[2026-02-04T18:02:01.783+0000] {manager.py:740} INFO - There are 1 files in /opt/airflow/dags
[2026-02-04T18:02:29.536+0000] {manager.py:878} INFO - 
================================================================================
DAG File Processing Stats

File Path                             PID    Runtime      # DAGs    # Errors  Last Runtime    Last Run
------------------------------------  -----  ---------  --------  ----------  --------------  -------------------
/opt/airflow/dags/minio-snowflake.py                           1           0  0.91s           2026-02-04T18:02:25
================================================================================
[2026-02-04T18:03:01.511+0000] {manager.py:878} INFO - 
================================================================================
DAG File Processing Stats

File Path                             PID    Runtime      # DAGs    # Errors  Last Runtime    Last Run
------------------------------------  -----  ---------  --------  ----------  --------------  -------------------
/opt/airflow/dags/minio-snowflake.py                           1           0  1.12s           2026-02-04T18:02:57
================================================================================
[2026-02-04T18:03:33.236+0000] {manager.py:878} INFO - 
================================================================================
DAG File Processing Stats

File Path                             PID    Runtime      # DAGs    # Errors  Last Runtime    Last Run
------------------------------------  -----  ---------  --------  ----------  --------------  -------------------
/opt/airflow/dags/minio-snowflake.py                           1           0  0.88s           2026-02-04T18:03:29
================================================================================
[2026-02-04T18:04:05.009+0000] {manager.py:878} INFO - 
================================================================================
DAG File Processing Stats

File Path                             PID    Runtime      # DAGs    # Errors  Last Runtime    Last Run
------------------------------------  -----  ---------  --------  ----------  --------------  -------------------
/opt/airflow/dags/minio-snowflake.py                           1           0  0.87s           2026-02-04T18:04:00
================================================================================
[2026-02-04T18:04:36.871+0000] {manager.py:878} INFO - 
================================================================================
DAG File Processing Stats

File Path                             PID    Runtime      # DAGs    # Errors  Last Runtime    Last Run
------------------------------------  -----  ---------  --------  ----------  --------------  -------------------
/opt/airflow/dags/minio-snowflake.py                           1           0  0.90s           2026-02-04T18:04:31
================================================================================
[2026-02-04T18:05:08.607+0000] {manager.py:878} INFO - 
================================================================================
DAG File Processing Stats

File Path                             PID    Runtime      # DAGs    # Errors  Last Runtime    Last Run
------------------------------------  -----  ---------  --------  ----------  --------------  -------------------
/opt/airflow/dags/minio-snowflake.py                           1           0  0.83s           2026-02-04T18:05:03
================================================================================
[2026-02-04T18:05:40.453+0000] {manager.py:878} INFO - 
================================================================================
DAG File Processing Stats

File Path                             PID    Runtime      # DAGs    # Errors  Last Runtime    Last Run
------------------------------------  -----  ---------  --------  ----------  --------------  -------------------
/opt/airflow/dags/minio-snowflake.py                           1           0  0.78s           2026-02-04T18:05:34
================================================================================
[2026-02-04T18:06:12.301+0000] {manager.py:878} INFO - 
================================================================================
DAG File Processing Stats

File Path                             PID    Runtime      # DAGs    # Errors  Last Runtime    Last Run
------------------------------------  -----  ---------  --------  ----------  --------------  -------------------
/opt/airflow/dags/minio-snowflake.py                           1           0  1.02s           2026-02-04T18:06:06
================================================================================
[2026-02-04T18:06:44.037+0000] {manager.py:878} INFO - 
================================================================================
DAG File Processing Stats

File Path                             PID    Runtime      # DAGs    # Errors  Last Runtime    Last Run
------------------------------------  -----  ---------  --------  ----------  --------------  -------------------
/opt/airflow/dags/minio-snowflake.py                           1           0  0.84s           2026-02-04T18:06:37
================================================================================
[2026-02-04T18:07:01.766+0000] {manager.py:737} INFO - Searching for files in /opt/airflow/dags
[2026-02-04T18:07:01.826+0000] {manager.py:740} INFO - There are 1 files in /opt/airflow/dags
[2026-02-04T18:07:15.892+0000] {manager.py:878} INFO - 
================================================================================
DAG File Processing Stats

File Path                             PID    Runtime      # DAGs    # Errors  Last Runtime    Last Run
------------------------------------  -----  ---------  --------  ----------  --------------  -------------------
/opt/airflow/dags/minio-snowflake.py                           1           0  0.82s           2026-02-04T18:07:08
================================================================================
[2026-02-04T18:07:47.685+0000] {manager.py:878} INFO - 
================================================================================
DAG File Processing Stats

File Path                             PID    Runtime      # DAGs    # Errors  Last Runtime    Last Run
------------------------------------  -----  ---------  --------  ----------  --------------  -------------------
/opt/airflow/dags/minio-snowflake.py                           1           0  0.93s           2026-02-04T18:07:40
================================================================================
[2026-02-04T18:08:19.574+0000] {manager.py:878} INFO - 
================================================================================
DAG File Processing Stats

File Path                             PID    Runtime      # DAGs    # Errors  Last Runtime    Last Run
------------------------------------  -----  ---------  --------  ----------  --------------  -------------------
/opt/airflow/dags/minio-snowflake.py                           1           0  0.84s           2026-02-04T18:08:11
================================================================================
[2026-02-04T18:08:51.418+0000] {manager.py:878} INFO - 
================================================================================
DAG File Processing Stats

File Path                             PID    Runtime      # DAGs    # Errors  Last Runtime    Last Run
------------------------------------  -----  ---------  --------  ----------  --------------  -------------------
/opt/airflow/dags/minio-snowflake.py                           1           0  0.93s           2026-02-04T18:08:43
================================================================================
[2026-02-04T18:09:23.187+0000] {manager.py:878} INFO - 
================================================================================
DAG File Processing Stats

File Path                             PID    Runtime      # DAGs    # Errors  Last Runtime    Last Run
------------------------------------  -----  ---------  --------  ----------  --------------  -------------------
/opt/airflow/dags/minio-snowflake.py                           1           0  0.90s           2026-02-04T18:09:15
================================================================================
[2026-02-04T18:09:55.128+0000] {manager.py:878} INFO - 
================================================================================
DAG File Processing Stats

File Path                             PID    Runtime      # DAGs    # Errors  Last Runtime    Last Run
------------------------------------  -----  ---------  --------  ----------  --------------  -------------------
/opt/airflow/dags/minio-snowflake.py                           1           0  0.93s           2026-02-04T18:09:46
================================================================================
[2026-02-04T18:10:26.880+0000] {manager.py:878} INFO - 
================================================================================
DAG File Processing Stats

File Path                             PID    Runtime      # DAGs    # Errors  Last Runtime    Last Run
------------------------------------  -----  ---------  --------  ----------  --------------  -------------------
/opt/airflow/dags/minio-snowflake.py                           1           0  0.87s           2026-02-04T18:10:17
================================================================================
[2026-02-04T18:10:58.536+0000] {manager.py:878} INFO - 
================================================================================
DAG File Processing Stats

File Path                             PID    Runtime      # DAGs    # Errors  Last Runtime    Last Run
------------------------------------  -----  ---------  --------  ----------  --------------  -------------------
/opt/airflow/dags/minio-snowflake.py                           1           0  0.79s           2026-02-04T18:10:49
================================================================================
[2026-02-04T18:11:30.789+0000] {manager.py:878} INFO - 
================================================================================
DAG File Processing Stats

File Path                             PID    Runtime      # DAGs    # Errors  Last Runtime    Last Run
------------------------------------  -----  ---------  --------  ----------  --------------  -------------------
/opt/airflow/dags/minio-snowflake.py                           1           0  1.05s           2026-02-04T18:11:20
================================================================================
[2026-02-04T18:12:02.567+0000] {manager.py:737} INFO - Searching for files in /opt/airflow/dags
[2026-02-04T18:12:02.621+0000] {manager.py:740} INFO - There are 1 files in /opt/airflow/dags
[2026-02-04T18:12:02.639+0000] {manager.py:878} INFO - 
================================================================================
DAG File Processing Stats

File Path                             PID    Runtime      # DAGs    # Errors  Last Runtime    Last Run
------------------------------------  -----  ---------  --------  ----------  --------------  -------------------
/opt/airflow/dags/minio-snowflake.py                           1           0  0.86s           2026-02-04T18:11:52
================================================================================
[2026-02-04T18:12:34.520+0000] {manager.py:878} INFO - 
================================================================================
DAG File Processing Stats

File Path                             PID    Runtime      # DAGs    # Errors  Last Runtime    Last Run
------------------------------------  -----  ---------  --------  ----------  --------------  -------------------
/opt/airflow/dags/minio-snowflake.py                           1           0  0.89s           2026-02-04T18:12:23
================================================================================
[2026-02-04T18:13:06.221+0000] {manager.py:878} INFO - 
================================================================================
DAG File Processing Stats

File Path                             PID    Runtime      # DAGs    # Errors  Last Runtime    Last Run
------------------------------------  -----  ---------  --------  ----------  --------------  -------------------
/opt/airflow/dags/minio-snowflake.py                           1           0  0.85s           2026-02-04T18:12:55
================================================================================
[2026-02-04T18:13:38.089+0000] {manager.py:878} INFO - 
================================================================================
DAG File Processing Stats

File Path                             PID    Runtime      # DAGs    # Errors  Last Runtime    Last Run
------------------------------------  -----  ---------  --------  ----------  --------------  -------------------
/opt/airflow/dags/minio-snowflake.py                           1           0  0.86s           2026-02-04T18:13:26
================================================================================
[2026-02-04T18:14:10.063+0000] {manager.py:878} INFO - 
================================================================================
DAG File Processing Stats

File Path                             PID    Runtime      # DAGs    # Errors  Last Runtime    Last Run
------------------------------------  -----  ---------  --------  ----------  --------------  -------------------
/opt/airflow/dags/minio-snowflake.py                           1           0  1.15s           2026-02-04T18:13:58
================================================================================
[2026-02-04T18:14:42.093+0000] {manager.py:878} INFO - 
================================================================================
DAG File Processing Stats

File Path                             PID    Runtime      # DAGs    # Errors  Last Runtime    Last Run
------------------------------------  -----  ---------  --------  ----------  --------------  -------------------
/opt/airflow/dags/minio-snowflake.py                           1           0  1.12s           2026-02-04T18:14:30
================================================================================
[2026-02-04T18:15:13.888+0000] {manager.py:878} INFO - 
================================================================================
DAG File Processing Stats

File Path                             PID    Runtime      # DAGs    # Errors  Last Runtime    Last Run
------------------------------------  -----  ---------  --------  ----------  --------------  -------------------
/opt/airflow/dags/minio-snowflake.py                           1           0  0.91s           2026-02-04T18:15:01
================================================================================
[2026-02-04T18:15:45.762+0000] {manager.py:878} INFO - 
================================================================================
DAG File Processing Stats

File Path                             PID    Runtime      # DAGs    # Errors  Last Runtime    Last Run
------------------------------------  -----  ---------  --------  ----------  --------------  -------------------
/opt/airflow/dags/minio-snowflake.py                           1           0  0.97s           2026-02-04T18:15:33
================================================================================
[2026-02-04T18:16:17.527+0000] {manager.py:878} INFO - 
================================================================================
DAG File Processing Stats

File Path                             PID    Runtime      # DAGs    # Errors  Last Runtime    Last Run
------------------------------------  -----  ---------  --------  ----------  --------------  -------------------
/opt/airflow/dags/minio-snowflake.py                           1           0  0.85s           2026-02-04T18:16:05
================================================================================
[2026-02-04T18:16:49.454+0000] {manager.py:878} INFO - 
================================================================================
DAG File Processing Stats

File Path                             PID    Runtime      # DAGs    # Errors  Last Runtime    Last Run
------------------------------------  -----  ---------  --------  ----------  --------------  -------------------
/opt/airflow/dags/minio-snowflake.py                           1           0  0.90s           2026-02-04T18:16:36
================================================================================
[2026-02-04T18:17:03.132+0000] {manager.py:737} INFO - Searching for files in /opt/airflow/dags
[2026-02-04T18:17:03.204+0000] {manager.py:740} INFO - There are 1 files in /opt/airflow/dags
[2026-02-04T18:17:21.225+0000] {manager.py:878} INFO - 
================================================================================
DAG File Processing Stats

File Path                             PID    Runtime      # DAGs    # Errors  Last Runtime    Last Run
------------------------------------  -----  ---------  --------  ----------  --------------  -------------------
/opt/airflow/dags/minio-snowflake.py                           1           0  0.83s           2026-02-04T18:17:08
================================================================================
[2026-02-04T18:17:53.123+0000] {manager.py:878} INFO - 
================================================================================
DAG File Processing Stats

File Path                             PID    Runtime      # DAGs    # Errors  Last Runtime    Last Run
------------------------------------  -----  ---------  --------  ----------  --------------  -------------------
/opt/airflow/dags/minio-snowflake.py                           1           0  0.85s           2026-02-04T18:17:38
================================================================================
[2026-02-04T18:18:24.834+0000] {manager.py:878} INFO - 
================================================================================
DAG File Processing Stats

File Path                             PID    Runtime      # DAGs    # Errors  Last Runtime    Last Run
------------------------------------  -----  ---------  --------  ----------  --------------  -------------------
/opt/airflow/dags/minio-snowflake.py                           1           0  0.82s           2026-02-04T18:18:10
================================================================================
[2026-02-04T18:18:56.778+0000] {manager.py:878} INFO - 
================================================================================
DAG File Processing Stats

File Path                             PID    Runtime      # DAGs    # Errors  Last Runtime    Last Run
------------------------------------  -----  ---------  --------  ----------  --------------  -------------------
/opt/airflow/dags/minio-snowflake.py                           1           0  0.88s           2026-02-04T18:18:41
================================================================================
[2026-02-04T18:19:28.469+0000] {manager.py:878} INFO - 
================================================================================
DAG File Processing Stats

File Path                             PID    Runtime      # DAGs    # Errors  Last Runtime    Last Run
------------------------------------  -----  ---------  --------  ----------  --------------  -------------------
/opt/airflow/dags/minio-snowflake.py                           1           0  0.81s           2026-02-04T18:19:13
================================================================================
[2026-02-04T18:20:00.365+0000] {manager.py:878} INFO - 
================================================================================
DAG File Processing Stats

File Path                             PID    Runtime      # DAGs    # Errors  Last Runtime    Last Run
------------------------------------  -----  ---------  --------  ----------  --------------  -------------------
/opt/airflow/dags/minio-snowflake.py                           1           0  0.85s           2026-02-04T18:19:44
================================================================================
[2026-02-04T18:20:32.139+0000] {manager.py:878} INFO - 
================================================================================
DAG File Processing Stats

File Path                             PID    Runtime      # DAGs    # Errors  Last Runtime    Last Run
------------------------------------  -----  ---------  --------  ----------  --------------  -------------------
/opt/airflow/dags/minio-snowflake.py                           1           0  0.86s           2026-02-04T18:20:15
================================================================================
[2026-02-04T18:21:04.053+0000] {manager.py:878} INFO - 
================================================================================
DAG File Processing Stats

File Path                             PID    Runtime      # DAGs    # Errors  Last Runtime    Last Run
------------------------------------  -----  ---------  --------  ----------  --------------  -------------------
/opt/airflow/dags/minio-snowflake.py                           1           0  0.84s           2026-02-04T18:20:46
================================================================================
[2026-02-04T18:21:35.807+0000] {manager.py:878} INFO - 
================================================================================
DAG File Processing Stats

File Path                             PID    Runtime      # DAGs    # Errors  Last Runtime    Last Run
------------------------------------  -----  ---------  --------  ----------  --------------  -------------------
/opt/airflow/dags/minio-snowflake.py                           1           0  0.85s           2026-02-04T18:21:18
================================================================================
[2026-02-04T18:22:03.651+0000] {manager.py:737} INFO - Searching for files in /opt/airflow/dags
[2026-02-04T18:22:03.715+0000] {manager.py:740} INFO - There are 1 files in /opt/airflow/dags
[2026-02-04T18:22:07.764+0000] {manager.py:878} INFO - 
================================================================================
DAG File Processing Stats

File Path                             PID    Runtime      # DAGs    # Errors  Last Runtime    Last Run
------------------------------------  -----  ---------  --------  ----------  --------------  -------------------
/opt/airflow/dags/minio-snowflake.py                           1           0  0.82s           2026-02-04T18:21:49
================================================================================
[2026-02-04T18:22:39.591+0000] {manager.py:878} INFO - 
================================================================================
DAG File Processing Stats

File Path                             PID    Runtime      # DAGs    # Errors  Last Runtime    Last Run
------------------------------------  -----  ---------  --------  ----------  --------------  -------------------
/opt/airflow/dags/minio-snowflake.py                           1           0  0.90s           2026-02-04T18:22:21
================================================================================
[2026-02-04T18:23:11.353+0000] {manager.py:878} INFO - 
================================================================================
DAG File Processing Stats

File Path                             PID    Runtime      # DAGs    # Errors  Last Runtime    Last Run
------------------------------------  -----  ---------  --------  ----------  --------------  -------------------
/opt/airflow/dags/minio-snowflake.py                           1           0  0.86s           2026-02-04T18:22:53
================================================================================
[2026-02-04T18:23:43.245+0000] {manager.py:878} INFO - 
================================================================================
DAG File Processing Stats

File Path                             PID    Runtime      # DAGs    # Errors  Last Runtime    Last Run
------------------------------------  -----  ---------  --------  ----------  --------------  -------------------
/opt/airflow/dags/minio-snowflake.py                           1           0  0.97s           2026-02-04T18:23:24
================================================================================
[2026-02-04T18:24:14.898+0000] {manager.py:878} INFO - 
================================================================================
DAG File Processing Stats

File Path                             PID    Runtime      # DAGs    # Errors  Last Runtime    Last Run
------------------------------------  -----  ---------  --------  ----------  --------------  -------------------
/opt/airflow/dags/minio-snowflake.py                           1           0  0.79s           2026-02-04T18:23:55
================================================================================
[2026-02-04T18:24:46.769+0000] {manager.py:878} INFO - 
================================================================================
DAG File Processing Stats

File Path                             PID    Runtime      # DAGs    # Errors  Last Runtime    Last Run
------------------------------------  -----  ---------  --------  ----------  --------------  -------------------
/opt/airflow/dags/minio-snowflake.py                           1           0  0.85s           2026-02-04T18:24:26
================================================================================
[2026-02-04T18:25:18.510+0000] {manager.py:878} INFO - 
================================================================================
DAG File Processing Stats

File Path                             PID    Runtime      # DAGs    # Errors  Last Runtime    Last Run
------------------------------------  -----  ---------  --------  ----------  --------------  -------------------
/opt/airflow/dags/minio-snowflake.py                           1           0  0.84s           2026-02-04T18:24:58
================================================================================
[2026-02-04T18:25:50.395+0000] {manager.py:878} INFO - 
================================================================================
DAG File Processing Stats

File Path                             PID    Runtime      # DAGs    # Errors  Last Runtime    Last Run
------------------------------------  -----  ---------  --------  ----------  --------------  -------------------
/opt/airflow/dags/minio-snowflake.py                           1           0  0.86s           2026-02-04T18:25:29
================================================================================
[2026-02-04T18:26:22.086+0000] {manager.py:878} INFO - 
================================================================================
DAG File Processing Stats

File Path                             PID    Runtime      # DAGs    # Errors  Last Runtime    Last Run
------------------------------------  -----  ---------  --------  ----------  --------------  -------------------
/opt/airflow/dags/minio-snowflake.py                           1           0  0.82s           2026-02-04T18:26:00
================================================================================
[2026-02-04T18:26:53.989+0000] {manager.py:878} INFO - 
================================================================================
DAG File Processing Stats

File Path                             PID    Runtime      # DAGs    # Errors  Last Runtime    Last Run
------------------------------------  -----  ---------  --------  ----------  --------------  -------------------
/opt/airflow/dags/minio-snowflake.py                           1           0  0.86s           2026-02-04T18:26:32
================================================================================
[2026-02-04T18:27:03.890+0000] {manager.py:737} INFO - Searching for files in /opt/airflow/dags
[2026-02-04T18:27:03.951+0000] {manager.py:740} INFO - There are 1 files in /opt/airflow/dags
[2026-02-04T18:27:25.723+0000] {manager.py:878} INFO - 
================================================================================
DAG File Processing Stats

File Path                             PID    Runtime      # DAGs    # Errors  Last Runtime    Last Run
------------------------------------  -----  ---------  --------  ----------  --------------  -------------------
/opt/airflow/dags/minio-snowflake.py                           1           0  0.85s           2026-02-04T18:27:03
================================================================================
[2026-02-04T18:27:57.650+0000] {manager.py:878} INFO - 
================================================================================
DAG File Processing Stats

File Path                             PID    Runtime      # DAGs    # Errors  Last Runtime    Last Run
------------------------------------  -----  ---------  --------  ----------  --------------  -------------------
/opt/airflow/dags/minio-snowflake.py                           1           0  0.86s           2026-02-04T18:27:34
================================================================================
[2026-02-04T18:28:29.326+0000] {manager.py:878} INFO - 
================================================================================
DAG File Processing Stats

File Path                             PID    Runtime      # DAGs    # Errors  Last Runtime    Last Run
------------------------------------  -----  ---------  --------  ----------  --------------  -------------------
/opt/airflow/dags/minio-snowflake.py                           1           0  0.80s           2026-02-04T18:28:06
================================================================================
[2026-02-04T18:29:01.211+0000] {manager.py:878} INFO - 
================================================================================
DAG File Processing Stats

File Path                             PID    Runtime      # DAGs    # Errors  Last Runtime    Last Run
------------------------------------  -----  ---------  --------  ----------  --------------  -------------------
/opt/airflow/dags/minio-snowflake.py                           1           0  0.88s           2026-02-04T18:28:37
================================================================================
[2026-02-04T18:29:32.955+0000] {manager.py:878} INFO - 
================================================================================
DAG File Processing Stats

File Path                             PID    Runtime      # DAGs    # Errors  Last Runtime    Last Run
------------------------------------  -----  ---------  --------  ----------  --------------  -------------------
/opt/airflow/dags/minio-snowflake.py                           1           0  0.86s           2026-02-04T18:29:08
================================================================================
[2026-02-04T18:30:04.869+0000] {manager.py:878} INFO - 
================================================================================
DAG File Processing Stats

File Path                             PID    Runtime      # DAGs    # Errors  Last Runtime    Last Run
------------------------------------  -----  ---------  --------  ----------  --------------  -------------------
/opt/airflow/dags/minio-snowflake.py                           1           0  0.85s           2026-02-04T18:29:39
================================================================================
[2026-02-04T18:30:36.601+0000] {manager.py:878} INFO - 
================================================================================
DAG File Processing Stats

File Path                             PID    Runtime      # DAGs    # Errors  Last Runtime    Last Run
------------------------------------  -----  ---------  --------  ----------  --------------  -------------------
/opt/airflow/dags/minio-snowflake.py                           1           0  0.84s           2026-02-04T18:30:11
================================================================================
[2026-02-04T18:31:08.384+0000] {manager.py:878} INFO - 
================================================================================
DAG File Processing Stats

File Path                             PID    Runtime      # DAGs    # Errors  Last Runtime    Last Run
------------------------------------  -----  ---------  --------  ----------  --------------  -------------------
/opt/airflow/dags/minio-snowflake.py                           1           0  0.87s           2026-02-04T18:30:43
================================================================================
[2026-02-04T18:31:40.278+0000] {manager.py:878} INFO - 
================================================================================
DAG File Processing Stats

File Path                             PID    Runtime      # DAGs    # Errors  Last Runtime    Last Run
------------------------------------  -----  ---------  --------  ----------  --------------  -------------------
/opt/airflow/dags/minio-snowflake.py                           1           0  0.91s           2026-02-04T18:31:14
================================================================================
[2026-02-04T18:32:04.116+0000] {manager.py:737} INFO - Searching for files in /opt/airflow/dags
[2026-02-04T18:32:04.175+0000] {manager.py:740} INFO - There are 1 files in /opt/airflow/dags
[2026-02-04T18:32:12.255+0000] {manager.py:878} INFO - 
================================================================================
DAG File Processing Stats

File Path                             PID    Runtime      # DAGs    # Errors  Last Runtime    Last Run
------------------------------------  -----  ---------  --------  ----------  --------------  -------------------
/opt/airflow/dags/minio-snowflake.py                           1           0  0.91s           2026-02-04T18:31:46
================================================================================
[2026-02-04T18:32:44.043+0000] {manager.py:878} INFO - 
================================================================================
DAG File Processing Stats

File Path                             PID    Runtime      # DAGs    # Errors  Last Runtime    Last Run
------------------------------------  -----  ---------  --------  ----------  --------------  -------------------
/opt/airflow/dags/minio-snowflake.py                           1           0  0.89s           2026-02-04T18:32:17
================================================================================
[2026-02-04T18:33:15.777+0000] {manager.py:878} INFO - 
================================================================================
DAG File Processing Stats

File Path                             PID    Runtime      # DAGs    # Errors  Last Runtime    Last Run
------------------------------------  -----  ---------  --------  ----------  --------------  -------------------
/opt/airflow/dags/minio-snowflake.py                           1           0  0.86s           2026-02-04T18:32:49
================================================================================
[2026-02-04T18:33:47.682+0000] {manager.py:878} INFO - 
================================================================================
DAG File Processing Stats

File Path                             PID    Runtime      # DAGs    # Errors  Last Runtime    Last Run
------------------------------------  -----  ---------  --------  ----------  --------------  -------------------
/opt/airflow/dags/minio-snowflake.py                           1           0  0.87s           2026-02-04T18:33:20
================================================================================
[2026-02-04T18:34:19.597+0000] {manager.py:878} INFO - 
================================================================================
DAG File Processing Stats

File Path                             PID    Runtime      # DAGs    # Errors  Last Runtime    Last Run
------------------------------------  -----  ---------  --------  ----------  --------------  -------------------
/opt/airflow/dags/minio-snowflake.py                           1           0  0.86s           2026-02-04T18:33:52
================================================================================
[2026-02-04T18:34:51.347+0000] {manager.py:878} INFO - 
================================================================================
DAG File Processing Stats

File Path                             PID    Runtime      # DAGs    # Errors  Last Runtime    Last Run
------------------------------------  -----  ---------  --------  ----------  --------------  -------------------
/opt/airflow/dags/minio-snowflake.py                           1           0  0.84s           2026-02-04T18:34:24
================================================================================
[2026-02-04T18:35:23.264+0000] {manager.py:878} INFO - 
================================================================================
DAG File Processing Stats

File Path                             PID    Runtime      # DAGs    # Errors  Last Runtime    Last Run
------------------------------------  -----  ---------  --------  ----------  --------------  -------------------
/opt/airflow/dags/minio-snowflake.py                           1           0  1.00s           2026-02-04T18:34:56
================================================================================
[2026-02-04T18:35:55.041+0000] {manager.py:878} INFO - 
================================================================================
DAG File Processing Stats

File Path                             PID    Runtime      # DAGs    # Errors  Last Runtime    Last Run
------------------------------------  -----  ---------  --------  ----------  --------------  -------------------
/opt/airflow/dags/minio-snowflake.py                           1           0  0.84s           2026-02-04T18:35:27
================================================================================
[2026-02-04T18:36:26.916+0000] {manager.py:878} INFO - 
================================================================================
DAG File Processing Stats

File Path                             PID    Runtime      # DAGs    # Errors  Last Runtime    Last Run
------------------------------------  -----  ---------  --------  ----------  --------------  -------------------
/opt/airflow/dags/minio-snowflake.py                           1           0  0.84s           2026-02-04T18:35:59
================================================================================
[2026-02-04T18:36:58.801+0000] {manager.py:878} INFO - 
================================================================================
DAG File Processing Stats

File Path                             PID    Runtime      # DAGs    # Errors  Last Runtime    Last Run
------------------------------------  -----  ---------  --------  ----------  --------------  -------------------
/opt/airflow/dags/minio-snowflake.py                           1           0  0.86s           2026-02-04T18:36:30
================================================================================
[2026-02-04T18:37:04.288+0000] {manager.py:737} INFO - Searching for files in /opt/airflow/dags
[2026-02-04T18:37:04.347+0000] {manager.py:740} INFO - There are 1 files in /opt/airflow/dags
[2026-02-04T18:37:30.587+0000] {manager.py:878} INFO - 
================================================================================
DAG File Processing Stats

File Path                             PID    Runtime      # DAGs    # Errors  Last Runtime    Last Run
------------------------------------  -----  ---------  --------  ----------  --------------  -------------------
/opt/airflow/dags/minio-snowflake.py                           1           0  0.83s           2026-02-04T18:37:02
================================================================================
[2026-02-04T18:38:02.410+0000] {manager.py:878} INFO - 
================================================================================
DAG File Processing Stats

File Path                             PID    Runtime      # DAGs    # Errors  Last Runtime    Last Run
------------------------------------  -----  ---------  --------  ----------  --------------  -------------------
/opt/airflow/dags/minio-snowflake.py                           1           0  0.89s           2026-02-04T18:37:34
================================================================================
[2026-02-04T18:38:34.127+0000] {manager.py:878} INFO - 
================================================================================
DAG File Processing Stats

File Path                             PID    Runtime      # DAGs    # Errors  Last Runtime    Last Run
------------------------------------  -----  ---------  --------  ----------  --------------  -------------------
/opt/airflow/dags/minio-snowflake.py                           1           0  0.83s           2026-02-04T18:38:05
================================================================================
[2026-02-04T18:39:06.845+0000] {manager.py:878} INFO - 
================================================================================
DAG File Processing Stats

File Path                             PID    Runtime      # DAGs    # Errors  Last Runtime    Last Run
------------------------------------  -----  ---------  --------  ----------  --------------  -------------------
/opt/airflow/dags/minio-snowflake.py                           1           0  0.92s           2026-02-04T18:38:37
================================================================================
[2026-02-04T18:39:39.508+0000] {manager.py:878} INFO - 
================================================================================
DAG File Processing Stats

File Path                               PID  Runtime      # DAGs    # Errors  Last Runtime    Last Run
------------------------------------  -----  ---------  --------  ----------  --------------  -------------------
/opt/airflow/dags/minio-snowflake.py  54270  0.01s             1           0  0.85s           2026-02-04T18:39:09
================================================================================
[2026-02-04T18:40:11.703+0000] {manager.py:878} INFO - 
================================================================================
DAG File Processing Stats

File Path                               PID  Runtime      # DAGs    # Errors  Last Runtime    Last Run
------------------------------------  -----  ---------  --------  ----------  --------------  -------------------
/opt/airflow/dags/minio-snowflake.py  54841  0.00s             1           0  1.40s           2026-02-04T18:39:40
================================================================================
[2026-02-04T18:40:43.519+0000] {manager.py:878} INFO - 
================================================================================
DAG File Processing Stats

File Path                             PID    Runtime      # DAGs    # Errors  Last Runtime    Last Run
------------------------------------  -----  ---------  --------  ----------  --------------  -------------------
/opt/airflow/dags/minio-snowflake.py                           1           0  0.92s           2026-02-04T18:40:25
================================================================================
[2026-02-04T18:41:15.383+0000] {manager.py:878} INFO - 
================================================================================
DAG File Processing Stats

File Path                             PID    Runtime      # DAGs    # Errors  Last Runtime    Last Run
------------------------------------  -----  ---------  --------  ----------  --------------  -------------------
/opt/airflow/dags/minio-snowflake.py                           1           0  0.87s           2026-02-04T18:40:56
================================================================================
[2026-02-04T18:41:47.285+0000] {manager.py:878} INFO - 
================================================================================
DAG File Processing Stats

File Path                             PID    Runtime      # DAGs    # Errors  Last Runtime    Last Run
------------------------------------  -----  ---------  --------  ----------  --------------  -------------------
/opt/airflow/dags/minio-snowflake.py                           1           0  0.84s           2026-02-04T18:41:27
================================================================================
[2026-02-04T18:42:04.440+0000] {manager.py:737} INFO - Searching for files in /opt/airflow/dags
[2026-02-04T18:42:04.509+0000] {manager.py:740} INFO - There are 1 files in /opt/airflow/dags
[2026-02-04T18:42:19.258+0000] {manager.py:878} INFO - 
================================================================================
DAG File Processing Stats

File Path                             PID    Runtime      # DAGs    # Errors  Last Runtime    Last Run
------------------------------------  -----  ---------  --------  ----------  --------------  -------------------
/opt/airflow/dags/minio-snowflake.py                           1           0  0.85s           2026-02-04T18:41:58
================================================================================
[2026-02-04T18:42:51.324+0000] {manager.py:878} INFO - 
================================================================================
DAG File Processing Stats

File Path                             PID    Runtime      # DAGs    # Errors  Last Runtime    Last Run
------------------------------------  -----  ---------  --------  ----------  --------------  -------------------
/opt/airflow/dags/minio-snowflake.py                           1           0  1.12s           2026-02-04T18:42:29
================================================================================
[2026-02-04T18:43:23.076+0000] {manager.py:878} INFO - 
================================================================================
DAG File Processing Stats

File Path                             PID    Runtime      # DAGs    # Errors  Last Runtime    Last Run
------------------------------------  -----  ---------  --------  ----------  --------------  -------------------
/opt/airflow/dags/minio-snowflake.py                           1           0  0.83s           2026-02-04T18:43:01
================================================================================
[2026-02-04T18:43:55.241+0000] {manager.py:878} INFO - 
================================================================================
DAG File Processing Stats

File Path                             PID    Runtime      # DAGs    # Errors  Last Runtime    Last Run
------------------------------------  -----  ---------  --------  ----------  --------------  -------------------
/opt/airflow/dags/minio-snowflake.py                           1           0  1.04s           2026-02-04T18:43:32
================================================================================
[2026-02-04T18:44:26.967+0000] {manager.py:878} INFO - 
================================================================================
DAG File Processing Stats

File Path                             PID    Runtime      # DAGs    # Errors  Last Runtime    Last Run
------------------------------------  -----  ---------  --------  ----------  --------------  -------------------
/opt/airflow/dags/minio-snowflake.py                           1           0  0.82s           2026-02-04T18:44:04
================================================================================
[2026-02-04T18:44:59.100+0000] {manager.py:878} INFO - 
================================================================================
DAG File Processing Stats

File Path                             PID    Runtime      # DAGs    # Errors  Last Runtime    Last Run
------------------------------------  -----  ---------  --------  ----------  --------------  -------------------
/opt/airflow/dags/minio-snowflake.py                           1           0  1.13s           2026-02-04T18:44:35
================================================================================
[2026-02-04T18:45:31.044+0000] {manager.py:878} INFO - 
================================================================================
DAG File Processing Stats

File Path                             PID    Runtime      # DAGs    # Errors  Last Runtime    Last Run
------------------------------------  -----  ---------  --------  ----------  --------------  -------------------
/opt/airflow/dags/minio-snowflake.py                           1           0  1.03s           2026-02-04T18:45:07
================================================================================
[2026-02-04T18:46:02.800+0000] {manager.py:878} INFO - 
================================================================================
DAG File Processing Stats

File Path                             PID    Runtime      # DAGs    # Errors  Last Runtime    Last Run
------------------------------------  -----  ---------  --------  ----------  --------------  -------------------
/opt/airflow/dags/minio-snowflake.py                           1           0  0.84s           2026-02-04T18:45:38
================================================================================
[2026-02-04T18:46:34.693+0000] {manager.py:878} INFO - 
================================================================================
DAG File Processing Stats

File Path                             PID    Runtime      # DAGs    # Errors  Last Runtime    Last Run
------------------------------------  -----  ---------  --------  ----------  --------------  -------------------
/opt/airflow/dags/minio-snowflake.py                           1           0  0.85s           2026-02-04T18:46:09
================================================================================
[2026-02-04T18:47:04.645+0000] {manager.py:737} INFO - Searching for files in /opt/airflow/dags
[2026-02-04T18:47:04.720+0000] {manager.py:740} INFO - There are 1 files in /opt/airflow/dags
[2026-02-04T18:47:06.769+0000] {manager.py:878} INFO - 
================================================================================
DAG File Processing Stats

File Path                             PID    Runtime      # DAGs    # Errors  Last Runtime    Last Run
------------------------------------  -----  ---------  --------  ----------  --------------  -------------------
/opt/airflow/dags/minio-snowflake.py                           1           0  1.16s           2026-02-04T18:46:58
================================================================================
[2026-02-04T18:47:38.526+0000] {manager.py:878} INFO - 
================================================================================
DAG File Processing Stats

File Path                             PID    Runtime      # DAGs    # Errors  Last Runtime    Last Run
------------------------------------  -----  ---------  --------  ----------  --------------  -------------------
/opt/airflow/dags/minio-snowflake.py                           1           0  0.83s           2026-02-04T18:47:29
================================================================================
[2026-02-04T18:48:10.575+0000] {manager.py:878} INFO - 
================================================================================
DAG File Processing Stats

File Path                             PID    Runtime      # DAGs    # Errors  Last Runtime    Last Run
------------------------------------  -----  ---------  --------  ----------  --------------  -------------------
/opt/airflow/dags/minio-snowflake.py                           1           0  1.22s           2026-02-04T18:48:00
================================================================================
[2026-02-04T18:48:42.282+0000] {manager.py:878} INFO - 
================================================================================
DAG File Processing Stats

File Path                             PID    Runtime      # DAGs    # Errors  Last Runtime    Last Run
------------------------------------  -----  ---------  --------  ----------  --------------  -------------------
/opt/airflow/dags/minio-snowflake.py                           1           0  0.96s           2026-02-04T18:48:42
================================================================================
