[2026-02-03T18:07:40.792+0000] {processor.py:161} INFO - Started process (PID=37) to work on /opt/airflow/dags/minio-snowflake.py
[2026-02-03T18:07:40.794+0000] {processor.py:830} INFO - Processing file /opt/airflow/dags/minio-snowflake.py for tasks to queue
[2026-02-03T18:07:40.821+0000] {logging_mixin.py:188} INFO - [2026-02-03T18:07:40.818+0000] {dagbag.py:545} INFO - Filling up the DagBag from /opt/airflow/dags/minio-snowflake.py
[2026-02-03T18:07:44.225+0000] {processor.py:840} INFO - DAG(s) 'minio_to_snowflake' retrieved from /opt/airflow/dags/minio-snowflake.py
[2026-02-03T18:07:44.467+0000] {logging_mixin.py:188} INFO - [2026-02-03T18:07:44.466+0000] {override.py:1858} INFO - Created Permission View: can read on DAG:minio_to_snowflake
[2026-02-03T18:07:44.477+0000] {logging_mixin.py:188} INFO - [2026-02-03T18:07:44.477+0000] {override.py:1858} INFO - Created Permission View: can edit on DAG:minio_to_snowflake
[2026-02-03T18:07:44.485+0000] {logging_mixin.py:188} INFO - [2026-02-03T18:07:44.485+0000] {override.py:1858} INFO - Created Permission View: can delete on DAG:minio_to_snowflake
[2026-02-03T18:07:44.486+0000] {logging_mixin.py:188} INFO - [2026-02-03T18:07:44.486+0000] {dag.py:3089} INFO - Sync 1 DAGs
[2026-02-03T18:07:44.497+0000] {logging_mixin.py:188} INFO - [2026-02-03T18:07:44.497+0000] {dag.py:3111} INFO - Creating ORM DAG for minio_to_snowflake
[2026-02-03T18:07:44.510+0000] {logging_mixin.py:188} INFO - [2026-02-03T18:07:44.510+0000] {dag.py:3947} INFO - Setting next_dagrun for minio_to_snowflake to 2026-02-03 18:06:00+00:00, run_after=2026-02-03 18:07:00+00:00
[2026-02-03T18:07:44.537+0000] {processor.py:183} INFO - Processing /opt/airflow/dags/minio-snowflake.py took 3.771 seconds
[2026-02-03T18:08:14.975+0000] {processor.py:161} INFO - Started process (PID=40) to work on /opt/airflow/dags/minio-snowflake.py
[2026-02-03T18:08:14.978+0000] {processor.py:830} INFO - Processing file /opt/airflow/dags/minio-snowflake.py for tasks to queue
[2026-02-03T18:08:14.983+0000] {logging_mixin.py:188} INFO - [2026-02-03T18:08:14.982+0000] {dagbag.py:545} INFO - Filling up the DagBag from /opt/airflow/dags/minio-snowflake.py
[2026-02-03T18:08:16.225+0000] {processor.py:840} INFO - DAG(s) 'minio_to_snowflake' retrieved from /opt/airflow/dags/minio-snowflake.py
[2026-02-03T18:08:16.261+0000] {logging_mixin.py:188} INFO - [2026-02-03T18:08:16.260+0000] {dag.py:3089} INFO - Sync 1 DAGs
[2026-02-03T18:08:16.297+0000] {logging_mixin.py:188} INFO - [2026-02-03T18:08:16.296+0000] {dag.py:3947} INFO - Setting next_dagrun for minio_to_snowflake to 2026-02-03 18:07:00+00:00, run_after=2026-02-03 18:08:00+00:00
[2026-02-03T18:08:16.329+0000] {processor.py:183} INFO - Processing /opt/airflow/dags/minio-snowflake.py took 1.370 seconds
[2026-02-03T18:08:46.535+0000] {processor.py:161} INFO - Started process (PID=43) to work on /opt/airflow/dags/minio-snowflake.py
[2026-02-03T18:08:46.539+0000] {processor.py:830} INFO - Processing file /opt/airflow/dags/minio-snowflake.py for tasks to queue
[2026-02-03T18:08:46.545+0000] {logging_mixin.py:188} INFO - [2026-02-03T18:08:46.544+0000] {dagbag.py:545} INFO - Filling up the DagBag from /opt/airflow/dags/minio-snowflake.py
[2026-02-03T18:08:47.594+0000] {processor.py:840} INFO - DAG(s) 'minio_to_snowflake' retrieved from /opt/airflow/dags/minio-snowflake.py
[2026-02-03T18:08:47.622+0000] {logging_mixin.py:188} INFO - [2026-02-03T18:08:47.622+0000] {dag.py:3089} INFO - Sync 1 DAGs
[2026-02-03T18:08:47.647+0000] {logging_mixin.py:188} INFO - [2026-02-03T18:08:47.647+0000] {dag.py:3947} INFO - Setting next_dagrun for minio_to_snowflake to 2026-02-03 18:07:00+00:00, run_after=2026-02-03 18:08:00+00:00
[2026-02-03T18:08:47.671+0000] {processor.py:183} INFO - Processing /opt/airflow/dags/minio-snowflake.py took 1.154 seconds
[2026-02-03T18:09:18.097+0000] {processor.py:161} INFO - Started process (PID=46) to work on /opt/airflow/dags/minio-snowflake.py
[2026-02-03T18:09:18.101+0000] {processor.py:830} INFO - Processing file /opt/airflow/dags/minio-snowflake.py for tasks to queue
[2026-02-03T18:09:18.107+0000] {logging_mixin.py:188} INFO - [2026-02-03T18:09:18.105+0000] {dagbag.py:545} INFO - Filling up the DagBag from /opt/airflow/dags/minio-snowflake.py
[2026-02-03T18:09:18.878+0000] {processor.py:840} INFO - DAG(s) 'minio_to_snowflake' retrieved from /opt/airflow/dags/minio-snowflake.py
[2026-02-03T18:09:18.901+0000] {logging_mixin.py:188} INFO - [2026-02-03T18:09:18.900+0000] {dag.py:3089} INFO - Sync 1 DAGs
[2026-02-03T18:09:18.923+0000] {logging_mixin.py:188} INFO - [2026-02-03T18:09:18.923+0000] {dag.py:3947} INFO - Setting next_dagrun for minio_to_snowflake to 2026-02-03 18:08:00+00:00, run_after=2026-02-03 18:09:00+00:00
[2026-02-03T18:09:18.945+0000] {processor.py:183} INFO - Processing /opt/airflow/dags/minio-snowflake.py took 0.861 seconds
[2026-02-03T18:09:26.148+0000] {processor.py:161} INFO - Started process (PID=49) to work on /opt/airflow/dags/minio-snowflake.py
[2026-02-03T18:09:26.150+0000] {processor.py:830} INFO - Processing file /opt/airflow/dags/minio-snowflake.py for tasks to queue
[2026-02-03T18:09:26.155+0000] {logging_mixin.py:188} INFO - [2026-02-03T18:09:26.154+0000] {dagbag.py:545} INFO - Filling up the DagBag from /opt/airflow/dags/minio-snowflake.py
[2026-02-03T18:09:26.998+0000] {processor.py:840} INFO - DAG(s) 'minio_to_snowflake' retrieved from /opt/airflow/dags/minio-snowflake.py
[2026-02-03T18:09:27.022+0000] {logging_mixin.py:188} INFO - [2026-02-03T18:09:27.022+0000] {dag.py:3089} INFO - Sync 1 DAGs
[2026-02-03T18:09:27.044+0000] {logging_mixin.py:188} INFO - [2026-02-03T18:09:27.044+0000] {dag.py:3947} INFO - Setting next_dagrun for minio_to_snowflake to 2026-02-03 18:08:00+00:00, run_after=2026-02-03 18:09:00+00:00
[2026-02-03T18:09:27.081+0000] {processor.py:183} INFO - Processing /opt/airflow/dags/minio-snowflake.py took 0.945 seconds
[2026-02-03T18:09:57.487+0000] {processor.py:161} INFO - Started process (PID=52) to work on /opt/airflow/dags/minio-snowflake.py
[2026-02-03T18:09:57.488+0000] {processor.py:830} INFO - Processing file /opt/airflow/dags/minio-snowflake.py for tasks to queue
[2026-02-03T18:09:57.491+0000] {logging_mixin.py:188} INFO - [2026-02-03T18:09:57.491+0000] {dagbag.py:545} INFO - Filling up the DagBag from /opt/airflow/dags/minio-snowflake.py
[2026-02-03T18:09:58.288+0000] {processor.py:840} INFO - DAG(s) 'minio_to_snowflake' retrieved from /opt/airflow/dags/minio-snowflake.py
[2026-02-03T18:09:58.323+0000] {logging_mixin.py:188} INFO - [2026-02-03T18:09:58.321+0000] {dag.py:3089} INFO - Sync 1 DAGs
[2026-02-03T18:09:58.351+0000] {logging_mixin.py:188} INFO - [2026-02-03T18:09:58.351+0000] {dag.py:3947} INFO - Setting next_dagrun for minio_to_snowflake to 2026-02-03 18:09:00+00:00, run_after=2026-02-03 18:10:00+00:00
[2026-02-03T18:09:58.380+0000] {processor.py:183} INFO - Processing /opt/airflow/dags/minio-snowflake.py took 0.899 seconds
[2026-02-03T18:10:28.766+0000] {processor.py:161} INFO - Started process (PID=1139) to work on /opt/airflow/dags/minio-snowflake.py
[2026-02-03T18:10:28.769+0000] {processor.py:830} INFO - Processing file /opt/airflow/dags/minio-snowflake.py for tasks to queue
[2026-02-03T18:10:28.774+0000] {logging_mixin.py:188} INFO - [2026-02-03T18:10:28.773+0000] {dagbag.py:545} INFO - Filling up the DagBag from /opt/airflow/dags/minio-snowflake.py
[2026-02-03T18:10:29.645+0000] {processor.py:840} INFO - DAG(s) 'minio_to_snowflake' retrieved from /opt/airflow/dags/minio-snowflake.py
[2026-02-03T18:10:29.673+0000] {logging_mixin.py:188} INFO - [2026-02-03T18:10:29.672+0000] {dag.py:3089} INFO - Sync 1 DAGs
[2026-02-03T18:10:29.697+0000] {logging_mixin.py:188} INFO - [2026-02-03T18:10:29.697+0000] {dag.py:3947} INFO - Setting next_dagrun for minio_to_snowflake to 2026-02-03 18:10:00+00:00, run_after=2026-02-03 18:11:00+00:00
[2026-02-03T18:10:29.717+0000] {processor.py:183} INFO - Processing /opt/airflow/dags/minio-snowflake.py took 0.966 seconds
[2026-02-03T18:11:00.155+0000] {processor.py:161} INFO - Started process (PID=1142) to work on /opt/airflow/dags/minio-snowflake.py
[2026-02-03T18:11:00.157+0000] {processor.py:830} INFO - Processing file /opt/airflow/dags/minio-snowflake.py for tasks to queue
[2026-02-03T18:11:00.161+0000] {logging_mixin.py:188} INFO - [2026-02-03T18:11:00.160+0000] {dagbag.py:545} INFO - Filling up the DagBag from /opt/airflow/dags/minio-snowflake.py
[2026-02-03T18:11:01.014+0000] {processor.py:840} INFO - DAG(s) 'minio_to_snowflake' retrieved from /opt/airflow/dags/minio-snowflake.py
[2026-02-03T18:11:01.042+0000] {logging_mixin.py:188} INFO - [2026-02-03T18:11:01.041+0000] {dag.py:3089} INFO - Sync 1 DAGs
[2026-02-03T18:11:01.065+0000] {logging_mixin.py:188} INFO - [2026-02-03T18:11:01.065+0000] {dag.py:3947} INFO - Setting next_dagrun for minio_to_snowflake to 2026-02-03 18:11:00+00:00, run_after=2026-02-03 18:12:00+00:00
[2026-02-03T18:11:01.090+0000] {processor.py:183} INFO - Processing /opt/airflow/dags/minio-snowflake.py took 0.950 seconds
[2026-02-03T18:11:31.478+0000] {processor.py:161} INFO - Started process (PID=1687) to work on /opt/airflow/dags/minio-snowflake.py
[2026-02-03T18:11:31.480+0000] {processor.py:830} INFO - Processing file /opt/airflow/dags/minio-snowflake.py for tasks to queue
[2026-02-03T18:11:31.484+0000] {logging_mixin.py:188} INFO - [2026-02-03T18:11:31.483+0000] {dagbag.py:545} INFO - Filling up the DagBag from /opt/airflow/dags/minio-snowflake.py
[2026-02-03T18:11:32.463+0000] {processor.py:840} INFO - DAG(s) 'minio_to_snowflake' retrieved from /opt/airflow/dags/minio-snowflake.py
[2026-02-03T18:11:32.495+0000] {logging_mixin.py:188} INFO - [2026-02-03T18:11:32.494+0000] {dag.py:3089} INFO - Sync 1 DAGs
[2026-02-03T18:11:32.531+0000] {logging_mixin.py:188} INFO - [2026-02-03T18:11:32.531+0000] {dag.py:3947} INFO - Setting next_dagrun for minio_to_snowflake to 2026-02-03 18:11:00+00:00, run_after=2026-02-03 18:12:00+00:00
[2026-02-03T18:11:32.564+0000] {processor.py:183} INFO - Processing /opt/airflow/dags/minio-snowflake.py took 1.096 seconds
[2026-02-03T18:12:02.859+0000] {processor.py:161} INFO - Started process (PID=1691) to work on /opt/airflow/dags/minio-snowflake.py
[2026-02-03T18:12:02.861+0000] {processor.py:830} INFO - Processing file /opt/airflow/dags/minio-snowflake.py for tasks to queue
[2026-02-03T18:12:02.865+0000] {logging_mixin.py:188} INFO - [2026-02-03T18:12:02.864+0000] {dagbag.py:545} INFO - Filling up the DagBag from /opt/airflow/dags/minio-snowflake.py
[2026-02-03T18:12:03.927+0000] {processor.py:840} INFO - DAG(s) 'minio_to_snowflake' retrieved from /opt/airflow/dags/minio-snowflake.py
[2026-02-03T18:12:03.957+0000] {logging_mixin.py:188} INFO - [2026-02-03T18:12:03.956+0000] {dag.py:3089} INFO - Sync 1 DAGs
[2026-02-03T18:12:03.985+0000] {logging_mixin.py:188} INFO - [2026-02-03T18:12:03.984+0000] {dag.py:3947} INFO - Setting next_dagrun for minio_to_snowflake to 2026-02-03 18:12:00+00:00, run_after=2026-02-03 18:13:00+00:00
[2026-02-03T18:12:04.009+0000] {processor.py:183} INFO - Processing /opt/airflow/dags/minio-snowflake.py took 1.161 seconds
[2026-02-03T18:12:34.266+0000] {processor.py:161} INFO - Started process (PID=2235) to work on /opt/airflow/dags/minio-snowflake.py
[2026-02-03T18:12:34.268+0000] {processor.py:830} INFO - Processing file /opt/airflow/dags/minio-snowflake.py for tasks to queue
[2026-02-03T18:12:34.270+0000] {logging_mixin.py:188} INFO - [2026-02-03T18:12:34.270+0000] {dagbag.py:545} INFO - Filling up the DagBag from /opt/airflow/dags/minio-snowflake.py
[2026-02-03T18:12:35.293+0000] {processor.py:840} INFO - DAG(s) 'minio_to_snowflake' retrieved from /opt/airflow/dags/minio-snowflake.py
[2026-02-03T18:12:35.343+0000] {logging_mixin.py:188} INFO - [2026-02-03T18:12:35.342+0000] {dag.py:3089} INFO - Sync 1 DAGs
[2026-02-03T18:12:35.395+0000] {logging_mixin.py:188} INFO - [2026-02-03T18:12:35.395+0000] {dag.py:3947} INFO - Setting next_dagrun for minio_to_snowflake to 2026-02-03 18:12:00+00:00, run_after=2026-02-03 18:13:00+00:00
[2026-02-03T18:12:35.426+0000] {processor.py:183} INFO - Processing /opt/airflow/dags/minio-snowflake.py took 1.171 seconds
[2026-02-03T18:13:05.648+0000] {processor.py:161} INFO - Started process (PID=2451) to work on /opt/airflow/dags/minio-snowflake.py
[2026-02-03T18:13:05.650+0000] {processor.py:830} INFO - Processing file /opt/airflow/dags/minio-snowflake.py for tasks to queue
[2026-02-03T18:13:05.654+0000] {logging_mixin.py:188} INFO - [2026-02-03T18:13:05.654+0000] {dagbag.py:545} INFO - Filling up the DagBag from /opt/airflow/dags/minio-snowflake.py
[2026-02-03T18:13:06.391+0000] {processor.py:840} INFO - DAG(s) 'minio_to_snowflake' retrieved from /opt/airflow/dags/minio-snowflake.py
[2026-02-03T18:13:06.417+0000] {logging_mixin.py:188} INFO - [2026-02-03T18:13:06.417+0000] {dag.py:3089} INFO - Sync 1 DAGs
[2026-02-03T18:13:06.438+0000] {logging_mixin.py:188} INFO - [2026-02-03T18:13:06.437+0000] {dag.py:3947} INFO - Setting next_dagrun for minio_to_snowflake to 2026-02-03 18:13:00+00:00, run_after=2026-02-03 18:14:00+00:00
[2026-02-03T18:13:06.456+0000] {processor.py:183} INFO - Processing /opt/airflow/dags/minio-snowflake.py took 0.820 seconds
[2026-02-03T18:13:36.866+0000] {processor.py:161} INFO - Started process (PID=2783) to work on /opt/airflow/dags/minio-snowflake.py
[2026-02-03T18:13:36.869+0000] {processor.py:830} INFO - Processing file /opt/airflow/dags/minio-snowflake.py for tasks to queue
[2026-02-03T18:13:36.873+0000] {logging_mixin.py:188} INFO - [2026-02-03T18:13:36.873+0000] {dagbag.py:545} INFO - Filling up the DagBag from /opt/airflow/dags/minio-snowflake.py
[2026-02-03T18:13:37.871+0000] {processor.py:840} INFO - DAG(s) 'minio_to_snowflake' retrieved from /opt/airflow/dags/minio-snowflake.py
[2026-02-03T18:13:37.910+0000] {logging_mixin.py:188} INFO - [2026-02-03T18:13:37.910+0000] {dag.py:3089} INFO - Sync 1 DAGs
[2026-02-03T18:13:37.944+0000] {logging_mixin.py:188} INFO - [2026-02-03T18:13:37.943+0000] {dag.py:3947} INFO - Setting next_dagrun for minio_to_snowflake to 2026-02-03 18:13:00+00:00, run_after=2026-02-03 18:14:00+00:00
[2026-02-03T18:13:37.969+0000] {processor.py:183} INFO - Processing /opt/airflow/dags/minio-snowflake.py took 1.118 seconds
[2026-02-03T18:14:08.192+0000] {processor.py:161} INFO - Started process (PID=3306) to work on /opt/airflow/dags/minio-snowflake.py
[2026-02-03T18:14:08.194+0000] {processor.py:830} INFO - Processing file /opt/airflow/dags/minio-snowflake.py for tasks to queue
[2026-02-03T18:14:08.197+0000] {logging_mixin.py:188} INFO - [2026-02-03T18:14:08.196+0000] {dagbag.py:545} INFO - Filling up the DagBag from /opt/airflow/dags/minio-snowflake.py
[2026-02-03T18:14:08.937+0000] {processor.py:840} INFO - DAG(s) 'minio_to_snowflake' retrieved from /opt/airflow/dags/minio-snowflake.py
[2026-02-03T18:14:08.959+0000] {logging_mixin.py:188} INFO - [2026-02-03T18:14:08.958+0000] {dag.py:3089} INFO - Sync 1 DAGs
[2026-02-03T18:14:08.979+0000] {logging_mixin.py:188} INFO - [2026-02-03T18:14:08.979+0000] {dag.py:3947} INFO - Setting next_dagrun for minio_to_snowflake to 2026-02-03 18:14:00+00:00, run_after=2026-02-03 18:15:00+00:00
[2026-02-03T18:14:09.000+0000] {processor.py:183} INFO - Processing /opt/airflow/dags/minio-snowflake.py took 0.814 seconds
[2026-02-03T18:14:23.501+0000] {processor.py:161} INFO - Started process (PID=3331) to work on /opt/airflow/dags/minio-snowflake.py
[2026-02-03T18:14:23.503+0000] {processor.py:830} INFO - Processing file /opt/airflow/dags/minio-snowflake.py for tasks to queue
[2026-02-03T18:14:23.506+0000] {logging_mixin.py:188} INFO - [2026-02-03T18:14:23.505+0000] {dagbag.py:545} INFO - Filling up the DagBag from /opt/airflow/dags/minio-snowflake.py
[2026-02-03T18:14:24.355+0000] {processor.py:840} INFO - DAG(s) 'minio_to_snowflake' retrieved from /opt/airflow/dags/minio-snowflake.py
[2026-02-03T18:14:24.380+0000] {logging_mixin.py:188} INFO - [2026-02-03T18:14:24.379+0000] {dag.py:3089} INFO - Sync 1 DAGs
[2026-02-03T18:14:24.405+0000] {logging_mixin.py:188} INFO - [2026-02-03T18:14:24.405+0000] {dag.py:3947} INFO - Setting next_dagrun for minio_to_snowflake to 2026-02-03 18:14:00+00:00, run_after=2026-02-03 18:15:00+00:00
[2026-02-03T18:14:24.436+0000] {processor.py:183} INFO - Processing /opt/airflow/dags/minio-snowflake.py took 0.942 seconds
[2026-02-03T18:14:38.690+0000] {processor.py:161} INFO - Started process (PID=3334) to work on /opt/airflow/dags/minio-snowflake.py
[2026-02-03T18:14:38.693+0000] {processor.py:830} INFO - Processing file /opt/airflow/dags/minio-snowflake.py for tasks to queue
[2026-02-03T18:14:38.697+0000] {logging_mixin.py:188} INFO - [2026-02-03T18:14:38.696+0000] {dagbag.py:545} INFO - Filling up the DagBag from /opt/airflow/dags/minio-snowflake.py
[2026-02-03T18:14:39.526+0000] {processor.py:840} INFO - DAG(s) 'minio_to_snowflake' retrieved from /opt/airflow/dags/minio-snowflake.py
[2026-02-03T18:14:39.558+0000] {logging_mixin.py:188} INFO - [2026-02-03T18:14:39.557+0000] {dag.py:3089} INFO - Sync 1 DAGs
[2026-02-03T18:14:39.586+0000] {logging_mixin.py:188} INFO - [2026-02-03T18:14:39.586+0000] {dag.py:3947} INFO - Setting next_dagrun for minio_to_snowflake to 2026-02-03 18:14:00+00:00, run_after=2026-02-03 18:15:00+00:00
[2026-02-03T18:14:39.616+0000] {processor.py:183} INFO - Processing /opt/airflow/dags/minio-snowflake.py took 0.939 seconds
[2026-02-03T18:15:09.970+0000] {processor.py:161} INFO - Started process (PID=3856) to work on /opt/airflow/dags/minio-snowflake.py
[2026-02-03T18:15:09.971+0000] {processor.py:830} INFO - Processing file /opt/airflow/dags/minio-snowflake.py for tasks to queue
[2026-02-03T18:15:09.974+0000] {logging_mixin.py:188} INFO - [2026-02-03T18:15:09.974+0000] {dagbag.py:545} INFO - Filling up the DagBag from /opt/airflow/dags/minio-snowflake.py
[2026-02-03T18:15:10.715+0000] {processor.py:840} INFO - DAG(s) 'minio_to_snowflake' retrieved from /opt/airflow/dags/minio-snowflake.py
[2026-02-03T18:15:10.738+0000] {logging_mixin.py:188} INFO - [2026-02-03T18:15:10.738+0000] {dag.py:3089} INFO - Sync 1 DAGs
[2026-02-03T18:15:10.762+0000] {logging_mixin.py:188} INFO - [2026-02-03T18:15:10.762+0000] {dag.py:3947} INFO - Setting next_dagrun for minio_to_snowflake to 2026-02-03 18:15:00+00:00, run_after=2026-02-03 18:16:00+00:00
[2026-02-03T18:15:10.784+0000] {processor.py:183} INFO - Processing /opt/airflow/dags/minio-snowflake.py took 0.820 seconds
[2026-02-03T18:15:40.995+0000] {processor.py:161} INFO - Started process (PID=3928) to work on /opt/airflow/dags/minio-snowflake.py
[2026-02-03T18:15:40.998+0000] {processor.py:830} INFO - Processing file /opt/airflow/dags/minio-snowflake.py for tasks to queue
[2026-02-03T18:15:41.003+0000] {logging_mixin.py:188} INFO - [2026-02-03T18:15:41.002+0000] {dagbag.py:545} INFO - Filling up the DagBag from /opt/airflow/dags/minio-snowflake.py
[2026-02-03T18:15:41.954+0000] {processor.py:840} INFO - DAG(s) 'minio_to_snowflake' retrieved from /opt/airflow/dags/minio-snowflake.py
[2026-02-03T18:15:41.983+0000] {logging_mixin.py:188} INFO - [2026-02-03T18:15:41.982+0000] {dag.py:3089} INFO - Sync 1 DAGs
[2026-02-03T18:15:42.010+0000] {logging_mixin.py:188} INFO - [2026-02-03T18:15:42.009+0000] {dag.py:3947} INFO - Setting next_dagrun for minio_to_snowflake to 2026-02-03 18:15:00+00:00, run_after=2026-02-03 18:16:00+00:00
[2026-02-03T18:15:42.038+0000] {processor.py:183} INFO - Processing /opt/airflow/dags/minio-snowflake.py took 1.056 seconds
[2026-02-03T18:16:12.317+0000] {processor.py:161} INFO - Started process (PID=4451) to work on /opt/airflow/dags/minio-snowflake.py
[2026-02-03T18:16:12.320+0000] {processor.py:830} INFO - Processing file /opt/airflow/dags/minio-snowflake.py for tasks to queue
[2026-02-03T18:16:12.323+0000] {logging_mixin.py:188} INFO - [2026-02-03T18:16:12.323+0000] {dagbag.py:545} INFO - Filling up the DagBag from /opt/airflow/dags/minio-snowflake.py
[2026-02-03T18:16:13.343+0000] {processor.py:840} INFO - DAG(s) 'minio_to_snowflake' retrieved from /opt/airflow/dags/minio-snowflake.py
[2026-02-03T18:16:13.372+0000] {logging_mixin.py:188} INFO - [2026-02-03T18:16:13.371+0000] {dag.py:3089} INFO - Sync 1 DAGs
[2026-02-03T18:16:13.398+0000] {logging_mixin.py:188} INFO - [2026-02-03T18:16:13.398+0000] {dag.py:3947} INFO - Setting next_dagrun for minio_to_snowflake to 2026-02-03 18:16:00+00:00, run_after=2026-02-03 18:17:00+00:00
[2026-02-03T18:16:13.423+0000] {processor.py:183} INFO - Processing /opt/airflow/dags/minio-snowflake.py took 1.114 seconds
[2026-02-03T18:16:43.663+0000] {processor.py:161} INFO - Started process (PID=5041) to work on /opt/airflow/dags/minio-snowflake.py
[2026-02-03T18:16:43.665+0000] {processor.py:830} INFO - Processing file /opt/airflow/dags/minio-snowflake.py for tasks to queue
[2026-02-03T18:16:43.667+0000] {logging_mixin.py:188} INFO - [2026-02-03T18:16:43.667+0000] {dagbag.py:545} INFO - Filling up the DagBag from /opt/airflow/dags/minio-snowflake.py
[2026-02-03T18:16:44.460+0000] {processor.py:840} INFO - DAG(s) 'minio_to_snowflake' retrieved from /opt/airflow/dags/minio-snowflake.py
[2026-02-03T18:16:44.483+0000] {logging_mixin.py:188} INFO - [2026-02-03T18:16:44.482+0000] {dag.py:3089} INFO - Sync 1 DAGs
[2026-02-03T18:16:44.504+0000] {logging_mixin.py:188} INFO - [2026-02-03T18:16:44.504+0000] {dag.py:3947} INFO - Setting next_dagrun for minio_to_snowflake to 2026-02-03 18:16:00+00:00, run_after=2026-02-03 18:17:00+00:00
[2026-02-03T18:16:44.527+0000] {processor.py:183} INFO - Processing /opt/airflow/dags/minio-snowflake.py took 0.870 seconds
[2026-02-03T18:17:14.914+0000] {processor.py:161} INFO - Started process (PID=5586) to work on /opt/airflow/dags/minio-snowflake.py
[2026-02-03T18:17:14.917+0000] {processor.py:830} INFO - Processing file /opt/airflow/dags/minio-snowflake.py for tasks to queue
[2026-02-03T18:17:14.922+0000] {logging_mixin.py:188} INFO - [2026-02-03T18:17:14.921+0000] {dagbag.py:545} INFO - Filling up the DagBag from /opt/airflow/dags/minio-snowflake.py
[2026-02-03T18:17:15.652+0000] {processor.py:840} INFO - DAG(s) 'minio_to_snowflake' retrieved from /opt/airflow/dags/minio-snowflake.py
[2026-02-03T18:17:15.674+0000] {logging_mixin.py:188} INFO - [2026-02-03T18:17:15.674+0000] {dag.py:3089} INFO - Sync 1 DAGs
[2026-02-03T18:17:15.697+0000] {logging_mixin.py:188} INFO - [2026-02-03T18:17:15.697+0000] {dag.py:3947} INFO - Setting next_dagrun for minio_to_snowflake to 2026-02-03 18:17:00+00:00, run_after=2026-02-03 18:18:00+00:00
[2026-02-03T18:17:15.725+0000] {processor.py:183} INFO - Processing /opt/airflow/dags/minio-snowflake.py took 0.825 seconds
[2026-02-03T18:17:43.216+0000] {processor.py:161} INFO - Started process (PID=5612) to work on /opt/airflow/dags/minio-snowflake.py
[2026-02-03T18:17:43.218+0000] {processor.py:830} INFO - Processing file /opt/airflow/dags/minio-snowflake.py for tasks to queue
[2026-02-03T18:17:43.222+0000] {logging_mixin.py:188} INFO - [2026-02-03T18:17:43.222+0000] {dagbag.py:545} INFO - Filling up the DagBag from /opt/airflow/dags/minio-snowflake.py
[2026-02-03T18:17:44.211+0000] {processor.py:840} INFO - DAG(s) 'minio_to_snowflake' retrieved from /opt/airflow/dags/minio-snowflake.py
[2026-02-03T18:17:44.244+0000] {logging_mixin.py:188} INFO - [2026-02-03T18:17:44.243+0000] {dag.py:3089} INFO - Sync 1 DAGs
[2026-02-03T18:17:44.275+0000] {logging_mixin.py:188} INFO - [2026-02-03T18:17:44.275+0000] {dag.py:3947} INFO - Setting next_dagrun for minio_to_snowflake to 2026-02-03 18:17:00+00:00, run_after=2026-02-03 18:18:00+00:00
[2026-02-03T18:17:44.325+0000] {processor.py:183} INFO - Processing /opt/airflow/dags/minio-snowflake.py took 1.121 seconds
[2026-02-03T18:17:51.411+0000] {processor.py:161} INFO - Started process (PID=5615) to work on /opt/airflow/dags/minio-snowflake.py
[2026-02-03T18:17:51.414+0000] {processor.py:830} INFO - Processing file /opt/airflow/dags/minio-snowflake.py for tasks to queue
[2026-02-03T18:17:51.419+0000] {logging_mixin.py:188} INFO - [2026-02-03T18:17:51.418+0000] {dagbag.py:545} INFO - Filling up the DagBag from /opt/airflow/dags/minio-snowflake.py
[2026-02-03T18:17:52.484+0000] {processor.py:840} INFO - DAG(s) 'minio_to_snowflake' retrieved from /opt/airflow/dags/minio-snowflake.py
[2026-02-03T18:17:52.514+0000] {logging_mixin.py:188} INFO - [2026-02-03T18:17:52.514+0000] {dag.py:3089} INFO - Sync 1 DAGs
[2026-02-03T18:17:52.540+0000] {logging_mixin.py:188} INFO - [2026-02-03T18:17:52.540+0000] {dag.py:3947} INFO - Setting next_dagrun for minio_to_snowflake to 2026-02-03 18:17:00+00:00, run_after=2026-02-03 18:18:00+00:00
[2026-02-03T18:17:52.577+0000] {processor.py:183} INFO - Processing /opt/airflow/dags/minio-snowflake.py took 1.188 seconds
[2026-02-03T18:18:22.813+0000] {processor.py:161} INFO - Started process (PID=6183) to work on /opt/airflow/dags/minio-snowflake.py
[2026-02-03T18:18:22.815+0000] {processor.py:830} INFO - Processing file /opt/airflow/dags/minio-snowflake.py for tasks to queue
[2026-02-03T18:18:22.818+0000] {logging_mixin.py:188} INFO - [2026-02-03T18:18:22.817+0000] {dagbag.py:545} INFO - Filling up the DagBag from /opt/airflow/dags/minio-snowflake.py
[2026-02-03T18:18:23.820+0000] {processor.py:840} INFO - DAG(s) 'minio_to_snowflake' retrieved from /opt/airflow/dags/minio-snowflake.py
[2026-02-03T18:18:23.851+0000] {logging_mixin.py:188} INFO - [2026-02-03T18:18:23.849+0000] {dag.py:3089} INFO - Sync 1 DAGs
[2026-02-03T18:18:23.879+0000] {logging_mixin.py:188} INFO - [2026-02-03T18:18:23.878+0000] {dag.py:3947} INFO - Setting next_dagrun for minio_to_snowflake to 2026-02-03 18:18:00+00:00, run_after=2026-02-03 18:19:00+00:00
[2026-02-03T18:18:23.911+0000] {processor.py:183} INFO - Processing /opt/airflow/dags/minio-snowflake.py took 1.107 seconds
[2026-02-03T18:18:54.302+0000] {processor.py:161} INFO - Started process (PID=6186) to work on /opt/airflow/dags/minio-snowflake.py
[2026-02-03T18:18:54.305+0000] {processor.py:830} INFO - Processing file /opt/airflow/dags/minio-snowflake.py for tasks to queue
[2026-02-03T18:18:54.310+0000] {logging_mixin.py:188} INFO - [2026-02-03T18:18:54.310+0000] {dagbag.py:545} INFO - Filling up the DagBag from /opt/airflow/dags/minio-snowflake.py
[2026-02-03T18:18:55.334+0000] {processor.py:840} INFO - DAG(s) 'minio_to_snowflake' retrieved from /opt/airflow/dags/minio-snowflake.py
[2026-02-03T18:18:55.379+0000] {logging_mixin.py:188} INFO - [2026-02-03T18:18:55.378+0000] {dag.py:3089} INFO - Sync 1 DAGs
[2026-02-03T18:18:55.408+0000] {logging_mixin.py:188} INFO - [2026-02-03T18:18:55.407+0000] {dag.py:3947} INFO - Setting next_dagrun for minio_to_snowflake to 2026-02-03 18:18:00+00:00, run_after=2026-02-03 18:19:00+00:00
[2026-02-03T18:18:55.440+0000] {processor.py:183} INFO - Processing /opt/airflow/dags/minio-snowflake.py took 1.153 seconds
[2026-02-03T18:19:25.595+0000] {processor.py:161} INFO - Started process (PID=6754) to work on /opt/airflow/dags/minio-snowflake.py
[2026-02-03T18:19:25.599+0000] {processor.py:830} INFO - Processing file /opt/airflow/dags/minio-snowflake.py for tasks to queue
[2026-02-03T18:19:25.605+0000] {logging_mixin.py:188} INFO - [2026-02-03T18:19:25.604+0000] {dagbag.py:545} INFO - Filling up the DagBag from /opt/airflow/dags/minio-snowflake.py
[2026-02-03T18:19:26.480+0000] {processor.py:840} INFO - DAG(s) 'minio_to_snowflake' retrieved from /opt/airflow/dags/minio-snowflake.py
[2026-02-03T18:19:26.504+0000] {logging_mixin.py:188} INFO - [2026-02-03T18:19:26.503+0000] {dag.py:3089} INFO - Sync 1 DAGs
[2026-02-03T18:19:26.526+0000] {logging_mixin.py:188} INFO - [2026-02-03T18:19:26.526+0000] {dag.py:3947} INFO - Setting next_dagrun for minio_to_snowflake to 2026-02-03 18:19:00+00:00, run_after=2026-02-03 18:20:00+00:00
[2026-02-03T18:19:26.549+0000] {processor.py:183} INFO - Processing /opt/airflow/dags/minio-snowflake.py took 0.965 seconds
[2026-02-03T18:19:56.942+0000] {processor.py:161} INFO - Started process (PID=6757) to work on /opt/airflow/dags/minio-snowflake.py
[2026-02-03T18:19:56.944+0000] {processor.py:830} INFO - Processing file /opt/airflow/dags/minio-snowflake.py for tasks to queue
[2026-02-03T18:19:56.948+0000] {logging_mixin.py:188} INFO - [2026-02-03T18:19:56.947+0000] {dagbag.py:545} INFO - Filling up the DagBag from /opt/airflow/dags/minio-snowflake.py
[2026-02-03T18:19:57.910+0000] {processor.py:840} INFO - DAG(s) 'minio_to_snowflake' retrieved from /opt/airflow/dags/minio-snowflake.py
[2026-02-03T18:19:57.939+0000] {logging_mixin.py:188} INFO - [2026-02-03T18:19:57.938+0000] {dag.py:3089} INFO - Sync 1 DAGs
[2026-02-03T18:19:57.965+0000] {logging_mixin.py:188} INFO - [2026-02-03T18:19:57.964+0000] {dag.py:3947} INFO - Setting next_dagrun for minio_to_snowflake to 2026-02-03 18:19:00+00:00, run_after=2026-02-03 18:20:00+00:00
[2026-02-03T18:19:57.990+0000] {processor.py:183} INFO - Processing /opt/airflow/dags/minio-snowflake.py took 1.066 seconds
[2026-02-03T18:20:03.022+0000] {processor.py:161} INFO - Started process (PID=6761) to work on /opt/airflow/dags/minio-snowflake.py
[2026-02-03T18:20:03.024+0000] {processor.py:830} INFO - Processing file /opt/airflow/dags/minio-snowflake.py for tasks to queue
[2026-02-03T18:20:03.028+0000] {logging_mixin.py:188} INFO - [2026-02-03T18:20:03.027+0000] {dagbag.py:545} INFO - Filling up the DagBag from /opt/airflow/dags/minio-snowflake.py
[2026-02-03T18:20:04.146+0000] {processor.py:840} INFO - DAG(s) 'minio_to_snowflake' retrieved from /opt/airflow/dags/minio-snowflake.py
[2026-02-03T18:20:04.178+0000] {logging_mixin.py:188} INFO - [2026-02-03T18:20:04.177+0000] {dag.py:3089} INFO - Sync 1 DAGs
[2026-02-03T18:20:04.209+0000] {logging_mixin.py:188} INFO - [2026-02-03T18:20:04.209+0000] {dag.py:3947} INFO - Setting next_dagrun for minio_to_snowflake to 2026-02-03 18:20:00+00:00, run_after=2026-02-03 18:21:00+00:00
[2026-02-03T18:20:04.249+0000] {processor.py:183} INFO - Processing /opt/airflow/dags/minio-snowflake.py took 1.238 seconds
[2026-02-03T18:20:15.262+0000] {processor.py:161} INFO - Started process (PID=7305) to work on /opt/airflow/dags/minio-snowflake.py
[2026-02-03T18:20:15.265+0000] {processor.py:830} INFO - Processing file /opt/airflow/dags/minio-snowflake.py for tasks to queue
[2026-02-03T18:20:15.268+0000] {logging_mixin.py:188} INFO - [2026-02-03T18:20:15.268+0000] {dagbag.py:545} INFO - Filling up the DagBag from /opt/airflow/dags/minio-snowflake.py
[2026-02-03T18:20:16.186+0000] {processor.py:840} INFO - DAG(s) 'minio_to_snowflake' retrieved from /opt/airflow/dags/minio-snowflake.py
[2026-02-03T18:20:16.212+0000] {logging_mixin.py:188} INFO - [2026-02-03T18:20:16.211+0000] {dag.py:3089} INFO - Sync 1 DAGs
[2026-02-03T18:20:16.238+0000] {logging_mixin.py:188} INFO - [2026-02-03T18:20:16.238+0000] {dag.py:3947} INFO - Setting next_dagrun for minio_to_snowflake to 2026-02-03 18:20:00+00:00, run_after=2026-02-03 18:21:00+00:00
[2026-02-03T18:20:16.267+0000] {processor.py:183} INFO - Processing /opt/airflow/dags/minio-snowflake.py took 1.019 seconds
[2026-02-03T18:20:46.633+0000] {processor.py:161} INFO - Started process (PID=7544) to work on /opt/airflow/dags/minio-snowflake.py
[2026-02-03T18:20:46.636+0000] {processor.py:830} INFO - Processing file /opt/airflow/dags/minio-snowflake.py for tasks to queue
[2026-02-03T18:20:46.640+0000] {logging_mixin.py:188} INFO - [2026-02-03T18:20:46.640+0000] {dagbag.py:545} INFO - Filling up the DagBag from /opt/airflow/dags/minio-snowflake.py
[2026-02-03T18:20:47.547+0000] {processor.py:840} INFO - DAG(s) 'minio_to_snowflake' retrieved from /opt/airflow/dags/minio-snowflake.py
[2026-02-03T18:20:47.577+0000] {logging_mixin.py:188} INFO - [2026-02-03T18:20:47.576+0000] {dag.py:3089} INFO - Sync 1 DAGs
[2026-02-03T18:20:47.604+0000] {logging_mixin.py:188} INFO - [2026-02-03T18:20:47.604+0000] {dag.py:3947} INFO - Setting next_dagrun for minio_to_snowflake to 2026-02-03 18:20:00+00:00, run_after=2026-02-03 18:21:00+00:00
[2026-02-03T18:20:47.627+0000] {processor.py:183} INFO - Processing /opt/airflow/dags/minio-snowflake.py took 1.006 seconds
[2026-02-03T18:21:17.939+0000] {processor.py:161} INFO - Started process (PID=7776) to work on /opt/airflow/dags/minio-snowflake.py
[2026-02-03T18:21:17.941+0000] {processor.py:830} INFO - Processing file /opt/airflow/dags/minio-snowflake.py for tasks to queue
[2026-02-03T18:21:17.943+0000] {logging_mixin.py:188} INFO - [2026-02-03T18:21:17.943+0000] {dagbag.py:545} INFO - Filling up the DagBag from /opt/airflow/dags/minio-snowflake.py
[2026-02-03T18:21:18.778+0000] {processor.py:840} INFO - DAG(s) 'minio_to_snowflake' retrieved from /opt/airflow/dags/minio-snowflake.py
[2026-02-03T18:21:18.804+0000] {logging_mixin.py:188} INFO - [2026-02-03T18:21:18.803+0000] {dag.py:3089} INFO - Sync 1 DAGs
[2026-02-03T18:21:18.829+0000] {logging_mixin.py:188} INFO - [2026-02-03T18:21:18.828+0000] {dag.py:3947} INFO - Setting next_dagrun for minio_to_snowflake to 2026-02-03 18:21:00+00:00, run_after=2026-02-03 18:22:00+00:00
[2026-02-03T18:21:18.852+0000] {processor.py:183} INFO - Processing /opt/airflow/dags/minio-snowflake.py took 0.920 seconds
[2026-02-03T18:21:49.257+0000] {processor.py:161} INFO - Started process (PID=8472) to work on /opt/airflow/dags/minio-snowflake.py
[2026-02-03T18:21:49.260+0000] {processor.py:830} INFO - Processing file /opt/airflow/dags/minio-snowflake.py for tasks to queue
[2026-02-03T18:21:49.264+0000] {logging_mixin.py:188} INFO - [2026-02-03T18:21:49.264+0000] {dagbag.py:545} INFO - Filling up the DagBag from /opt/airflow/dags/minio-snowflake.py
[2026-02-03T18:21:50.257+0000] {processor.py:840} INFO - DAG(s) 'minio_to_snowflake' retrieved from /opt/airflow/dags/minio-snowflake.py
[2026-02-03T18:21:50.295+0000] {logging_mixin.py:188} INFO - [2026-02-03T18:21:50.294+0000] {dag.py:3089} INFO - Sync 1 DAGs
[2026-02-03T18:21:50.335+0000] {logging_mixin.py:188} INFO - [2026-02-03T18:21:50.335+0000] {dag.py:3947} INFO - Setting next_dagrun for minio_to_snowflake to 2026-02-03 18:21:00+00:00, run_after=2026-02-03 18:22:00+00:00
[2026-02-03T18:21:50.377+0000] {processor.py:183} INFO - Processing /opt/airflow/dags/minio-snowflake.py took 1.135 seconds
[2026-02-03T18:22:20.642+0000] {processor.py:161} INFO - Started process (PID=9120) to work on /opt/airflow/dags/minio-snowflake.py
[2026-02-03T18:22:20.646+0000] {processor.py:830} INFO - Processing file /opt/airflow/dags/minio-snowflake.py for tasks to queue
[2026-02-03T18:22:20.652+0000] {logging_mixin.py:188} INFO - [2026-02-03T18:22:20.651+0000] {dagbag.py:545} INFO - Filling up the DagBag from /opt/airflow/dags/minio-snowflake.py
[2026-02-03T18:22:21.671+0000] {processor.py:840} INFO - DAG(s) 'minio_to_snowflake' retrieved from /opt/airflow/dags/minio-snowflake.py
[2026-02-03T18:22:21.700+0000] {logging_mixin.py:188} INFO - [2026-02-03T18:22:21.699+0000] {dag.py:3089} INFO - Sync 1 DAGs
[2026-02-03T18:22:21.732+0000] {logging_mixin.py:188} INFO - [2026-02-03T18:22:21.731+0000] {dag.py:3947} INFO - Setting next_dagrun for minio_to_snowflake to 2026-02-03 18:22:00+00:00, run_after=2026-02-03 18:23:00+00:00
[2026-02-03T18:22:21.763+0000] {processor.py:183} INFO - Processing /opt/airflow/dags/minio-snowflake.py took 1.138 seconds
[2026-02-03T18:22:52.189+0000] {processor.py:161} INFO - Started process (PID=9364) to work on /opt/airflow/dags/minio-snowflake.py
[2026-02-03T18:22:52.191+0000] {processor.py:830} INFO - Processing file /opt/airflow/dags/minio-snowflake.py for tasks to queue
[2026-02-03T18:22:52.193+0000] {logging_mixin.py:188} INFO - [2026-02-03T18:22:52.193+0000] {dagbag.py:545} INFO - Filling up the DagBag from /opt/airflow/dags/minio-snowflake.py
[2026-02-03T18:22:53.139+0000] {processor.py:840} INFO - DAG(s) 'minio_to_snowflake' retrieved from /opt/airflow/dags/minio-snowflake.py
[2026-02-03T18:22:53.169+0000] {logging_mixin.py:188} INFO - [2026-02-03T18:22:53.169+0000] {dag.py:3089} INFO - Sync 1 DAGs
[2026-02-03T18:22:53.197+0000] {logging_mixin.py:188} INFO - [2026-02-03T18:22:53.197+0000] {dag.py:3947} INFO - Setting next_dagrun for minio_to_snowflake to 2026-02-03 18:22:00+00:00, run_after=2026-02-03 18:23:00+00:00
[2026-02-03T18:22:53.220+0000] {processor.py:183} INFO - Processing /opt/airflow/dags/minio-snowflake.py took 1.039 seconds
[2026-02-03T18:23:23.507+0000] {processor.py:161} INFO - Started process (PID=9577) to work on /opt/airflow/dags/minio-snowflake.py
[2026-02-03T18:23:23.508+0000] {processor.py:830} INFO - Processing file /opt/airflow/dags/minio-snowflake.py for tasks to queue
[2026-02-03T18:23:23.511+0000] {logging_mixin.py:188} INFO - [2026-02-03T18:23:23.511+0000] {dagbag.py:545} INFO - Filling up the DagBag from /opt/airflow/dags/minio-snowflake.py
[2026-02-03T18:23:24.306+0000] {processor.py:840} INFO - DAG(s) 'minio_to_snowflake' retrieved from /opt/airflow/dags/minio-snowflake.py
[2026-02-03T18:23:24.333+0000] {logging_mixin.py:188} INFO - [2026-02-03T18:23:24.333+0000] {dag.py:3089} INFO - Sync 1 DAGs
[2026-02-03T18:23:24.359+0000] {logging_mixin.py:188} INFO - [2026-02-03T18:23:24.359+0000] {dag.py:3947} INFO - Setting next_dagrun for minio_to_snowflake to 2026-02-03 18:22:00+00:00, run_after=2026-02-03 18:23:00+00:00
[2026-02-03T18:23:24.392+0000] {processor.py:183} INFO - Processing /opt/airflow/dags/minio-snowflake.py took 0.892 seconds
[2026-02-03T18:23:54.829+0000] {processor.py:161} INFO - Started process (PID=9792) to work on /opt/airflow/dags/minio-snowflake.py
[2026-02-03T18:23:54.831+0000] {processor.py:830} INFO - Processing file /opt/airflow/dags/minio-snowflake.py for tasks to queue
[2026-02-03T18:23:54.835+0000] {logging_mixin.py:188} INFO - [2026-02-03T18:23:54.835+0000] {dagbag.py:545} INFO - Filling up the DagBag from /opt/airflow/dags/minio-snowflake.py
[2026-02-03T18:23:55.884+0000] {processor.py:840} INFO - DAG(s) 'minio_to_snowflake' retrieved from /opt/airflow/dags/minio-snowflake.py
[2026-02-03T18:23:55.946+0000] {logging_mixin.py:188} INFO - [2026-02-03T18:23:55.945+0000] {dag.py:3089} INFO - Sync 1 DAGs
[2026-02-03T18:23:55.986+0000] {logging_mixin.py:188} INFO - [2026-02-03T18:23:55.986+0000] {dag.py:3947} INFO - Setting next_dagrun for minio_to_snowflake to 2026-02-03 18:22:00+00:00, run_after=2026-02-03 18:23:00+00:00
[2026-02-03T18:23:56.027+0000] {processor.py:183} INFO - Processing /opt/airflow/dags/minio-snowflake.py took 1.215 seconds
[2026-02-03T18:24:26.178+0000] {processor.py:161} INFO - Started process (PID=10466) to work on /opt/airflow/dags/minio-snowflake.py
[2026-02-03T18:24:26.181+0000] {processor.py:830} INFO - Processing file /opt/airflow/dags/minio-snowflake.py for tasks to queue
[2026-02-03T18:24:26.187+0000] {logging_mixin.py:188} INFO - [2026-02-03T18:24:26.186+0000] {dagbag.py:545} INFO - Filling up the DagBag from /opt/airflow/dags/minio-snowflake.py
[2026-02-03T18:24:27.268+0000] {processor.py:840} INFO - DAG(s) 'minio_to_snowflake' retrieved from /opt/airflow/dags/minio-snowflake.py
[2026-02-03T18:24:27.303+0000] {logging_mixin.py:188} INFO - [2026-02-03T18:24:27.302+0000] {dag.py:3089} INFO - Sync 1 DAGs
[2026-02-03T18:24:27.337+0000] {logging_mixin.py:188} INFO - [2026-02-03T18:24:27.337+0000] {dag.py:3947} INFO - Setting next_dagrun for minio_to_snowflake to 2026-02-03 18:23:00+00:00, run_after=2026-02-03 18:24:00+00:00
[2026-02-03T18:24:27.364+0000] {processor.py:183} INFO - Processing /opt/airflow/dags/minio-snowflake.py took 1.228 seconds
[2026-02-03T18:24:57.659+0000] {processor.py:161} INFO - Started process (PID=10709) to work on /opt/airflow/dags/minio-snowflake.py
[2026-02-03T18:24:57.661+0000] {processor.py:830} INFO - Processing file /opt/airflow/dags/minio-snowflake.py for tasks to queue
[2026-02-03T18:24:57.663+0000] {logging_mixin.py:188} INFO - [2026-02-03T18:24:57.663+0000] {dagbag.py:545} INFO - Filling up the DagBag from /opt/airflow/dags/minio-snowflake.py
[2026-02-03T18:24:58.411+0000] {processor.py:840} INFO - DAG(s) 'minio_to_snowflake' retrieved from /opt/airflow/dags/minio-snowflake.py
[2026-02-03T18:24:58.434+0000] {logging_mixin.py:188} INFO - [2026-02-03T18:24:58.434+0000] {dag.py:3089} INFO - Sync 1 DAGs
[2026-02-03T18:24:58.456+0000] {logging_mixin.py:188} INFO - [2026-02-03T18:24:58.455+0000] {dag.py:3947} INFO - Setting next_dagrun for minio_to_snowflake to 2026-02-03 18:23:00+00:00, run_after=2026-02-03 18:24:00+00:00
[2026-02-03T18:24:58.477+0000] {processor.py:183} INFO - Processing /opt/airflow/dags/minio-snowflake.py took 0.824 seconds
[2026-02-03T18:25:28.907+0000] {processor.py:161} INFO - Started process (PID=10937) to work on /opt/airflow/dags/minio-snowflake.py
[2026-02-03T18:25:28.909+0000] {processor.py:830} INFO - Processing file /opt/airflow/dags/minio-snowflake.py for tasks to queue
[2026-02-03T18:25:28.912+0000] {logging_mixin.py:188} INFO - [2026-02-03T18:25:28.912+0000] {dagbag.py:545} INFO - Filling up the DagBag from /opt/airflow/dags/minio-snowflake.py
[2026-02-03T18:25:29.734+0000] {processor.py:840} INFO - DAG(s) 'minio_to_snowflake' retrieved from /opt/airflow/dags/minio-snowflake.py
[2026-02-03T18:25:29.758+0000] {logging_mixin.py:188} INFO - [2026-02-03T18:25:29.757+0000] {dag.py:3089} INFO - Sync 1 DAGs
[2026-02-03T18:25:29.779+0000] {logging_mixin.py:188} INFO - [2026-02-03T18:25:29.779+0000] {dag.py:3947} INFO - Setting next_dagrun for minio_to_snowflake to 2026-02-03 18:24:00+00:00, run_after=2026-02-03 18:25:00+00:00
[2026-02-03T18:25:29.803+0000] {processor.py:183} INFO - Processing /opt/airflow/dags/minio-snowflake.py took 0.905 seconds
[2026-02-03T18:26:00.263+0000] {processor.py:161} INFO - Started process (PID=11165) to work on /opt/airflow/dags/minio-snowflake.py
[2026-02-03T18:26:00.267+0000] {processor.py:830} INFO - Processing file /opt/airflow/dags/minio-snowflake.py for tasks to queue
[2026-02-03T18:26:00.276+0000] {logging_mixin.py:188} INFO - [2026-02-03T18:26:00.275+0000] {dagbag.py:545} INFO - Filling up the DagBag from /opt/airflow/dags/minio-snowflake.py
[2026-02-03T18:26:01.790+0000] {processor.py:840} INFO - DAG(s) 'minio_to_snowflake' retrieved from /opt/airflow/dags/minio-snowflake.py
[2026-02-03T18:26:01.833+0000] {logging_mixin.py:188} INFO - [2026-02-03T18:26:01.833+0000] {dag.py:3089} INFO - Sync 1 DAGs
[2026-02-03T18:26:01.868+0000] {logging_mixin.py:188} INFO - [2026-02-03T18:26:01.868+0000] {dag.py:3947} INFO - Setting next_dagrun for minio_to_snowflake to 2026-02-03 18:25:00+00:00, run_after=2026-02-03 18:26:00+00:00
[2026-02-03T18:26:01.895+0000] {processor.py:183} INFO - Processing /opt/airflow/dags/minio-snowflake.py took 1.727 seconds
[2026-02-03T18:26:32.261+0000] {processor.py:161} INFO - Started process (PID=11854) to work on /opt/airflow/dags/minio-snowflake.py
[2026-02-03T18:26:32.264+0000] {processor.py:830} INFO - Processing file /opt/airflow/dags/minio-snowflake.py for tasks to queue
[2026-02-03T18:26:32.269+0000] {logging_mixin.py:188} INFO - [2026-02-03T18:26:32.268+0000] {dagbag.py:545} INFO - Filling up the DagBag from /opt/airflow/dags/minio-snowflake.py
[2026-02-03T18:26:33.095+0000] {processor.py:840} INFO - DAG(s) 'minio_to_snowflake' retrieved from /opt/airflow/dags/minio-snowflake.py
[2026-02-03T18:26:33.122+0000] {logging_mixin.py:188} INFO - [2026-02-03T18:26:33.121+0000] {dag.py:3089} INFO - Sync 1 DAGs
[2026-02-03T18:26:33.147+0000] {logging_mixin.py:188} INFO - [2026-02-03T18:26:33.147+0000] {dag.py:3947} INFO - Setting next_dagrun for minio_to_snowflake to 2026-02-03 18:26:00+00:00, run_after=2026-02-03 18:27:00+00:00
[2026-02-03T18:26:33.172+0000] {processor.py:183} INFO - Processing /opt/airflow/dags/minio-snowflake.py took 0.924 seconds
[2026-02-03T18:27:03.570+0000] {processor.py:161} INFO - Started process (PID=12077) to work on /opt/airflow/dags/minio-snowflake.py
[2026-02-03T18:27:03.571+0000] {processor.py:830} INFO - Processing file /opt/airflow/dags/minio-snowflake.py for tasks to queue
[2026-02-03T18:27:03.573+0000] {logging_mixin.py:188} INFO - [2026-02-03T18:27:03.573+0000] {dagbag.py:545} INFO - Filling up the DagBag from /opt/airflow/dags/minio-snowflake.py
[2026-02-03T18:27:04.314+0000] {processor.py:840} INFO - DAG(s) 'minio_to_snowflake' retrieved from /opt/airflow/dags/minio-snowflake.py
[2026-02-03T18:27:04.340+0000] {logging_mixin.py:188} INFO - [2026-02-03T18:27:04.339+0000] {dag.py:3089} INFO - Sync 1 DAGs
[2026-02-03T18:27:04.362+0000] {logging_mixin.py:188} INFO - [2026-02-03T18:27:04.362+0000] {dag.py:3947} INFO - Setting next_dagrun for minio_to_snowflake to 2026-02-03 18:26:00+00:00, run_after=2026-02-03 18:27:00+00:00
[2026-02-03T18:27:04.384+0000] {processor.py:183} INFO - Processing /opt/airflow/dags/minio-snowflake.py took 0.821 seconds
[2026-02-03T18:27:34.783+0000] {processor.py:161} INFO - Started process (PID=12317) to work on /opt/airflow/dags/minio-snowflake.py
[2026-02-03T18:27:34.785+0000] {processor.py:830} INFO - Processing file /opt/airflow/dags/minio-snowflake.py for tasks to queue
[2026-02-03T18:27:34.789+0000] {logging_mixin.py:188} INFO - [2026-02-03T18:27:34.788+0000] {dagbag.py:545} INFO - Filling up the DagBag from /opt/airflow/dags/minio-snowflake.py
[2026-02-03T18:27:35.548+0000] {processor.py:840} INFO - DAG(s) 'minio_to_snowflake' retrieved from /opt/airflow/dags/minio-snowflake.py
[2026-02-03T18:27:35.570+0000] {logging_mixin.py:188} INFO - [2026-02-03T18:27:35.570+0000] {dag.py:3089} INFO - Sync 1 DAGs
[2026-02-03T18:27:35.592+0000] {logging_mixin.py:188} INFO - [2026-02-03T18:27:35.591+0000] {dag.py:3947} INFO - Setting next_dagrun for minio_to_snowflake to 2026-02-03 18:26:00+00:00, run_after=2026-02-03 18:27:00+00:00
[2026-02-03T18:27:35.611+0000] {processor.py:183} INFO - Processing /opt/airflow/dags/minio-snowflake.py took 0.840 seconds
[2026-02-03T18:28:05.970+0000] {processor.py:161} INFO - Started process (PID=12976) to work on /opt/airflow/dags/minio-snowflake.py
[2026-02-03T18:28:05.972+0000] {processor.py:830} INFO - Processing file /opt/airflow/dags/minio-snowflake.py for tasks to queue
[2026-02-03T18:28:05.975+0000] {logging_mixin.py:188} INFO - [2026-02-03T18:28:05.974+0000] {dagbag.py:545} INFO - Filling up the DagBag from /opt/airflow/dags/minio-snowflake.py
[2026-02-03T18:28:06.708+0000] {processor.py:840} INFO - DAG(s) 'minio_to_snowflake' retrieved from /opt/airflow/dags/minio-snowflake.py
[2026-02-03T18:28:06.733+0000] {logging_mixin.py:188} INFO - [2026-02-03T18:28:06.732+0000] {dag.py:3089} INFO - Sync 1 DAGs
[2026-02-03T18:28:06.756+0000] {logging_mixin.py:188} INFO - [2026-02-03T18:28:06.756+0000] {dag.py:3947} INFO - Setting next_dagrun for minio_to_snowflake to 2026-02-03 18:27:00+00:00, run_after=2026-02-03 18:28:00+00:00
[2026-02-03T18:28:06.777+0000] {processor.py:183} INFO - Processing /opt/airflow/dags/minio-snowflake.py took 0.819 seconds
[2026-02-03T18:28:37.114+0000] {processor.py:161} INFO - Started process (PID=13661) to work on /opt/airflow/dags/minio-snowflake.py
[2026-02-03T18:28:37.115+0000] {processor.py:830} INFO - Processing file /opt/airflow/dags/minio-snowflake.py for tasks to queue
[2026-02-03T18:28:37.118+0000] {logging_mixin.py:188} INFO - [2026-02-03T18:28:37.117+0000] {dagbag.py:545} INFO - Filling up the DagBag from /opt/airflow/dags/minio-snowflake.py
[2026-02-03T18:28:37.864+0000] {processor.py:840} INFO - DAG(s) 'minio_to_snowflake' retrieved from /opt/airflow/dags/minio-snowflake.py
[2026-02-03T18:28:37.886+0000] {logging_mixin.py:188} INFO - [2026-02-03T18:28:37.886+0000] {dag.py:3089} INFO - Sync 1 DAGs
[2026-02-03T18:28:37.908+0000] {logging_mixin.py:188} INFO - [2026-02-03T18:28:37.908+0000] {dag.py:3947} INFO - Setting next_dagrun for minio_to_snowflake to 2026-02-03 18:28:00+00:00, run_after=2026-02-03 18:29:00+00:00
[2026-02-03T18:28:37.932+0000] {processor.py:183} INFO - Processing /opt/airflow/dags/minio-snowflake.py took 0.825 seconds
[2026-02-03T18:29:08.088+0000] {processor.py:161} INFO - Started process (PID=13886) to work on /opt/airflow/dags/minio-snowflake.py
[2026-02-03T18:29:08.089+0000] {processor.py:830} INFO - Processing file /opt/airflow/dags/minio-snowflake.py for tasks to queue
[2026-02-03T18:29:08.092+0000] {logging_mixin.py:188} INFO - [2026-02-03T18:29:08.091+0000] {dagbag.py:545} INFO - Filling up the DagBag from /opt/airflow/dags/minio-snowflake.py
[2026-02-03T18:29:09.096+0000] {processor.py:840} INFO - DAG(s) 'minio_to_snowflake' retrieved from /opt/airflow/dags/minio-snowflake.py
[2026-02-03T18:29:09.134+0000] {logging_mixin.py:188} INFO - [2026-02-03T18:29:09.134+0000] {dag.py:3089} INFO - Sync 1 DAGs
[2026-02-03T18:29:09.181+0000] {logging_mixin.py:188} INFO - [2026-02-03T18:29:09.181+0000] {dag.py:3947} INFO - Setting next_dagrun for minio_to_snowflake to 2026-02-03 18:28:00+00:00, run_after=2026-02-03 18:29:00+00:00
[2026-02-03T18:29:09.225+0000] {processor.py:183} INFO - Processing /opt/airflow/dags/minio-snowflake.py took 1.144 seconds
[2026-02-03T18:29:39.579+0000] {processor.py:161} INFO - Started process (PID=14544) to work on /opt/airflow/dags/minio-snowflake.py
[2026-02-03T18:29:39.582+0000] {processor.py:830} INFO - Processing file /opt/airflow/dags/minio-snowflake.py for tasks to queue
[2026-02-03T18:29:39.585+0000] {logging_mixin.py:188} INFO - [2026-02-03T18:29:39.585+0000] {dagbag.py:545} INFO - Filling up the DagBag from /opt/airflow/dags/minio-snowflake.py
[2026-02-03T18:29:40.757+0000] {processor.py:840} INFO - DAG(s) 'minio_to_snowflake' retrieved from /opt/airflow/dags/minio-snowflake.py
[2026-02-03T18:29:40.802+0000] {logging_mixin.py:188} INFO - [2026-02-03T18:29:40.800+0000] {dag.py:3089} INFO - Sync 1 DAGs
[2026-02-03T18:29:40.834+0000] {logging_mixin.py:188} INFO - [2026-02-03T18:29:40.834+0000] {dag.py:3947} INFO - Setting next_dagrun for minio_to_snowflake to 2026-02-03 18:29:00+00:00, run_after=2026-02-03 18:30:00+00:00
[2026-02-03T18:29:40.862+0000] {processor.py:183} INFO - Processing /opt/airflow/dags/minio-snowflake.py took 1.294 seconds
[2026-02-03T18:30:11.197+0000] {processor.py:161} INFO - Started process (PID=15231) to work on /opt/airflow/dags/minio-snowflake.py
[2026-02-03T18:30:11.199+0000] {processor.py:830} INFO - Processing file /opt/airflow/dags/minio-snowflake.py for tasks to queue
[2026-02-03T18:30:11.201+0000] {logging_mixin.py:188} INFO - [2026-02-03T18:30:11.201+0000] {dagbag.py:545} INFO - Filling up the DagBag from /opt/airflow/dags/minio-snowflake.py
[2026-02-03T18:30:12.015+0000] {processor.py:840} INFO - DAG(s) 'minio_to_snowflake' retrieved from /opt/airflow/dags/minio-snowflake.py
[2026-02-03T18:30:12.042+0000] {logging_mixin.py:188} INFO - [2026-02-03T18:30:12.041+0000] {dag.py:3089} INFO - Sync 1 DAGs
[2026-02-03T18:30:12.066+0000] {logging_mixin.py:188} INFO - [2026-02-03T18:30:12.065+0000] {dag.py:3947} INFO - Setting next_dagrun for minio_to_snowflake to 2026-02-03 18:30:00+00:00, run_after=2026-02-03 18:31:00+00:00
[2026-02-03T18:30:12.089+0000] {processor.py:183} INFO - Processing /opt/airflow/dags/minio-snowflake.py took 0.899 seconds
[2026-02-03T18:30:42.476+0000] {processor.py:161} INFO - Started process (PID=15462) to work on /opt/airflow/dags/minio-snowflake.py
[2026-02-03T18:30:42.478+0000] {processor.py:830} INFO - Processing file /opt/airflow/dags/minio-snowflake.py for tasks to queue
[2026-02-03T18:30:42.480+0000] {logging_mixin.py:188} INFO - [2026-02-03T18:30:42.480+0000] {dagbag.py:545} INFO - Filling up the DagBag from /opt/airflow/dags/minio-snowflake.py
[2026-02-03T18:30:43.323+0000] {processor.py:840} INFO - DAG(s) 'minio_to_snowflake' retrieved from /opt/airflow/dags/minio-snowflake.py
[2026-02-03T18:30:43.362+0000] {logging_mixin.py:188} INFO - [2026-02-03T18:30:43.362+0000] {dag.py:3089} INFO - Sync 1 DAGs
[2026-02-03T18:30:43.394+0000] {logging_mixin.py:188} INFO - [2026-02-03T18:30:43.394+0000] {dag.py:3947} INFO - Setting next_dagrun for minio_to_snowflake to 2026-02-03 18:30:00+00:00, run_after=2026-02-03 18:31:00+00:00
[2026-02-03T18:30:43.420+0000] {processor.py:183} INFO - Processing /opt/airflow/dags/minio-snowflake.py took 0.954 seconds
[2026-02-03T18:31:13.804+0000] {processor.py:161} INFO - Started process (PID=15661) to work on /opt/airflow/dags/minio-snowflake.py
[2026-02-03T18:31:13.806+0000] {processor.py:830} INFO - Processing file /opt/airflow/dags/minio-snowflake.py for tasks to queue
[2026-02-03T18:31:13.809+0000] {logging_mixin.py:188} INFO - [2026-02-03T18:31:13.808+0000] {dagbag.py:545} INFO - Filling up the DagBag from /opt/airflow/dags/minio-snowflake.py
[2026-02-03T18:31:14.611+0000] {processor.py:840} INFO - DAG(s) 'minio_to_snowflake' retrieved from /opt/airflow/dags/minio-snowflake.py
[2026-02-03T18:31:14.651+0000] {logging_mixin.py:188} INFO - [2026-02-03T18:31:14.651+0000] {dag.py:3089} INFO - Sync 1 DAGs
[2026-02-03T18:31:14.681+0000] {logging_mixin.py:188} INFO - [2026-02-03T18:31:14.681+0000] {dag.py:3947} INFO - Setting next_dagrun for minio_to_snowflake to 2026-02-03 18:30:00+00:00, run_after=2026-02-03 18:31:00+00:00
[2026-02-03T18:31:14.703+0000] {processor.py:183} INFO - Processing /opt/airflow/dags/minio-snowflake.py took 0.910 seconds
[2026-02-03T18:31:45.059+0000] {processor.py:161} INFO - Started process (PID=16329) to work on /opt/airflow/dags/minio-snowflake.py
[2026-02-03T18:31:45.062+0000] {processor.py:830} INFO - Processing file /opt/airflow/dags/minio-snowflake.py for tasks to queue
[2026-02-03T18:31:45.065+0000] {logging_mixin.py:188} INFO - [2026-02-03T18:31:45.065+0000] {dagbag.py:545} INFO - Filling up the DagBag from /opt/airflow/dags/minio-snowflake.py
[2026-02-03T18:31:45.864+0000] {processor.py:840} INFO - DAG(s) 'minio_to_snowflake' retrieved from /opt/airflow/dags/minio-snowflake.py
[2026-02-03T18:31:45.888+0000] {logging_mixin.py:188} INFO - [2026-02-03T18:31:45.888+0000] {dag.py:3089} INFO - Sync 1 DAGs
[2026-02-03T18:31:45.918+0000] {logging_mixin.py:188} INFO - [2026-02-03T18:31:45.917+0000] {dag.py:3947} INFO - Setting next_dagrun for minio_to_snowflake to 2026-02-03 18:31:00+00:00, run_after=2026-02-03 18:32:00+00:00
[2026-02-03T18:31:45.939+0000] {processor.py:183} INFO - Processing /opt/airflow/dags/minio-snowflake.py took 0.891 seconds
[2026-02-03T18:32:16.025+0000] {processor.py:161} INFO - Started process (PID=16575) to work on /opt/airflow/dags/minio-snowflake.py
[2026-02-03T18:32:16.027+0000] {processor.py:830} INFO - Processing file /opt/airflow/dags/minio-snowflake.py for tasks to queue
[2026-02-03T18:32:16.029+0000] {logging_mixin.py:188} INFO - [2026-02-03T18:32:16.029+0000] {dagbag.py:545} INFO - Filling up the DagBag from /opt/airflow/dags/minio-snowflake.py
[2026-02-03T18:32:16.839+0000] {processor.py:840} INFO - DAG(s) 'minio_to_snowflake' retrieved from /opt/airflow/dags/minio-snowflake.py
[2026-02-03T18:32:16.865+0000] {logging_mixin.py:188} INFO - [2026-02-03T18:32:16.864+0000] {dag.py:3089} INFO - Sync 1 DAGs
[2026-02-03T18:32:16.890+0000] {logging_mixin.py:188} INFO - [2026-02-03T18:32:16.889+0000] {dag.py:3947} INFO - Setting next_dagrun for minio_to_snowflake to 2026-02-03 18:32:00+00:00, run_after=2026-02-03 18:33:00+00:00
[2026-02-03T18:32:16.914+0000] {processor.py:183} INFO - Processing /opt/airflow/dags/minio-snowflake.py took 0.895 seconds
[2026-02-03T18:32:47.413+0000] {processor.py:161} INFO - Started process (PID=17271) to work on /opt/airflow/dags/minio-snowflake.py
[2026-02-03T18:32:47.414+0000] {processor.py:830} INFO - Processing file /opt/airflow/dags/minio-snowflake.py for tasks to queue
[2026-02-03T18:32:47.417+0000] {logging_mixin.py:188} INFO - [2026-02-03T18:32:47.417+0000] {dagbag.py:545} INFO - Filling up the DagBag from /opt/airflow/dags/minio-snowflake.py
[2026-02-03T18:32:48.167+0000] {processor.py:840} INFO - DAG(s) 'minio_to_snowflake' retrieved from /opt/airflow/dags/minio-snowflake.py
[2026-02-03T18:32:48.197+0000] {logging_mixin.py:188} INFO - [2026-02-03T18:32:48.195+0000] {dag.py:3089} INFO - Sync 1 DAGs
[2026-02-03T18:32:48.219+0000] {logging_mixin.py:188} INFO - [2026-02-03T18:32:48.219+0000] {dag.py:3947} INFO - Setting next_dagrun for minio_to_snowflake to 2026-02-03 18:32:00+00:00, run_after=2026-02-03 18:33:00+00:00
[2026-02-03T18:32:48.240+0000] {processor.py:183} INFO - Processing /opt/airflow/dags/minio-snowflake.py took 0.838 seconds
[2026-02-03T18:33:18.604+0000] {processor.py:161} INFO - Started process (PID=17952) to work on /opt/airflow/dags/minio-snowflake.py
[2026-02-03T18:33:18.606+0000] {processor.py:830} INFO - Processing file /opt/airflow/dags/minio-snowflake.py for tasks to queue
[2026-02-03T18:33:18.609+0000] {logging_mixin.py:188} INFO - [2026-02-03T18:33:18.609+0000] {dagbag.py:545} INFO - Filling up the DagBag from /opt/airflow/dags/minio-snowflake.py
[2026-02-03T18:33:19.389+0000] {processor.py:840} INFO - DAG(s) 'minio_to_snowflake' retrieved from /opt/airflow/dags/minio-snowflake.py
[2026-02-03T18:33:19.414+0000] {logging_mixin.py:188} INFO - [2026-02-03T18:33:19.413+0000] {dag.py:3089} INFO - Sync 1 DAGs
[2026-02-03T18:33:19.435+0000] {logging_mixin.py:188} INFO - [2026-02-03T18:33:19.434+0000] {dag.py:3947} INFO - Setting next_dagrun for minio_to_snowflake to 2026-02-03 18:33:00+00:00, run_after=2026-02-03 18:34:00+00:00
[2026-02-03T18:33:19.454+0000] {processor.py:183} INFO - Processing /opt/airflow/dags/minio-snowflake.py took 0.862 seconds
[2026-02-03T18:33:49.878+0000] {processor.py:161} INFO - Started process (PID=18163) to work on /opt/airflow/dags/minio-snowflake.py
[2026-02-03T18:33:49.881+0000] {processor.py:830} INFO - Processing file /opt/airflow/dags/minio-snowflake.py for tasks to queue
[2026-02-03T18:33:49.885+0000] {logging_mixin.py:188} INFO - [2026-02-03T18:33:49.885+0000] {dagbag.py:545} INFO - Filling up the DagBag from /opt/airflow/dags/minio-snowflake.py
[2026-02-03T18:33:50.685+0000] {processor.py:840} INFO - DAG(s) 'minio_to_snowflake' retrieved from /opt/airflow/dags/minio-snowflake.py
[2026-02-03T18:33:50.709+0000] {logging_mixin.py:188} INFO - [2026-02-03T18:33:50.708+0000] {dag.py:3089} INFO - Sync 1 DAGs
[2026-02-03T18:33:50.731+0000] {logging_mixin.py:188} INFO - [2026-02-03T18:33:50.730+0000] {dag.py:3947} INFO - Setting next_dagrun for minio_to_snowflake to 2026-02-03 18:33:00+00:00, run_after=2026-02-03 18:34:00+00:00
[2026-02-03T18:33:50.764+0000] {processor.py:183} INFO - Processing /opt/airflow/dags/minio-snowflake.py took 0.899 seconds
[2026-02-03T18:34:21.163+0000] {processor.py:161} INFO - Started process (PID=18765) to work on /opt/airflow/dags/minio-snowflake.py
[2026-02-03T18:34:21.166+0000] {processor.py:830} INFO - Processing file /opt/airflow/dags/minio-snowflake.py for tasks to queue
[2026-02-03T18:34:21.169+0000] {logging_mixin.py:188} INFO - [2026-02-03T18:34:21.169+0000] {dagbag.py:545} INFO - Filling up the DagBag from /opt/airflow/dags/minio-snowflake.py
[2026-02-03T18:34:21.946+0000] {processor.py:840} INFO - DAG(s) 'minio_to_snowflake' retrieved from /opt/airflow/dags/minio-snowflake.py
[2026-02-03T18:34:21.972+0000] {logging_mixin.py:188} INFO - [2026-02-03T18:34:21.971+0000] {dag.py:3089} INFO - Sync 1 DAGs
[2026-02-03T18:34:21.994+0000] {logging_mixin.py:188} INFO - [2026-02-03T18:34:21.994+0000] {dag.py:3947} INFO - Setting next_dagrun for minio_to_snowflake to 2026-02-03 18:34:00+00:00, run_after=2026-02-03 18:35:00+00:00
[2026-02-03T18:34:22.017+0000] {processor.py:183} INFO - Processing /opt/airflow/dags/minio-snowflake.py took 0.869 seconds
[2026-02-03T18:34:52.426+0000] {processor.py:161} INFO - Started process (PID=18959) to work on /opt/airflow/dags/minio-snowflake.py
[2026-02-03T18:34:52.428+0000] {processor.py:830} INFO - Processing file /opt/airflow/dags/minio-snowflake.py for tasks to queue
[2026-02-03T18:34:52.431+0000] {logging_mixin.py:188} INFO - [2026-02-03T18:34:52.431+0000] {dagbag.py:545} INFO - Filling up the DagBag from /opt/airflow/dags/minio-snowflake.py
[2026-02-03T18:34:53.184+0000] {processor.py:840} INFO - DAG(s) 'minio_to_snowflake' retrieved from /opt/airflow/dags/minio-snowflake.py
[2026-02-03T18:34:53.207+0000] {logging_mixin.py:188} INFO - [2026-02-03T18:34:53.207+0000] {dag.py:3089} INFO - Sync 1 DAGs
[2026-02-03T18:34:53.232+0000] {logging_mixin.py:188} INFO - [2026-02-03T18:34:53.232+0000] {dag.py:3947} INFO - Setting next_dagrun for minio_to_snowflake to 2026-02-03 18:34:00+00:00, run_after=2026-02-03 18:35:00+00:00
[2026-02-03T18:34:53.250+0000] {processor.py:183} INFO - Processing /opt/airflow/dags/minio-snowflake.py took 0.837 seconds
[2026-02-03T18:35:23.591+0000] {processor.py:161} INFO - Started process (PID=19583) to work on /opt/airflow/dags/minio-snowflake.py
[2026-02-03T18:35:23.593+0000] {processor.py:830} INFO - Processing file /opt/airflow/dags/minio-snowflake.py for tasks to queue
[2026-02-03T18:35:23.597+0000] {logging_mixin.py:188} INFO - [2026-02-03T18:35:23.596+0000] {dagbag.py:545} INFO - Filling up the DagBag from /opt/airflow/dags/minio-snowflake.py
[2026-02-03T18:35:24.372+0000] {processor.py:840} INFO - DAG(s) 'minio_to_snowflake' retrieved from /opt/airflow/dags/minio-snowflake.py
[2026-02-03T18:35:24.399+0000] {logging_mixin.py:188} INFO - [2026-02-03T18:35:24.398+0000] {dag.py:3089} INFO - Sync 1 DAGs
[2026-02-03T18:35:24.421+0000] {logging_mixin.py:188} INFO - [2026-02-03T18:35:24.421+0000] {dag.py:3947} INFO - Setting next_dagrun for minio_to_snowflake to 2026-02-03 18:35:00+00:00, run_after=2026-02-03 18:36:00+00:00
[2026-02-03T18:35:24.445+0000] {processor.py:183} INFO - Processing /opt/airflow/dags/minio-snowflake.py took 0.865 seconds
[2026-02-03T18:35:54.858+0000] {processor.py:161} INFO - Started process (PID=19755) to work on /opt/airflow/dags/minio-snowflake.py
[2026-02-03T18:35:54.860+0000] {processor.py:830} INFO - Processing file /opt/airflow/dags/minio-snowflake.py for tasks to queue
[2026-02-03T18:35:54.863+0000] {logging_mixin.py:188} INFO - [2026-02-03T18:35:54.863+0000] {dagbag.py:545} INFO - Filling up the DagBag from /opt/airflow/dags/minio-snowflake.py
[2026-02-03T18:35:55.679+0000] {processor.py:840} INFO - DAG(s) 'minio_to_snowflake' retrieved from /opt/airflow/dags/minio-snowflake.py
[2026-02-03T18:35:55.704+0000] {logging_mixin.py:188} INFO - [2026-02-03T18:35:55.704+0000] {dag.py:3089} INFO - Sync 1 DAGs
[2026-02-03T18:35:55.728+0000] {logging_mixin.py:188} INFO - [2026-02-03T18:35:55.727+0000] {dag.py:3947} INFO - Setting next_dagrun for minio_to_snowflake to 2026-02-03 18:35:00+00:00, run_after=2026-02-03 18:36:00+00:00
[2026-02-03T18:35:55.756+0000] {processor.py:183} INFO - Processing /opt/airflow/dags/minio-snowflake.py took 0.910 seconds
[2026-02-03T18:36:26.098+0000] {processor.py:161} INFO - Started process (PID=20424) to work on /opt/airflow/dags/minio-snowflake.py
[2026-02-03T18:36:26.100+0000] {processor.py:830} INFO - Processing file /opt/airflow/dags/minio-snowflake.py for tasks to queue
[2026-02-03T18:36:26.106+0000] {logging_mixin.py:188} INFO - [2026-02-03T18:36:26.104+0000] {dagbag.py:545} INFO - Filling up the DagBag from /opt/airflow/dags/minio-snowflake.py
[2026-02-03T18:36:27.200+0000] {processor.py:840} INFO - DAG(s) 'minio_to_snowflake' retrieved from /opt/airflow/dags/minio-snowflake.py
[2026-02-03T18:36:27.225+0000] {logging_mixin.py:188} INFO - [2026-02-03T18:36:27.224+0000] {dag.py:3089} INFO - Sync 1 DAGs
[2026-02-03T18:36:27.249+0000] {logging_mixin.py:188} INFO - [2026-02-03T18:36:27.248+0000] {dag.py:3947} INFO - Setting next_dagrun for minio_to_snowflake to 2026-02-03 18:36:00+00:00, run_after=2026-02-03 18:37:00+00:00
[2026-02-03T18:36:27.274+0000] {processor.py:183} INFO - Processing /opt/airflow/dags/minio-snowflake.py took 1.206 seconds
[2026-02-03T18:36:57.437+0000] {processor.py:161} INFO - Started process (PID=20551) to work on /opt/airflow/dags/minio-snowflake.py
[2026-02-03T18:36:57.440+0000] {processor.py:830} INFO - Processing file /opt/airflow/dags/minio-snowflake.py for tasks to queue
[2026-02-03T18:36:57.443+0000] {logging_mixin.py:188} INFO - [2026-02-03T18:36:57.443+0000] {dagbag.py:545} INFO - Filling up the DagBag from /opt/airflow/dags/minio-snowflake.py
[2026-02-03T18:36:58.239+0000] {processor.py:840} INFO - DAG(s) 'minio_to_snowflake' retrieved from /opt/airflow/dags/minio-snowflake.py
[2026-02-03T18:36:58.262+0000] {logging_mixin.py:188} INFO - [2026-02-03T18:36:58.261+0000] {dag.py:3089} INFO - Sync 1 DAGs
[2026-02-03T18:36:58.284+0000] {logging_mixin.py:188} INFO - [2026-02-03T18:36:58.284+0000] {dag.py:3947} INFO - Setting next_dagrun for minio_to_snowflake to 2026-02-03 18:36:00+00:00, run_after=2026-02-03 18:37:00+00:00
[2026-02-03T18:36:58.304+0000] {processor.py:183} INFO - Processing /opt/airflow/dags/minio-snowflake.py took 0.878 seconds
[2026-02-03T18:37:28.661+0000] {processor.py:161} INFO - Started process (PID=21217) to work on /opt/airflow/dags/minio-snowflake.py
[2026-02-03T18:37:28.663+0000] {processor.py:830} INFO - Processing file /opt/airflow/dags/minio-snowflake.py for tasks to queue
[2026-02-03T18:37:28.665+0000] {logging_mixin.py:188} INFO - [2026-02-03T18:37:28.665+0000] {dagbag.py:545} INFO - Filling up the DagBag from /opt/airflow/dags/minio-snowflake.py
[2026-02-03T18:37:29.444+0000] {processor.py:840} INFO - DAG(s) 'minio_to_snowflake' retrieved from /opt/airflow/dags/minio-snowflake.py
[2026-02-03T18:37:29.469+0000] {logging_mixin.py:188} INFO - [2026-02-03T18:37:29.468+0000] {dag.py:3089} INFO - Sync 1 DAGs
[2026-02-03T18:37:29.492+0000] {logging_mixin.py:188} INFO - [2026-02-03T18:37:29.492+0000] {dag.py:3947} INFO - Setting next_dagrun for minio_to_snowflake to 2026-02-03 18:37:00+00:00, run_after=2026-02-03 18:38:00+00:00
[2026-02-03T18:37:29.516+0000] {processor.py:183} INFO - Processing /opt/airflow/dags/minio-snowflake.py took 0.863 seconds
[2026-02-03T18:38:00.036+0000] {processor.py:161} INFO - Started process (PID=21347) to work on /opt/airflow/dags/minio-snowflake.py
[2026-02-03T18:38:00.037+0000] {processor.py:830} INFO - Processing file /opt/airflow/dags/minio-snowflake.py for tasks to queue
[2026-02-03T18:38:00.040+0000] {logging_mixin.py:188} INFO - [2026-02-03T18:38:00.040+0000] {dagbag.py:545} INFO - Filling up the DagBag from /opt/airflow/dags/minio-snowflake.py
[2026-02-03T18:38:00.783+0000] {processor.py:840} INFO - DAG(s) 'minio_to_snowflake' retrieved from /opt/airflow/dags/minio-snowflake.py
[2026-02-03T18:38:00.807+0000] {logging_mixin.py:188} INFO - [2026-02-03T18:38:00.807+0000] {dag.py:3089} INFO - Sync 1 DAGs
[2026-02-03T18:38:00.832+0000] {logging_mixin.py:188} INFO - [2026-02-03T18:38:00.831+0000] {dag.py:3947} INFO - Setting next_dagrun for minio_to_snowflake to 2026-02-03 18:38:00+00:00, run_after=2026-02-03 18:39:00+00:00
[2026-02-03T18:38:00.855+0000] {processor.py:183} INFO - Processing /opt/airflow/dags/minio-snowflake.py took 0.831 seconds
[2026-02-03T18:38:31.251+0000] {processor.py:161} INFO - Started process (PID=22032) to work on /opt/airflow/dags/minio-snowflake.py
[2026-02-03T18:38:31.254+0000] {processor.py:830} INFO - Processing file /opt/airflow/dags/minio-snowflake.py for tasks to queue
[2026-02-03T18:38:31.259+0000] {logging_mixin.py:188} INFO - [2026-02-03T18:38:31.258+0000] {dagbag.py:545} INFO - Filling up the DagBag from /opt/airflow/dags/minio-snowflake.py
[2026-02-03T18:38:32.295+0000] {processor.py:840} INFO - DAG(s) 'minio_to_snowflake' retrieved from /opt/airflow/dags/minio-snowflake.py
[2026-02-03T18:38:32.330+0000] {logging_mixin.py:188} INFO - [2026-02-03T18:38:32.328+0000] {dag.py:3089} INFO - Sync 1 DAGs
[2026-02-03T18:38:32.367+0000] {logging_mixin.py:188} INFO - [2026-02-03T18:38:32.367+0000] {dag.py:3947} INFO - Setting next_dagrun for minio_to_snowflake to 2026-02-03 18:38:00+00:00, run_after=2026-02-03 18:39:00+00:00
[2026-02-03T18:38:32.405+0000] {processor.py:183} INFO - Processing /opt/airflow/dags/minio-snowflake.py took 1.166 seconds
[2026-02-03T18:39:02.758+0000] {processor.py:161} INFO - Started process (PID=22144) to work on /opt/airflow/dags/minio-snowflake.py
[2026-02-03T18:39:02.760+0000] {processor.py:830} INFO - Processing file /opt/airflow/dags/minio-snowflake.py for tasks to queue
[2026-02-03T18:39:02.762+0000] {logging_mixin.py:188} INFO - [2026-02-03T18:39:02.762+0000] {dagbag.py:545} INFO - Filling up the DagBag from /opt/airflow/dags/minio-snowflake.py
[2026-02-03T18:39:03.575+0000] {processor.py:840} INFO - DAG(s) 'minio_to_snowflake' retrieved from /opt/airflow/dags/minio-snowflake.py
[2026-02-03T18:39:03.600+0000] {logging_mixin.py:188} INFO - [2026-02-03T18:39:03.599+0000] {dag.py:3089} INFO - Sync 1 DAGs
[2026-02-03T18:39:03.623+0000] {logging_mixin.py:188} INFO - [2026-02-03T18:39:03.622+0000] {dag.py:3947} INFO - Setting next_dagrun for minio_to_snowflake to 2026-02-03 18:39:00+00:00, run_after=2026-02-03 18:40:00+00:00
[2026-02-03T18:39:03.642+0000] {processor.py:183} INFO - Processing /opt/airflow/dags/minio-snowflake.py took 0.891 seconds
[2026-02-03T18:39:34.018+0000] {processor.py:161} INFO - Started process (PID=22847) to work on /opt/airflow/dags/minio-snowflake.py
[2026-02-03T18:39:34.020+0000] {processor.py:830} INFO - Processing file /opt/airflow/dags/minio-snowflake.py for tasks to queue
[2026-02-03T18:39:34.024+0000] {logging_mixin.py:188} INFO - [2026-02-03T18:39:34.023+0000] {dagbag.py:545} INFO - Filling up the DagBag from /opt/airflow/dags/minio-snowflake.py
[2026-02-03T18:39:34.792+0000] {processor.py:840} INFO - DAG(s) 'minio_to_snowflake' retrieved from /opt/airflow/dags/minio-snowflake.py
[2026-02-03T18:39:34.814+0000] {logging_mixin.py:188} INFO - [2026-02-03T18:39:34.813+0000] {dag.py:3089} INFO - Sync 1 DAGs
[2026-02-03T18:39:34.835+0000] {logging_mixin.py:188} INFO - [2026-02-03T18:39:34.835+0000] {dag.py:3947} INFO - Setting next_dagrun for minio_to_snowflake to 2026-02-03 18:39:00+00:00, run_after=2026-02-03 18:40:00+00:00
[2026-02-03T18:39:34.855+0000] {processor.py:183} INFO - Processing /opt/airflow/dags/minio-snowflake.py took 0.848 seconds
[2026-02-03T18:40:05.219+0000] {processor.py:161} INFO - Started process (PID=22962) to work on /opt/airflow/dags/minio-snowflake.py
[2026-02-03T18:40:05.221+0000] {processor.py:830} INFO - Processing file /opt/airflow/dags/minio-snowflake.py for tasks to queue
[2026-02-03T18:40:05.225+0000] {logging_mixin.py:188} INFO - [2026-02-03T18:40:05.224+0000] {dagbag.py:545} INFO - Filling up the DagBag from /opt/airflow/dags/minio-snowflake.py
[2026-02-03T18:40:06.182+0000] {processor.py:840} INFO - DAG(s) 'minio_to_snowflake' retrieved from /opt/airflow/dags/minio-snowflake.py
[2026-02-03T18:40:06.214+0000] {logging_mixin.py:188} INFO - [2026-02-03T18:40:06.213+0000] {dag.py:3089} INFO - Sync 1 DAGs
[2026-02-03T18:40:06.240+0000] {logging_mixin.py:188} INFO - [2026-02-03T18:40:06.239+0000] {dag.py:3947} INFO - Setting next_dagrun for minio_to_snowflake to 2026-02-03 18:40:00+00:00, run_after=2026-02-03 18:41:00+00:00
[2026-02-03T18:40:06.262+0000] {processor.py:183} INFO - Processing /opt/airflow/dags/minio-snowflake.py took 1.051 seconds
[2026-02-03T18:40:36.576+0000] {processor.py:161} INFO - Started process (PID=23649) to work on /opt/airflow/dags/minio-snowflake.py
[2026-02-03T18:40:36.578+0000] {processor.py:830} INFO - Processing file /opt/airflow/dags/minio-snowflake.py for tasks to queue
[2026-02-03T18:40:36.584+0000] {logging_mixin.py:188} INFO - [2026-02-03T18:40:36.583+0000] {dagbag.py:545} INFO - Filling up the DagBag from /opt/airflow/dags/minio-snowflake.py
[2026-02-03T18:40:37.508+0000] {processor.py:840} INFO - DAG(s) 'minio_to_snowflake' retrieved from /opt/airflow/dags/minio-snowflake.py
[2026-02-03T18:40:37.536+0000] {logging_mixin.py:188} INFO - [2026-02-03T18:40:37.536+0000] {dag.py:3089} INFO - Sync 1 DAGs
[2026-02-03T18:40:37.563+0000] {logging_mixin.py:188} INFO - [2026-02-03T18:40:37.563+0000] {dag.py:3947} INFO - Setting next_dagrun for minio_to_snowflake to 2026-02-03 18:40:00+00:00, run_after=2026-02-03 18:41:00+00:00
[2026-02-03T18:40:37.591+0000] {processor.py:183} INFO - Processing /opt/airflow/dags/minio-snowflake.py took 1.029 seconds
[2026-02-03T18:41:07.956+0000] {processor.py:161} INFO - Started process (PID=24104) to work on /opt/airflow/dags/minio-snowflake.py
[2026-02-03T18:41:07.958+0000] {processor.py:830} INFO - Processing file /opt/airflow/dags/minio-snowflake.py for tasks to queue
[2026-02-03T18:41:07.961+0000] {logging_mixin.py:188} INFO - [2026-02-03T18:41:07.960+0000] {dagbag.py:545} INFO - Filling up the DagBag from /opt/airflow/dags/minio-snowflake.py
[2026-02-03T18:41:08.875+0000] {processor.py:840} INFO - DAG(s) 'minio_to_snowflake' retrieved from /opt/airflow/dags/minio-snowflake.py
[2026-02-03T18:41:08.904+0000] {logging_mixin.py:188} INFO - [2026-02-03T18:41:08.903+0000] {dag.py:3089} INFO - Sync 1 DAGs
[2026-02-03T18:41:08.933+0000] {logging_mixin.py:188} INFO - [2026-02-03T18:41:08.933+0000] {dag.py:3947} INFO - Setting next_dagrun for minio_to_snowflake to 2026-02-03 18:41:00+00:00, run_after=2026-02-03 18:42:00+00:00
[2026-02-03T18:41:08.960+0000] {processor.py:183} INFO - Processing /opt/airflow/dags/minio-snowflake.py took 1.015 seconds
[2026-02-03T18:41:39.314+0000] {processor.py:161} INFO - Started process (PID=24479) to work on /opt/airflow/dags/minio-snowflake.py
[2026-02-03T18:41:39.317+0000] {processor.py:830} INFO - Processing file /opt/airflow/dags/minio-snowflake.py for tasks to queue
[2026-02-03T18:41:39.321+0000] {logging_mixin.py:188} INFO - [2026-02-03T18:41:39.320+0000] {dagbag.py:545} INFO - Filling up the DagBag from /opt/airflow/dags/minio-snowflake.py
[2026-02-03T18:41:40.088+0000] {processor.py:840} INFO - DAG(s) 'minio_to_snowflake' retrieved from /opt/airflow/dags/minio-snowflake.py
[2026-02-03T18:41:40.113+0000] {logging_mixin.py:188} INFO - [2026-02-03T18:41:40.112+0000] {dag.py:3089} INFO - Sync 1 DAGs
[2026-02-03T18:41:40.136+0000] {logging_mixin.py:188} INFO - [2026-02-03T18:41:40.136+0000] {dag.py:3947} INFO - Setting next_dagrun for minio_to_snowflake to 2026-02-03 18:41:00+00:00, run_after=2026-02-03 18:42:00+00:00
[2026-02-03T18:41:40.159+0000] {processor.py:183} INFO - Processing /opt/airflow/dags/minio-snowflake.py took 0.859 seconds
[2026-02-03T18:42:10.510+0000] {processor.py:161} INFO - Started process (PID=25071) to work on /opt/airflow/dags/minio-snowflake.py
[2026-02-03T18:42:10.512+0000] {processor.py:830} INFO - Processing file /opt/airflow/dags/minio-snowflake.py for tasks to queue
[2026-02-03T18:42:10.514+0000] {logging_mixin.py:188} INFO - [2026-02-03T18:42:10.514+0000] {dagbag.py:545} INFO - Filling up the DagBag from /opt/airflow/dags/minio-snowflake.py
[2026-02-03T18:42:11.256+0000] {processor.py:840} INFO - DAG(s) 'minio_to_snowflake' retrieved from /opt/airflow/dags/minio-snowflake.py
[2026-02-03T18:42:11.281+0000] {logging_mixin.py:188} INFO - [2026-02-03T18:42:11.280+0000] {dag.py:3089} INFO - Sync 1 DAGs
[2026-02-03T18:42:11.302+0000] {logging_mixin.py:188} INFO - [2026-02-03T18:42:11.302+0000] {dag.py:3947} INFO - Setting next_dagrun for minio_to_snowflake to 2026-02-03 18:42:00+00:00, run_after=2026-02-03 18:43:00+00:00
[2026-02-03T18:42:11.322+0000] {processor.py:183} INFO - Processing /opt/airflow/dags/minio-snowflake.py took 0.817 seconds
[2026-02-03T18:42:41.748+0000] {processor.py:161} INFO - Started process (PID=25304) to work on /opt/airflow/dags/minio-snowflake.py
[2026-02-03T18:42:41.752+0000] {processor.py:830} INFO - Processing file /opt/airflow/dags/minio-snowflake.py for tasks to queue
[2026-02-03T18:42:41.758+0000] {logging_mixin.py:188} INFO - [2026-02-03T18:42:41.757+0000] {dagbag.py:545} INFO - Filling up the DagBag from /opt/airflow/dags/minio-snowflake.py
[2026-02-03T18:42:42.784+0000] {processor.py:840} INFO - DAG(s) 'minio_to_snowflake' retrieved from /opt/airflow/dags/minio-snowflake.py
[2026-02-03T18:42:42.812+0000] {logging_mixin.py:188} INFO - [2026-02-03T18:42:42.811+0000] {dag.py:3089} INFO - Sync 1 DAGs
[2026-02-03T18:42:42.841+0000] {logging_mixin.py:188} INFO - [2026-02-03T18:42:42.841+0000] {dag.py:3947} INFO - Setting next_dagrun for minio_to_snowflake to 2026-02-03 18:42:00+00:00, run_after=2026-02-03 18:43:00+00:00
[2026-02-03T18:42:42.874+0000] {processor.py:183} INFO - Processing /opt/airflow/dags/minio-snowflake.py took 1.140 seconds
[2026-02-03T18:43:13.172+0000] {processor.py:161} INFO - Started process (PID=25874) to work on /opt/airflow/dags/minio-snowflake.py
[2026-02-03T18:43:13.174+0000] {processor.py:830} INFO - Processing file /opt/airflow/dags/minio-snowflake.py for tasks to queue
[2026-02-03T18:43:13.176+0000] {logging_mixin.py:188} INFO - [2026-02-03T18:43:13.176+0000] {dagbag.py:545} INFO - Filling up the DagBag from /opt/airflow/dags/minio-snowflake.py
[2026-02-03T18:43:13.976+0000] {processor.py:840} INFO - DAG(s) 'minio_to_snowflake' retrieved from /opt/airflow/dags/minio-snowflake.py
[2026-02-03T18:43:13.999+0000] {logging_mixin.py:188} INFO - [2026-02-03T18:43:13.998+0000] {dag.py:3089} INFO - Sync 1 DAGs
[2026-02-03T18:43:14.024+0000] {logging_mixin.py:188} INFO - [2026-02-03T18:43:14.024+0000] {dag.py:3947} INFO - Setting next_dagrun for minio_to_snowflake to 2026-02-03 18:43:00+00:00, run_after=2026-02-03 18:44:00+00:00
[2026-02-03T18:43:14.043+0000] {processor.py:183} INFO - Processing /opt/airflow/dags/minio-snowflake.py took 0.878 seconds
[2026-02-03T18:43:44.411+0000] {processor.py:161} INFO - Started process (PID=26120) to work on /opt/airflow/dags/minio-snowflake.py
[2026-02-03T18:43:44.413+0000] {processor.py:830} INFO - Processing file /opt/airflow/dags/minio-snowflake.py for tasks to queue
[2026-02-03T18:43:44.415+0000] {logging_mixin.py:188} INFO - [2026-02-03T18:43:44.415+0000] {dagbag.py:545} INFO - Filling up the DagBag from /opt/airflow/dags/minio-snowflake.py
[2026-02-03T18:43:45.198+0000] {processor.py:840} INFO - DAG(s) 'minio_to_snowflake' retrieved from /opt/airflow/dags/minio-snowflake.py
[2026-02-03T18:43:45.221+0000] {logging_mixin.py:188} INFO - [2026-02-03T18:43:45.221+0000] {dag.py:3089} INFO - Sync 1 DAGs
[2026-02-03T18:43:45.246+0000] {logging_mixin.py:188} INFO - [2026-02-03T18:43:45.246+0000] {dag.py:3947} INFO - Setting next_dagrun for minio_to_snowflake to 2026-02-03 18:43:00+00:00, run_after=2026-02-03 18:44:00+00:00
[2026-02-03T18:43:45.269+0000] {processor.py:183} INFO - Processing /opt/airflow/dags/minio-snowflake.py took 0.862 seconds
[2026-02-03T18:44:15.689+0000] {processor.py:161} INFO - Started process (PID=26669) to work on /opt/airflow/dags/minio-snowflake.py
[2026-02-03T18:44:15.691+0000] {processor.py:830} INFO - Processing file /opt/airflow/dags/minio-snowflake.py for tasks to queue
[2026-02-03T18:44:15.696+0000] {logging_mixin.py:188} INFO - [2026-02-03T18:44:15.695+0000] {dagbag.py:545} INFO - Filling up the DagBag from /opt/airflow/dags/minio-snowflake.py
[2026-02-03T18:44:16.688+0000] {processor.py:840} INFO - DAG(s) 'minio_to_snowflake' retrieved from /opt/airflow/dags/minio-snowflake.py
[2026-02-03T18:44:16.730+0000] {logging_mixin.py:188} INFO - [2026-02-03T18:44:16.728+0000] {dag.py:3089} INFO - Sync 1 DAGs
[2026-02-03T18:44:16.759+0000] {logging_mixin.py:188} INFO - [2026-02-03T18:44:16.759+0000] {dag.py:3947} INFO - Setting next_dagrun for minio_to_snowflake to 2026-02-03 18:44:00+00:00, run_after=2026-02-03 18:45:00+00:00
[2026-02-03T18:44:16.784+0000] {processor.py:183} INFO - Processing /opt/airflow/dags/minio-snowflake.py took 1.106 seconds
[2026-02-03T18:44:47.068+0000] {processor.py:161} INFO - Started process (PID=26916) to work on /opt/airflow/dags/minio-snowflake.py
[2026-02-03T18:44:47.070+0000] {processor.py:830} INFO - Processing file /opt/airflow/dags/minio-snowflake.py for tasks to queue
[2026-02-03T18:44:47.073+0000] {logging_mixin.py:188} INFO - [2026-02-03T18:44:47.072+0000] {dagbag.py:545} INFO - Filling up the DagBag from /opt/airflow/dags/minio-snowflake.py
[2026-02-03T18:44:47.817+0000] {processor.py:840} INFO - DAG(s) 'minio_to_snowflake' retrieved from /opt/airflow/dags/minio-snowflake.py
[2026-02-03T18:44:47.845+0000] {logging_mixin.py:188} INFO - [2026-02-03T18:44:47.845+0000] {dag.py:3089} INFO - Sync 1 DAGs
[2026-02-03T18:44:47.866+0000] {logging_mixin.py:188} INFO - [2026-02-03T18:44:47.866+0000] {dag.py:3947} INFO - Setting next_dagrun for minio_to_snowflake to 2026-02-03 18:44:00+00:00, run_after=2026-02-03 18:45:00+00:00
[2026-02-03T18:44:47.893+0000] {processor.py:183} INFO - Processing /opt/airflow/dags/minio-snowflake.py took 0.831 seconds
[2026-02-03T18:45:18.281+0000] {processor.py:161} INFO - Started process (PID=27478) to work on /opt/airflow/dags/minio-snowflake.py
[2026-02-03T18:45:18.283+0000] {processor.py:830} INFO - Processing file /opt/airflow/dags/minio-snowflake.py for tasks to queue
[2026-02-03T18:45:18.286+0000] {logging_mixin.py:188} INFO - [2026-02-03T18:45:18.286+0000] {dagbag.py:545} INFO - Filling up the DagBag from /opt/airflow/dags/minio-snowflake.py
[2026-02-03T18:45:19.054+0000] {processor.py:840} INFO - DAG(s) 'minio_to_snowflake' retrieved from /opt/airflow/dags/minio-snowflake.py
[2026-02-03T18:45:19.078+0000] {logging_mixin.py:188} INFO - [2026-02-03T18:45:19.078+0000] {dag.py:3089} INFO - Sync 1 DAGs
[2026-02-03T18:45:19.108+0000] {logging_mixin.py:188} INFO - [2026-02-03T18:45:19.108+0000] {dag.py:3947} INFO - Setting next_dagrun for minio_to_snowflake to 2026-02-03 18:45:00+00:00, run_after=2026-02-03 18:46:00+00:00
[2026-02-03T18:45:19.129+0000] {processor.py:183} INFO - Processing /opt/airflow/dags/minio-snowflake.py took 0.861 seconds
[2026-02-03T18:45:49.493+0000] {processor.py:161} INFO - Started process (PID=27712) to work on /opt/airflow/dags/minio-snowflake.py
[2026-02-03T18:45:49.495+0000] {processor.py:830} INFO - Processing file /opt/airflow/dags/minio-snowflake.py for tasks to queue
[2026-02-03T18:45:49.498+0000] {logging_mixin.py:188} INFO - [2026-02-03T18:45:49.498+0000] {dagbag.py:545} INFO - Filling up the DagBag from /opt/airflow/dags/minio-snowflake.py
[2026-02-03T18:45:50.293+0000] {processor.py:840} INFO - DAG(s) 'minio_to_snowflake' retrieved from /opt/airflow/dags/minio-snowflake.py
[2026-02-03T18:45:50.320+0000] {logging_mixin.py:188} INFO - [2026-02-03T18:45:50.320+0000] {dag.py:3089} INFO - Sync 1 DAGs
[2026-02-03T18:45:50.347+0000] {logging_mixin.py:188} INFO - [2026-02-03T18:45:50.346+0000] {dag.py:3947} INFO - Setting next_dagrun for minio_to_snowflake to 2026-02-03 18:45:00+00:00, run_after=2026-02-03 18:46:00+00:00
[2026-02-03T18:45:50.371+0000] {processor.py:183} INFO - Processing /opt/airflow/dags/minio-snowflake.py took 0.886 seconds
[2026-02-03T18:46:20.776+0000] {processor.py:161} INFO - Started process (PID=28308) to work on /opt/airflow/dags/minio-snowflake.py
[2026-02-03T18:46:20.780+0000] {processor.py:830} INFO - Processing file /opt/airflow/dags/minio-snowflake.py for tasks to queue
[2026-02-03T18:46:20.784+0000] {logging_mixin.py:188} INFO - [2026-02-03T18:46:20.783+0000] {dagbag.py:545} INFO - Filling up the DagBag from /opt/airflow/dags/minio-snowflake.py
[2026-02-03T18:46:21.791+0000] {processor.py:840} INFO - DAG(s) 'minio_to_snowflake' retrieved from /opt/airflow/dags/minio-snowflake.py
[2026-02-03T18:46:21.820+0000] {logging_mixin.py:188} INFO - [2026-02-03T18:46:21.819+0000] {dag.py:3089} INFO - Sync 1 DAGs
[2026-02-03T18:46:21.851+0000] {logging_mixin.py:188} INFO - [2026-02-03T18:46:21.851+0000] {dag.py:3947} INFO - Setting next_dagrun for minio_to_snowflake to 2026-02-03 18:46:00+00:00, run_after=2026-02-03 18:47:00+00:00
[2026-02-03T18:46:21.875+0000] {processor.py:183} INFO - Processing /opt/airflow/dags/minio-snowflake.py took 1.115 seconds
[2026-02-03T18:46:52.207+0000] {processor.py:161} INFO - Started process (PID=28508) to work on /opt/airflow/dags/minio-snowflake.py
[2026-02-03T18:46:52.210+0000] {processor.py:830} INFO - Processing file /opt/airflow/dags/minio-snowflake.py for tasks to queue
[2026-02-03T18:46:52.214+0000] {logging_mixin.py:188} INFO - [2026-02-03T18:46:52.213+0000] {dagbag.py:545} INFO - Filling up the DagBag from /opt/airflow/dags/minio-snowflake.py
[2026-02-03T18:46:52.973+0000] {processor.py:840} INFO - DAG(s) 'minio_to_snowflake' retrieved from /opt/airflow/dags/minio-snowflake.py
[2026-02-03T18:46:52.999+0000] {logging_mixin.py:188} INFO - [2026-02-03T18:46:52.997+0000] {dag.py:3089} INFO - Sync 1 DAGs
[2026-02-03T18:46:53.021+0000] {logging_mixin.py:188} INFO - [2026-02-03T18:46:53.021+0000] {dag.py:3947} INFO - Setting next_dagrun for minio_to_snowflake to 2026-02-03 18:46:00+00:00, run_after=2026-02-03 18:47:00+00:00
[2026-02-03T18:46:53.045+0000] {processor.py:183} INFO - Processing /opt/airflow/dags/minio-snowflake.py took 0.849 seconds
[2026-02-03T18:47:23.424+0000] {processor.py:161} INFO - Started process (PID=29117) to work on /opt/airflow/dags/minio-snowflake.py
[2026-02-03T18:47:23.426+0000] {processor.py:830} INFO - Processing file /opt/airflow/dags/minio-snowflake.py for tasks to queue
[2026-02-03T18:47:23.435+0000] {logging_mixin.py:188} INFO - [2026-02-03T18:47:23.433+0000] {dagbag.py:545} INFO - Filling up the DagBag from /opt/airflow/dags/minio-snowflake.py
[2026-02-03T18:47:24.474+0000] {processor.py:840} INFO - DAG(s) 'minio_to_snowflake' retrieved from /opt/airflow/dags/minio-snowflake.py
[2026-02-03T18:47:24.504+0000] {logging_mixin.py:188} INFO - [2026-02-03T18:47:24.502+0000] {dag.py:3089} INFO - Sync 1 DAGs
[2026-02-03T18:47:24.531+0000] {logging_mixin.py:188} INFO - [2026-02-03T18:47:24.531+0000] {dag.py:3947} INFO - Setting next_dagrun for minio_to_snowflake to 2026-02-03 18:47:00+00:00, run_after=2026-02-03 18:48:00+00:00
[2026-02-03T18:47:24.554+0000] {processor.py:183} INFO - Processing /opt/airflow/dags/minio-snowflake.py took 1.142 seconds
[2026-02-03T18:47:54.829+0000] {processor.py:161} INFO - Started process (PID=29304) to work on /opt/airflow/dags/minio-snowflake.py
[2026-02-03T18:47:54.832+0000] {processor.py:830} INFO - Processing file /opt/airflow/dags/minio-snowflake.py for tasks to queue
[2026-02-03T18:47:54.837+0000] {logging_mixin.py:188} INFO - [2026-02-03T18:47:54.837+0000] {dagbag.py:545} INFO - Filling up the DagBag from /opt/airflow/dags/minio-snowflake.py
[2026-02-03T18:47:55.772+0000] {processor.py:840} INFO - DAG(s) 'minio_to_snowflake' retrieved from /opt/airflow/dags/minio-snowflake.py
[2026-02-03T18:47:55.808+0000] {logging_mixin.py:188} INFO - [2026-02-03T18:47:55.807+0000] {dag.py:3089} INFO - Sync 1 DAGs
[2026-02-03T18:47:55.835+0000] {logging_mixin.py:188} INFO - [2026-02-03T18:47:55.835+0000] {dag.py:3947} INFO - Setting next_dagrun for minio_to_snowflake to 2026-02-03 18:47:00+00:00, run_after=2026-02-03 18:48:00+00:00
[2026-02-03T18:47:55.859+0000] {processor.py:183} INFO - Processing /opt/airflow/dags/minio-snowflake.py took 1.042 seconds
[2026-02-03T18:48:26.114+0000] {processor.py:161} INFO - Started process (PID=29952) to work on /opt/airflow/dags/minio-snowflake.py
[2026-02-03T18:48:26.116+0000] {processor.py:830} INFO - Processing file /opt/airflow/dags/minio-snowflake.py for tasks to queue
[2026-02-03T18:48:26.119+0000] {logging_mixin.py:188} INFO - [2026-02-03T18:48:26.118+0000] {dagbag.py:545} INFO - Filling up the DagBag from /opt/airflow/dags/minio-snowflake.py
[2026-02-03T18:48:26.918+0000] {processor.py:840} INFO - DAG(s) 'minio_to_snowflake' retrieved from /opt/airflow/dags/minio-snowflake.py
[2026-02-03T18:48:26.942+0000] {logging_mixin.py:188} INFO - [2026-02-03T18:48:26.941+0000] {dag.py:3089} INFO - Sync 1 DAGs
[2026-02-03T18:48:26.964+0000] {logging_mixin.py:188} INFO - [2026-02-03T18:48:26.964+0000] {dag.py:3947} INFO - Setting next_dagrun for minio_to_snowflake to 2026-02-03 18:48:00+00:00, run_after=2026-02-03 18:49:00+00:00
[2026-02-03T18:48:26.990+0000] {processor.py:183} INFO - Processing /opt/airflow/dags/minio-snowflake.py took 0.902 seconds
[2026-02-03T18:48:57.419+0000] {processor.py:161} INFO - Started process (PID=30100) to work on /opt/airflow/dags/minio-snowflake.py
[2026-02-03T18:48:57.422+0000] {processor.py:830} INFO - Processing file /opt/airflow/dags/minio-snowflake.py for tasks to queue
[2026-02-03T18:48:57.426+0000] {logging_mixin.py:188} INFO - [2026-02-03T18:48:57.425+0000] {dagbag.py:545} INFO - Filling up the DagBag from /opt/airflow/dags/minio-snowflake.py
[2026-02-03T18:48:58.247+0000] {processor.py:840} INFO - DAG(s) 'minio_to_snowflake' retrieved from /opt/airflow/dags/minio-snowflake.py
[2026-02-03T18:48:58.273+0000] {logging_mixin.py:188} INFO - [2026-02-03T18:48:58.273+0000] {dag.py:3089} INFO - Sync 1 DAGs
[2026-02-03T18:48:58.297+0000] {logging_mixin.py:188} INFO - [2026-02-03T18:48:58.297+0000] {dag.py:3947} INFO - Setting next_dagrun for minio_to_snowflake to 2026-02-03 18:48:00+00:00, run_after=2026-02-03 18:49:00+00:00
[2026-02-03T18:48:58.321+0000] {processor.py:183} INFO - Processing /opt/airflow/dags/minio-snowflake.py took 0.912 seconds
[2026-02-03T18:49:28.714+0000] {processor.py:161} INFO - Started process (PID=30767) to work on /opt/airflow/dags/minio-snowflake.py
[2026-02-03T18:49:28.716+0000] {processor.py:830} INFO - Processing file /opt/airflow/dags/minio-snowflake.py for tasks to queue
[2026-02-03T18:49:28.719+0000] {logging_mixin.py:188} INFO - [2026-02-03T18:49:28.718+0000] {dagbag.py:545} INFO - Filling up the DagBag from /opt/airflow/dags/minio-snowflake.py
[2026-02-03T18:49:29.535+0000] {processor.py:840} INFO - DAG(s) 'minio_to_snowflake' retrieved from /opt/airflow/dags/minio-snowflake.py
[2026-02-03T18:49:29.562+0000] {logging_mixin.py:188} INFO - [2026-02-03T18:49:29.561+0000] {dag.py:3089} INFO - Sync 1 DAGs
[2026-02-03T18:49:29.587+0000] {logging_mixin.py:188} INFO - [2026-02-03T18:49:29.586+0000] {dag.py:3947} INFO - Setting next_dagrun for minio_to_snowflake to 2026-02-03 18:49:00+00:00, run_after=2026-02-03 18:50:00+00:00
[2026-02-03T18:49:29.609+0000] {processor.py:183} INFO - Processing /opt/airflow/dags/minio-snowflake.py took 0.902 seconds
[2026-02-03T18:50:00.026+0000] {processor.py:161} INFO - Started process (PID=30896) to work on /opt/airflow/dags/minio-snowflake.py
[2026-02-03T18:50:00.030+0000] {processor.py:830} INFO - Processing file /opt/airflow/dags/minio-snowflake.py for tasks to queue
[2026-02-03T18:50:00.034+0000] {logging_mixin.py:188} INFO - [2026-02-03T18:50:00.034+0000] {dagbag.py:545} INFO - Filling up the DagBag from /opt/airflow/dags/minio-snowflake.py
[2026-02-03T18:50:00.835+0000] {processor.py:840} INFO - DAG(s) 'minio_to_snowflake' retrieved from /opt/airflow/dags/minio-snowflake.py
[2026-02-03T18:50:00.860+0000] {logging_mixin.py:188} INFO - [2026-02-03T18:50:00.858+0000] {dag.py:3089} INFO - Sync 1 DAGs
[2026-02-03T18:50:00.883+0000] {logging_mixin.py:188} INFO - [2026-02-03T18:50:00.882+0000] {dag.py:3947} INFO - Setting next_dagrun for minio_to_snowflake to 2026-02-03 18:50:00+00:00, run_after=2026-02-03 18:51:00+00:00
[2026-02-03T18:50:00.906+0000] {processor.py:183} INFO - Processing /opt/airflow/dags/minio-snowflake.py took 0.893 seconds
[2026-02-03T18:50:31.325+0000] {processor.py:161} INFO - Started process (PID=31582) to work on /opt/airflow/dags/minio-snowflake.py
[2026-02-03T18:50:31.328+0000] {processor.py:830} INFO - Processing file /opt/airflow/dags/minio-snowflake.py for tasks to queue
[2026-02-03T18:50:31.332+0000] {logging_mixin.py:188} INFO - [2026-02-03T18:50:31.331+0000] {dagbag.py:545} INFO - Filling up the DagBag from /opt/airflow/dags/minio-snowflake.py
[2026-02-03T18:50:32.325+0000] {processor.py:840} INFO - DAG(s) 'minio_to_snowflake' retrieved from /opt/airflow/dags/minio-snowflake.py
[2026-02-03T18:50:32.358+0000] {logging_mixin.py:188} INFO - [2026-02-03T18:50:32.358+0000] {dag.py:3089} INFO - Sync 1 DAGs
[2026-02-03T18:50:32.385+0000] {logging_mixin.py:188} INFO - [2026-02-03T18:50:32.385+0000] {dag.py:3947} INFO - Setting next_dagrun for minio_to_snowflake to 2026-02-03 18:50:00+00:00, run_after=2026-02-03 18:51:00+00:00
[2026-02-03T18:50:32.407+0000] {processor.py:183} INFO - Processing /opt/airflow/dags/minio-snowflake.py took 1.094 seconds
[2026-02-03T18:51:02.630+0000] {processor.py:161} INFO - Started process (PID=31693) to work on /opt/airflow/dags/minio-snowflake.py
[2026-02-03T18:51:02.635+0000] {processor.py:830} INFO - Processing file /opt/airflow/dags/minio-snowflake.py for tasks to queue
[2026-02-03T18:51:02.642+0000] {logging_mixin.py:188} INFO - [2026-02-03T18:51:02.641+0000] {dagbag.py:545} INFO - Filling up the DagBag from /opt/airflow/dags/minio-snowflake.py
[2026-02-03T18:51:03.398+0000] {processor.py:840} INFO - DAG(s) 'minio_to_snowflake' retrieved from /opt/airflow/dags/minio-snowflake.py
[2026-02-03T18:51:03.422+0000] {logging_mixin.py:188} INFO - [2026-02-03T18:51:03.421+0000] {dag.py:3089} INFO - Sync 1 DAGs
[2026-02-03T18:51:03.443+0000] {logging_mixin.py:188} INFO - [2026-02-03T18:51:03.443+0000] {dag.py:3947} INFO - Setting next_dagrun for minio_to_snowflake to 2026-02-03 18:51:00+00:00, run_after=2026-02-03 18:52:00+00:00
[2026-02-03T18:51:03.467+0000] {processor.py:183} INFO - Processing /opt/airflow/dags/minio-snowflake.py took 0.853 seconds
[2026-02-03T18:51:33.843+0000] {processor.py:161} INFO - Started process (PID=32406) to work on /opt/airflow/dags/minio-snowflake.py
[2026-02-03T18:51:33.845+0000] {processor.py:830} INFO - Processing file /opt/airflow/dags/minio-snowflake.py for tasks to queue
[2026-02-03T18:51:33.847+0000] {logging_mixin.py:188} INFO - [2026-02-03T18:51:33.847+0000] {dagbag.py:545} INFO - Filling up the DagBag from /opt/airflow/dags/minio-snowflake.py
[2026-02-03T18:51:34.626+0000] {processor.py:840} INFO - DAG(s) 'minio_to_snowflake' retrieved from /opt/airflow/dags/minio-snowflake.py
[2026-02-03T18:51:34.649+0000] {logging_mixin.py:188} INFO - [2026-02-03T18:51:34.648+0000] {dag.py:3089} INFO - Sync 1 DAGs
[2026-02-03T18:51:34.671+0000] {logging_mixin.py:188} INFO - [2026-02-03T18:51:34.671+0000] {dag.py:3947} INFO - Setting next_dagrun for minio_to_snowflake to 2026-02-03 18:51:00+00:00, run_after=2026-02-03 18:52:00+00:00
[2026-02-03T18:51:34.697+0000] {processor.py:183} INFO - Processing /opt/airflow/dags/minio-snowflake.py took 0.864 seconds
[2026-02-03T18:52:05.053+0000] {processor.py:161} INFO - Started process (PID=32511) to work on /opt/airflow/dags/minio-snowflake.py
[2026-02-03T18:52:05.055+0000] {processor.py:830} INFO - Processing file /opt/airflow/dags/minio-snowflake.py for tasks to queue
[2026-02-03T18:52:05.059+0000] {logging_mixin.py:188} INFO - [2026-02-03T18:52:05.059+0000] {dagbag.py:545} INFO - Filling up the DagBag from /opt/airflow/dags/minio-snowflake.py
[2026-02-03T18:52:06.012+0000] {processor.py:840} INFO - DAG(s) 'minio_to_snowflake' retrieved from /opt/airflow/dags/minio-snowflake.py
[2026-02-03T18:52:06.035+0000] {logging_mixin.py:188} INFO - [2026-02-03T18:52:06.034+0000] {dag.py:3089} INFO - Sync 1 DAGs
[2026-02-03T18:52:06.058+0000] {logging_mixin.py:188} INFO - [2026-02-03T18:52:06.058+0000] {dag.py:3947} INFO - Setting next_dagrun for minio_to_snowflake to 2026-02-03 18:52:00+00:00, run_after=2026-02-03 18:53:00+00:00
[2026-02-03T18:52:06.076+0000] {processor.py:183} INFO - Processing /opt/airflow/dags/minio-snowflake.py took 1.031 seconds
[2026-02-03T18:52:36.323+0000] {processor.py:161} INFO - Started process (PID=33217) to work on /opt/airflow/dags/minio-snowflake.py
[2026-02-03T18:52:36.325+0000] {processor.py:830} INFO - Processing file /opt/airflow/dags/minio-snowflake.py for tasks to queue
[2026-02-03T18:52:36.328+0000] {logging_mixin.py:188} INFO - [2026-02-03T18:52:36.327+0000] {dagbag.py:545} INFO - Filling up the DagBag from /opt/airflow/dags/minio-snowflake.py
[2026-02-03T18:52:37.130+0000] {processor.py:840} INFO - DAG(s) 'minio_to_snowflake' retrieved from /opt/airflow/dags/minio-snowflake.py
[2026-02-03T18:52:37.155+0000] {logging_mixin.py:188} INFO - [2026-02-03T18:52:37.153+0000] {dag.py:3089} INFO - Sync 1 DAGs
[2026-02-03T18:52:37.177+0000] {logging_mixin.py:188} INFO - [2026-02-03T18:52:37.177+0000] {dag.py:3947} INFO - Setting next_dagrun for minio_to_snowflake to 2026-02-03 18:52:00+00:00, run_after=2026-02-03 18:53:00+00:00
[2026-02-03T18:52:37.202+0000] {processor.py:183} INFO - Processing /opt/airflow/dags/minio-snowflake.py took 0.884 seconds
[2026-02-03T18:53:07.622+0000] {processor.py:161} INFO - Started process (PID=33803) to work on /opt/airflow/dags/minio-snowflake.py
[2026-02-03T18:53:07.625+0000] {processor.py:830} INFO - Processing file /opt/airflow/dags/minio-snowflake.py for tasks to queue
[2026-02-03T18:53:07.628+0000] {logging_mixin.py:188} INFO - [2026-02-03T18:53:07.627+0000] {dagbag.py:545} INFO - Filling up the DagBag from /opt/airflow/dags/minio-snowflake.py
[2026-02-03T18:53:08.359+0000] {processor.py:840} INFO - DAG(s) 'minio_to_snowflake' retrieved from /opt/airflow/dags/minio-snowflake.py
[2026-02-03T18:53:08.382+0000] {logging_mixin.py:188} INFO - [2026-02-03T18:53:08.381+0000] {dag.py:3089} INFO - Sync 1 DAGs
[2026-02-03T18:53:08.402+0000] {logging_mixin.py:188} INFO - [2026-02-03T18:53:08.402+0000] {dag.py:3947} INFO - Setting next_dagrun for minio_to_snowflake to 2026-02-03 18:53:00+00:00, run_after=2026-02-03 18:54:00+00:00
[2026-02-03T18:53:08.424+0000] {processor.py:183} INFO - Processing /opt/airflow/dags/minio-snowflake.py took 0.807 seconds
[2026-02-03T18:53:38.791+0000] {processor.py:161} INFO - Started process (PID=34033) to work on /opt/airflow/dags/minio-snowflake.py
[2026-02-03T18:53:38.793+0000] {processor.py:830} INFO - Processing file /opt/airflow/dags/minio-snowflake.py for tasks to queue
[2026-02-03T18:53:38.796+0000] {logging_mixin.py:188} INFO - [2026-02-03T18:53:38.795+0000] {dagbag.py:545} INFO - Filling up the DagBag from /opt/airflow/dags/minio-snowflake.py
[2026-02-03T18:53:39.597+0000] {processor.py:840} INFO - DAG(s) 'minio_to_snowflake' retrieved from /opt/airflow/dags/minio-snowflake.py
[2026-02-03T18:53:39.625+0000] {logging_mixin.py:188} INFO - [2026-02-03T18:53:39.625+0000] {dag.py:3089} INFO - Sync 1 DAGs
[2026-02-03T18:53:39.649+0000] {logging_mixin.py:188} INFO - [2026-02-03T18:53:39.649+0000] {dag.py:3947} INFO - Setting next_dagrun for minio_to_snowflake to 2026-02-03 18:53:00+00:00, run_after=2026-02-03 18:54:00+00:00
[2026-02-03T18:53:39.671+0000] {processor.py:183} INFO - Processing /opt/airflow/dags/minio-snowflake.py took 0.893 seconds
[2026-02-03T18:54:10.042+0000] {processor.py:161} INFO - Started process (PID=34600) to work on /opt/airflow/dags/minio-snowflake.py
[2026-02-03T18:54:10.043+0000] {processor.py:830} INFO - Processing file /opt/airflow/dags/minio-snowflake.py for tasks to queue
[2026-02-03T18:54:10.045+0000] {logging_mixin.py:188} INFO - [2026-02-03T18:54:10.045+0000] {dagbag.py:545} INFO - Filling up the DagBag from /opt/airflow/dags/minio-snowflake.py
[2026-02-03T18:54:10.813+0000] {processor.py:840} INFO - DAG(s) 'minio_to_snowflake' retrieved from /opt/airflow/dags/minio-snowflake.py
[2026-02-03T18:54:10.836+0000] {logging_mixin.py:188} INFO - [2026-02-03T18:54:10.836+0000] {dag.py:3089} INFO - Sync 1 DAGs
[2026-02-03T18:54:10.857+0000] {logging_mixin.py:188} INFO - [2026-02-03T18:54:10.857+0000] {dag.py:3947} INFO - Setting next_dagrun for minio_to_snowflake to 2026-02-03 18:54:00+00:00, run_after=2026-02-03 18:55:00+00:00
[2026-02-03T18:54:10.877+0000] {processor.py:183} INFO - Processing /opt/airflow/dags/minio-snowflake.py took 0.841 seconds
[2026-02-03T18:54:41.275+0000] {processor.py:161} INFO - Started process (PID=34842) to work on /opt/airflow/dags/minio-snowflake.py
[2026-02-03T18:54:41.278+0000] {processor.py:830} INFO - Processing file /opt/airflow/dags/minio-snowflake.py for tasks to queue
[2026-02-03T18:54:41.283+0000] {logging_mixin.py:188} INFO - [2026-02-03T18:54:41.282+0000] {dagbag.py:545} INFO - Filling up the DagBag from /opt/airflow/dags/minio-snowflake.py
[2026-02-03T18:54:42.270+0000] {processor.py:840} INFO - DAG(s) 'minio_to_snowflake' retrieved from /opt/airflow/dags/minio-snowflake.py
[2026-02-03T18:54:42.311+0000] {logging_mixin.py:188} INFO - [2026-02-03T18:54:42.310+0000] {dag.py:3089} INFO - Sync 1 DAGs
[2026-02-03T18:54:42.346+0000] {logging_mixin.py:188} INFO - [2026-02-03T18:54:42.345+0000] {dag.py:3947} INFO - Setting next_dagrun for minio_to_snowflake to 2026-02-03 18:54:00+00:00, run_after=2026-02-03 18:55:00+00:00
[2026-02-03T18:54:42.381+0000] {processor.py:183} INFO - Processing /opt/airflow/dags/minio-snowflake.py took 1.120 seconds
[2026-02-03T18:55:12.592+0000] {processor.py:161} INFO - Started process (PID=35418) to work on /opt/airflow/dags/minio-snowflake.py
[2026-02-03T18:55:12.595+0000] {processor.py:830} INFO - Processing file /opt/airflow/dags/minio-snowflake.py for tasks to queue
[2026-02-03T18:55:12.599+0000] {logging_mixin.py:188} INFO - [2026-02-03T18:55:12.598+0000] {dagbag.py:545} INFO - Filling up the DagBag from /opt/airflow/dags/minio-snowflake.py
[2026-02-03T18:55:13.366+0000] {processor.py:840} INFO - DAG(s) 'minio_to_snowflake' retrieved from /opt/airflow/dags/minio-snowflake.py
[2026-02-03T18:55:13.391+0000] {logging_mixin.py:188} INFO - [2026-02-03T18:55:13.390+0000] {dag.py:3089} INFO - Sync 1 DAGs
[2026-02-03T18:55:13.415+0000] {logging_mixin.py:188} INFO - [2026-02-03T18:55:13.415+0000] {dag.py:3947} INFO - Setting next_dagrun for minio_to_snowflake to 2026-02-03 18:55:00+00:00, run_after=2026-02-03 18:56:00+00:00
[2026-02-03T18:55:13.438+0000] {processor.py:183} INFO - Processing /opt/airflow/dags/minio-snowflake.py took 0.859 seconds
[2026-02-03T18:55:43.812+0000] {processor.py:161} INFO - Started process (PID=35665) to work on /opt/airflow/dags/minio-snowflake.py
[2026-02-03T18:55:43.813+0000] {processor.py:830} INFO - Processing file /opt/airflow/dags/minio-snowflake.py for tasks to queue
[2026-02-03T18:55:43.816+0000] {logging_mixin.py:188} INFO - [2026-02-03T18:55:43.816+0000] {dagbag.py:545} INFO - Filling up the DagBag from /opt/airflow/dags/minio-snowflake.py
[2026-02-03T18:55:44.634+0000] {processor.py:840} INFO - DAG(s) 'minio_to_snowflake' retrieved from /opt/airflow/dags/minio-snowflake.py
[2026-02-03T18:55:44.660+0000] {logging_mixin.py:188} INFO - [2026-02-03T18:55:44.658+0000] {dag.py:3089} INFO - Sync 1 DAGs
[2026-02-03T18:55:44.682+0000] {logging_mixin.py:188} INFO - [2026-02-03T18:55:44.682+0000] {dag.py:3947} INFO - Setting next_dagrun for minio_to_snowflake to 2026-02-03 18:55:00+00:00, run_after=2026-02-03 18:56:00+00:00
[2026-02-03T18:55:44.702+0000] {processor.py:183} INFO - Processing /opt/airflow/dags/minio-snowflake.py took 0.900 seconds
[2026-02-03T18:56:15.072+0000] {processor.py:161} INFO - Started process (PID=36233) to work on /opt/airflow/dags/minio-snowflake.py
[2026-02-03T18:56:15.074+0000] {processor.py:830} INFO - Processing file /opt/airflow/dags/minio-snowflake.py for tasks to queue
[2026-02-03T18:56:15.077+0000] {logging_mixin.py:188} INFO - [2026-02-03T18:56:15.076+0000] {dagbag.py:545} INFO - Filling up the DagBag from /opt/airflow/dags/minio-snowflake.py
[2026-02-03T18:56:15.851+0000] {processor.py:840} INFO - DAG(s) 'minio_to_snowflake' retrieved from /opt/airflow/dags/minio-snowflake.py
[2026-02-03T18:56:15.876+0000] {logging_mixin.py:188} INFO - [2026-02-03T18:56:15.875+0000] {dag.py:3089} INFO - Sync 1 DAGs
[2026-02-03T18:56:15.899+0000] {logging_mixin.py:188} INFO - [2026-02-03T18:56:15.899+0000] {dag.py:3947} INFO - Setting next_dagrun for minio_to_snowflake to 2026-02-03 18:56:00+00:00, run_after=2026-02-03 18:57:00+00:00
[2026-02-03T18:56:15.923+0000] {processor.py:183} INFO - Processing /opt/airflow/dags/minio-snowflake.py took 0.859 seconds
[2026-02-03T18:56:46.338+0000] {processor.py:161} INFO - Started process (PID=36465) to work on /opt/airflow/dags/minio-snowflake.py
[2026-02-03T18:56:46.339+0000] {processor.py:830} INFO - Processing file /opt/airflow/dags/minio-snowflake.py for tasks to queue
[2026-02-03T18:56:46.342+0000] {logging_mixin.py:188} INFO - [2026-02-03T18:56:46.342+0000] {dagbag.py:545} INFO - Filling up the DagBag from /opt/airflow/dags/minio-snowflake.py
[2026-02-03T18:56:47.092+0000] {processor.py:840} INFO - DAG(s) 'minio_to_snowflake' retrieved from /opt/airflow/dags/minio-snowflake.py
[2026-02-03T18:56:47.123+0000] {logging_mixin.py:188} INFO - [2026-02-03T18:56:47.123+0000] {dag.py:3089} INFO - Sync 1 DAGs
[2026-02-03T18:56:47.145+0000] {logging_mixin.py:188} INFO - [2026-02-03T18:56:47.144+0000] {dag.py:3947} INFO - Setting next_dagrun for minio_to_snowflake to 2026-02-03 18:56:00+00:00, run_after=2026-02-03 18:57:00+00:00
[2026-02-03T18:56:47.165+0000] {processor.py:183} INFO - Processing /opt/airflow/dags/minio-snowflake.py took 0.838 seconds
[2026-02-03T18:57:17.541+0000] {processor.py:161} INFO - Started process (PID=37048) to work on /opt/airflow/dags/minio-snowflake.py
[2026-02-03T18:57:17.543+0000] {processor.py:830} INFO - Processing file /opt/airflow/dags/minio-snowflake.py for tasks to queue
[2026-02-03T18:57:17.545+0000] {logging_mixin.py:188} INFO - [2026-02-03T18:57:17.545+0000] {dagbag.py:545} INFO - Filling up the DagBag from /opt/airflow/dags/minio-snowflake.py
[2026-02-03T18:57:18.334+0000] {processor.py:840} INFO - DAG(s) 'minio_to_snowflake' retrieved from /opt/airflow/dags/minio-snowflake.py
[2026-02-03T18:57:18.356+0000] {logging_mixin.py:188} INFO - [2026-02-03T18:57:18.355+0000] {dag.py:3089} INFO - Sync 1 DAGs
[2026-02-03T18:57:18.377+0000] {logging_mixin.py:188} INFO - [2026-02-03T18:57:18.377+0000] {dag.py:3947} INFO - Setting next_dagrun for minio_to_snowflake to 2026-02-03 18:57:00+00:00, run_after=2026-02-03 18:58:00+00:00
[2026-02-03T18:57:18.397+0000] {processor.py:183} INFO - Processing /opt/airflow/dags/minio-snowflake.py took 0.868 seconds
[2026-02-03T18:57:48.901+0000] {processor.py:161} INFO - Started process (PID=37261) to work on /opt/airflow/dags/minio-snowflake.py
[2026-02-03T18:57:48.903+0000] {processor.py:830} INFO - Processing file /opt/airflow/dags/minio-snowflake.py for tasks to queue
[2026-02-03T18:57:48.905+0000] {logging_mixin.py:188} INFO - [2026-02-03T18:57:48.905+0000] {dagbag.py:545} INFO - Filling up the DagBag from /opt/airflow/dags/minio-snowflake.py
[2026-02-03T18:57:49.665+0000] {processor.py:840} INFO - DAG(s) 'minio_to_snowflake' retrieved from /opt/airflow/dags/minio-snowflake.py
[2026-02-03T18:57:49.685+0000] {logging_mixin.py:188} INFO - [2026-02-03T18:57:49.685+0000] {dag.py:3089} INFO - Sync 1 DAGs
[2026-02-03T18:57:49.708+0000] {logging_mixin.py:188} INFO - [2026-02-03T18:57:49.707+0000] {dag.py:3947} INFO - Setting next_dagrun for minio_to_snowflake to 2026-02-03 18:57:00+00:00, run_after=2026-02-03 18:58:00+00:00
[2026-02-03T18:57:49.731+0000] {processor.py:183} INFO - Processing /opt/airflow/dags/minio-snowflake.py took 0.838 seconds
[2026-02-03T18:58:20.124+0000] {processor.py:161} INFO - Started process (PID=37869) to work on /opt/airflow/dags/minio-snowflake.py
[2026-02-03T18:58:20.126+0000] {processor.py:830} INFO - Processing file /opt/airflow/dags/minio-snowflake.py for tasks to queue
[2026-02-03T18:58:20.130+0000] {logging_mixin.py:188} INFO - [2026-02-03T18:58:20.130+0000] {dagbag.py:545} INFO - Filling up the DagBag from /opt/airflow/dags/minio-snowflake.py
[2026-02-03T18:58:20.921+0000] {processor.py:840} INFO - DAG(s) 'minio_to_snowflake' retrieved from /opt/airflow/dags/minio-snowflake.py
[2026-02-03T18:58:20.945+0000] {logging_mixin.py:188} INFO - [2026-02-03T18:58:20.943+0000] {dag.py:3089} INFO - Sync 1 DAGs
[2026-02-03T18:58:20.970+0000] {logging_mixin.py:188} INFO - [2026-02-03T18:58:20.970+0000] {dag.py:3947} INFO - Setting next_dagrun for minio_to_snowflake to 2026-02-03 18:58:00+00:00, run_after=2026-02-03 18:59:00+00:00
[2026-02-03T18:58:20.989+0000] {processor.py:183} INFO - Processing /opt/airflow/dags/minio-snowflake.py took 0.877 seconds
[2026-02-03T18:58:51.371+0000] {processor.py:161} INFO - Started process (PID=38057) to work on /opt/airflow/dags/minio-snowflake.py
[2026-02-03T18:58:51.374+0000] {processor.py:830} INFO - Processing file /opt/airflow/dags/minio-snowflake.py for tasks to queue
[2026-02-03T18:58:51.377+0000] {logging_mixin.py:188} INFO - [2026-02-03T18:58:51.377+0000] {dagbag.py:545} INFO - Filling up the DagBag from /opt/airflow/dags/minio-snowflake.py
[2026-02-03T18:58:52.307+0000] {processor.py:840} INFO - DAG(s) 'minio_to_snowflake' retrieved from /opt/airflow/dags/minio-snowflake.py
[2026-02-03T18:58:52.337+0000] {logging_mixin.py:188} INFO - [2026-02-03T18:58:52.336+0000] {dag.py:3089} INFO - Sync 1 DAGs
[2026-02-03T18:58:52.367+0000] {logging_mixin.py:188} INFO - [2026-02-03T18:58:52.367+0000] {dag.py:3947} INFO - Setting next_dagrun for minio_to_snowflake to 2026-02-03 18:58:00+00:00, run_after=2026-02-03 18:59:00+00:00
[2026-02-03T18:58:52.393+0000] {processor.py:183} INFO - Processing /opt/airflow/dags/minio-snowflake.py took 1.037 seconds
[2026-02-03T18:59:22.671+0000] {processor.py:161} INFO - Started process (PID=38676) to work on /opt/airflow/dags/minio-snowflake.py
[2026-02-03T18:59:22.673+0000] {processor.py:830} INFO - Processing file /opt/airflow/dags/minio-snowflake.py for tasks to queue
[2026-02-03T18:59:22.676+0000] {logging_mixin.py:188} INFO - [2026-02-03T18:59:22.676+0000] {dagbag.py:545} INFO - Filling up the DagBag from /opt/airflow/dags/minio-snowflake.py
[2026-02-03T18:59:23.515+0000] {processor.py:840} INFO - DAG(s) 'minio_to_snowflake' retrieved from /opt/airflow/dags/minio-snowflake.py
[2026-02-03T18:59:23.541+0000] {logging_mixin.py:188} INFO - [2026-02-03T18:59:23.541+0000] {dag.py:3089} INFO - Sync 1 DAGs
[2026-02-03T18:59:23.565+0000] {logging_mixin.py:188} INFO - [2026-02-03T18:59:23.565+0000] {dag.py:3947} INFO - Setting next_dagrun for minio_to_snowflake to 2026-02-03 18:59:00+00:00, run_after=2026-02-03 19:00:00+00:00
[2026-02-03T18:59:23.592+0000] {processor.py:183} INFO - Processing /opt/airflow/dags/minio-snowflake.py took 0.934 seconds
[2026-02-03T18:59:53.977+0000] {processor.py:161} INFO - Started process (PID=38853) to work on /opt/airflow/dags/minio-snowflake.py
[2026-02-03T18:59:53.980+0000] {processor.py:830} INFO - Processing file /opt/airflow/dags/minio-snowflake.py for tasks to queue
[2026-02-03T18:59:53.985+0000] {logging_mixin.py:188} INFO - [2026-02-03T18:59:53.984+0000] {dagbag.py:545} INFO - Filling up the DagBag from /opt/airflow/dags/minio-snowflake.py
[2026-02-03T18:59:54.965+0000] {processor.py:840} INFO - DAG(s) 'minio_to_snowflake' retrieved from /opt/airflow/dags/minio-snowflake.py
[2026-02-03T18:59:54.990+0000] {logging_mixin.py:188} INFO - [2026-02-03T18:59:54.990+0000] {dag.py:3089} INFO - Sync 1 DAGs
[2026-02-03T18:59:55.018+0000] {logging_mixin.py:188} INFO - [2026-02-03T18:59:55.018+0000] {dag.py:3947} INFO - Setting next_dagrun for minio_to_snowflake to 2026-02-03 18:59:00+00:00, run_after=2026-02-03 19:00:00+00:00
[2026-02-03T18:59:55.044+0000] {processor.py:183} INFO - Processing /opt/airflow/dags/minio-snowflake.py took 1.078 seconds
[2026-02-03T19:00:25.303+0000] {processor.py:161} INFO - Started process (PID=39480) to work on /opt/airflow/dags/minio-snowflake.py
[2026-02-03T19:00:25.304+0000] {processor.py:830} INFO - Processing file /opt/airflow/dags/minio-snowflake.py for tasks to queue
[2026-02-03T19:00:25.307+0000] {logging_mixin.py:188} INFO - [2026-02-03T19:00:25.306+0000] {dagbag.py:545} INFO - Filling up the DagBag from /opt/airflow/dags/minio-snowflake.py
[2026-02-03T19:00:26.079+0000] {processor.py:840} INFO - DAG(s) 'minio_to_snowflake' retrieved from /opt/airflow/dags/minio-snowflake.py
[2026-02-03T19:00:26.102+0000] {logging_mixin.py:188} INFO - [2026-02-03T19:00:26.101+0000] {dag.py:3089} INFO - Sync 1 DAGs
[2026-02-03T19:00:26.123+0000] {logging_mixin.py:188} INFO - [2026-02-03T19:00:26.123+0000] {dag.py:3947} INFO - Setting next_dagrun for minio_to_snowflake to 2026-02-03 19:00:00+00:00, run_after=2026-02-03 19:01:00+00:00
[2026-02-03T19:00:26.150+0000] {processor.py:183} INFO - Processing /opt/airflow/dags/minio-snowflake.py took 0.859 seconds
[2026-02-03T19:00:56.564+0000] {processor.py:161} INFO - Started process (PID=39649) to work on /opt/airflow/dags/minio-snowflake.py
[2026-02-03T19:00:56.567+0000] {processor.py:830} INFO - Processing file /opt/airflow/dags/minio-snowflake.py for tasks to queue
[2026-02-03T19:00:56.571+0000] {logging_mixin.py:188} INFO - [2026-02-03T19:00:56.570+0000] {dagbag.py:545} INFO - Filling up the DagBag from /opt/airflow/dags/minio-snowflake.py
[2026-02-03T19:00:57.398+0000] {processor.py:840} INFO - DAG(s) 'minio_to_snowflake' retrieved from /opt/airflow/dags/minio-snowflake.py
[2026-02-03T19:00:57.420+0000] {logging_mixin.py:188} INFO - [2026-02-03T19:00:57.420+0000] {dag.py:3089} INFO - Sync 1 DAGs
[2026-02-03T19:00:57.441+0000] {logging_mixin.py:188} INFO - [2026-02-03T19:00:57.441+0000] {dag.py:3947} INFO - Setting next_dagrun for minio_to_snowflake to 2026-02-03 19:00:00+00:00, run_after=2026-02-03 19:01:00+00:00
[2026-02-03T19:00:57.463+0000] {processor.py:183} INFO - Processing /opt/airflow/dags/minio-snowflake.py took 0.914 seconds
[2026-02-03T19:01:27.839+0000] {processor.py:161} INFO - Started process (PID=40301) to work on /opt/airflow/dags/minio-snowflake.py
[2026-02-03T19:01:27.842+0000] {processor.py:830} INFO - Processing file /opt/airflow/dags/minio-snowflake.py for tasks to queue
[2026-02-03T19:01:27.846+0000] {logging_mixin.py:188} INFO - [2026-02-03T19:01:27.845+0000] {dagbag.py:545} INFO - Filling up the DagBag from /opt/airflow/dags/minio-snowflake.py
[2026-02-03T19:01:28.618+0000] {processor.py:840} INFO - DAG(s) 'minio_to_snowflake' retrieved from /opt/airflow/dags/minio-snowflake.py
[2026-02-03T19:01:28.643+0000] {logging_mixin.py:188} INFO - [2026-02-03T19:01:28.642+0000] {dag.py:3089} INFO - Sync 1 DAGs
[2026-02-03T19:01:28.666+0000] {logging_mixin.py:188} INFO - [2026-02-03T19:01:28.666+0000] {dag.py:3947} INFO - Setting next_dagrun for minio_to_snowflake to 2026-02-03 19:01:00+00:00, run_after=2026-02-03 19:02:00+00:00
[2026-02-03T19:01:28.685+0000] {processor.py:183} INFO - Processing /opt/airflow/dags/minio-snowflake.py took 0.857 seconds
[2026-02-03T19:01:59.101+0000] {processor.py:161} INFO - Started process (PID=40445) to work on /opt/airflow/dags/minio-snowflake.py
[2026-02-03T19:01:59.104+0000] {processor.py:830} INFO - Processing file /opt/airflow/dags/minio-snowflake.py for tasks to queue
[2026-02-03T19:01:59.109+0000] {logging_mixin.py:188} INFO - [2026-02-03T19:01:59.108+0000] {dagbag.py:545} INFO - Filling up the DagBag from /opt/airflow/dags/minio-snowflake.py
[2026-02-03T19:01:59.943+0000] {processor.py:840} INFO - DAG(s) 'minio_to_snowflake' retrieved from /opt/airflow/dags/minio-snowflake.py
[2026-02-03T19:01:59.972+0000] {logging_mixin.py:188} INFO - [2026-02-03T19:01:59.971+0000] {dag.py:3089} INFO - Sync 1 DAGs
[2026-02-03T19:01:59.993+0000] {logging_mixin.py:188} INFO - [2026-02-03T19:01:59.993+0000] {dag.py:3947} INFO - Setting next_dagrun for minio_to_snowflake to 2026-02-03 19:01:00+00:00, run_after=2026-02-03 19:02:00+00:00
[2026-02-03T19:02:00.016+0000] {processor.py:183} INFO - Processing /opt/airflow/dags/minio-snowflake.py took 0.930 seconds
[2026-02-03T19:02:30.458+0000] {processor.py:161} INFO - Started process (PID=41123) to work on /opt/airflow/dags/minio-snowflake.py
[2026-02-03T19:02:30.461+0000] {processor.py:830} INFO - Processing file /opt/airflow/dags/minio-snowflake.py for tasks to queue
[2026-02-03T19:02:30.466+0000] {logging_mixin.py:188} INFO - [2026-02-03T19:02:30.465+0000] {dagbag.py:545} INFO - Filling up the DagBag from /opt/airflow/dags/minio-snowflake.py
[2026-02-03T19:02:31.241+0000] {processor.py:840} INFO - DAG(s) 'minio_to_snowflake' retrieved from /opt/airflow/dags/minio-snowflake.py
[2026-02-03T19:02:31.265+0000] {logging_mixin.py:188} INFO - [2026-02-03T19:02:31.264+0000] {dag.py:3089} INFO - Sync 1 DAGs
[2026-02-03T19:02:31.285+0000] {logging_mixin.py:188} INFO - [2026-02-03T19:02:31.285+0000] {dag.py:3947} INFO - Setting next_dagrun for minio_to_snowflake to 2026-02-03 19:02:00+00:00, run_after=2026-02-03 19:03:00+00:00
[2026-02-03T19:02:31.306+0000] {processor.py:183} INFO - Processing /opt/airflow/dags/minio-snowflake.py took 0.860 seconds
[2026-02-03T19:03:01.796+0000] {processor.py:161} INFO - Started process (PID=41242) to work on /opt/airflow/dags/minio-snowflake.py
[2026-02-03T19:03:01.798+0000] {processor.py:830} INFO - Processing file /opt/airflow/dags/minio-snowflake.py for tasks to queue
[2026-02-03T19:03:01.800+0000] {logging_mixin.py:188} INFO - [2026-02-03T19:03:01.800+0000] {dagbag.py:545} INFO - Filling up the DagBag from /opt/airflow/dags/minio-snowflake.py
[2026-02-03T19:03:02.581+0000] {processor.py:840} INFO - DAG(s) 'minio_to_snowflake' retrieved from /opt/airflow/dags/minio-snowflake.py
[2026-02-03T19:03:02.605+0000] {logging_mixin.py:188} INFO - [2026-02-03T19:03:02.605+0000] {dag.py:3089} INFO - Sync 1 DAGs
[2026-02-03T19:03:02.629+0000] {logging_mixin.py:188} INFO - [2026-02-03T19:03:02.629+0000] {dag.py:3947} INFO - Setting next_dagrun for minio_to_snowflake to 2026-02-03 19:03:00+00:00, run_after=2026-02-03 19:04:00+00:00
[2026-02-03T19:03:02.658+0000] {processor.py:183} INFO - Processing /opt/airflow/dags/minio-snowflake.py took 0.868 seconds
[2026-02-03T19:03:33.048+0000] {processor.py:161} INFO - Started process (PID=41936) to work on /opt/airflow/dags/minio-snowflake.py
[2026-02-03T19:03:33.051+0000] {processor.py:830} INFO - Processing file /opt/airflow/dags/minio-snowflake.py for tasks to queue
[2026-02-03T19:03:33.055+0000] {logging_mixin.py:188} INFO - [2026-02-03T19:03:33.054+0000] {dagbag.py:545} INFO - Filling up the DagBag from /opt/airflow/dags/minio-snowflake.py
[2026-02-03T19:03:33.862+0000] {processor.py:840} INFO - DAG(s) 'minio_to_snowflake' retrieved from /opt/airflow/dags/minio-snowflake.py
[2026-02-03T19:03:33.885+0000] {logging_mixin.py:188} INFO - [2026-02-03T19:03:33.885+0000] {dag.py:3089} INFO - Sync 1 DAGs
[2026-02-03T19:03:33.909+0000] {logging_mixin.py:188} INFO - [2026-02-03T19:03:33.909+0000] {dag.py:3947} INFO - Setting next_dagrun for minio_to_snowflake to 2026-02-03 19:03:00+00:00, run_after=2026-02-03 19:04:00+00:00
[2026-02-03T19:03:33.931+0000] {processor.py:183} INFO - Processing /opt/airflow/dags/minio-snowflake.py took 0.894 seconds
[2026-02-03T19:04:04.283+0000] {processor.py:161} INFO - Started process (PID=42060) to work on /opt/airflow/dags/minio-snowflake.py
[2026-02-03T19:04:04.285+0000] {processor.py:830} INFO - Processing file /opt/airflow/dags/minio-snowflake.py for tasks to queue
[2026-02-03T19:04:04.287+0000] {logging_mixin.py:188} INFO - [2026-02-03T19:04:04.287+0000] {dagbag.py:545} INFO - Filling up the DagBag from /opt/airflow/dags/minio-snowflake.py
[2026-02-03T19:04:05.122+0000] {processor.py:840} INFO - DAG(s) 'minio_to_snowflake' retrieved from /opt/airflow/dags/minio-snowflake.py
[2026-02-03T19:04:05.150+0000] {logging_mixin.py:188} INFO - [2026-02-03T19:04:05.148+0000] {dag.py:3089} INFO - Sync 1 DAGs
[2026-02-03T19:04:05.177+0000] {logging_mixin.py:188} INFO - [2026-02-03T19:04:05.177+0000] {dag.py:3947} INFO - Setting next_dagrun for minio_to_snowflake to 2026-02-03 19:04:00+00:00, run_after=2026-02-03 19:05:00+00:00
[2026-02-03T19:04:05.198+0000] {processor.py:183} INFO - Processing /opt/airflow/dags/minio-snowflake.py took 0.921 seconds
[2026-02-03T19:04:35.594+0000] {processor.py:161} INFO - Started process (PID=42745) to work on /opt/airflow/dags/minio-snowflake.py
[2026-02-03T19:04:35.596+0000] {processor.py:830} INFO - Processing file /opt/airflow/dags/minio-snowflake.py for tasks to queue
[2026-02-03T19:04:35.600+0000] {logging_mixin.py:188} INFO - [2026-02-03T19:04:35.600+0000] {dagbag.py:545} INFO - Filling up the DagBag from /opt/airflow/dags/minio-snowflake.py
[2026-02-03T19:04:36.409+0000] {processor.py:840} INFO - DAG(s) 'minio_to_snowflake' retrieved from /opt/airflow/dags/minio-snowflake.py
[2026-02-03T19:04:36.434+0000] {logging_mixin.py:188} INFO - [2026-02-03T19:04:36.433+0000] {dag.py:3089} INFO - Sync 1 DAGs
[2026-02-03T19:04:36.456+0000] {logging_mixin.py:188} INFO - [2026-02-03T19:04:36.456+0000] {dag.py:3947} INFO - Setting next_dagrun for minio_to_snowflake to 2026-02-03 19:04:00+00:00, run_after=2026-02-03 19:05:00+00:00
[2026-02-03T19:04:36.476+0000] {processor.py:183} INFO - Processing /opt/airflow/dags/minio-snowflake.py took 0.895 seconds
[2026-02-03T19:05:06.833+0000] {processor.py:161} INFO - Started process (PID=43327) to work on /opt/airflow/dags/minio-snowflake.py
[2026-02-03T19:05:06.835+0000] {processor.py:830} INFO - Processing file /opt/airflow/dags/minio-snowflake.py for tasks to queue
[2026-02-03T19:05:06.838+0000] {logging_mixin.py:188} INFO - [2026-02-03T19:05:06.838+0000] {dagbag.py:545} INFO - Filling up the DagBag from /opt/airflow/dags/minio-snowflake.py
[2026-02-03T19:05:07.565+0000] {processor.py:840} INFO - DAG(s) 'minio_to_snowflake' retrieved from /opt/airflow/dags/minio-snowflake.py
[2026-02-03T19:05:07.590+0000] {logging_mixin.py:188} INFO - [2026-02-03T19:05:07.589+0000] {dag.py:3089} INFO - Sync 1 DAGs
[2026-02-03T19:05:07.612+0000] {logging_mixin.py:188} INFO - [2026-02-03T19:05:07.611+0000] {dag.py:3947} INFO - Setting next_dagrun for minio_to_snowflake to 2026-02-03 19:05:00+00:00, run_after=2026-02-03 19:06:00+00:00
[2026-02-03T19:05:07.634+0000] {processor.py:183} INFO - Processing /opt/airflow/dags/minio-snowflake.py took 0.811 seconds
[2026-02-03T19:05:38.022+0000] {processor.py:161} INFO - Started process (PID=43561) to work on /opt/airflow/dags/minio-snowflake.py
[2026-02-03T19:05:38.024+0000] {processor.py:830} INFO - Processing file /opt/airflow/dags/minio-snowflake.py for tasks to queue
[2026-02-03T19:05:38.027+0000] {logging_mixin.py:188} INFO - [2026-02-03T19:05:38.027+0000] {dagbag.py:545} INFO - Filling up the DagBag from /opt/airflow/dags/minio-snowflake.py
[2026-02-03T19:05:38.794+0000] {processor.py:840} INFO - DAG(s) 'minio_to_snowflake' retrieved from /opt/airflow/dags/minio-snowflake.py
[2026-02-03T19:05:38.822+0000] {logging_mixin.py:188} INFO - [2026-02-03T19:05:38.821+0000] {dag.py:3089} INFO - Sync 1 DAGs
[2026-02-03T19:05:38.842+0000] {logging_mixin.py:188} INFO - [2026-02-03T19:05:38.842+0000] {dag.py:3947} INFO - Setting next_dagrun for minio_to_snowflake to 2026-02-03 19:05:00+00:00, run_after=2026-02-03 19:06:00+00:00
[2026-02-03T19:05:38.864+0000] {processor.py:183} INFO - Processing /opt/airflow/dags/minio-snowflake.py took 0.850 seconds
[2026-02-03T19:06:09.211+0000] {processor.py:161} INFO - Started process (PID=44149) to work on /opt/airflow/dags/minio-snowflake.py
[2026-02-03T19:06:09.212+0000] {processor.py:830} INFO - Processing file /opt/airflow/dags/minio-snowflake.py for tasks to queue
[2026-02-03T19:06:09.215+0000] {logging_mixin.py:188} INFO - [2026-02-03T19:06:09.214+0000] {dagbag.py:545} INFO - Filling up the DagBag from /opt/airflow/dags/minio-snowflake.py
[2026-02-03T19:06:10.014+0000] {processor.py:840} INFO - DAG(s) 'minio_to_snowflake' retrieved from /opt/airflow/dags/minio-snowflake.py
[2026-02-03T19:06:10.036+0000] {logging_mixin.py:188} INFO - [2026-02-03T19:06:10.035+0000] {dag.py:3089} INFO - Sync 1 DAGs
[2026-02-03T19:06:10.059+0000] {logging_mixin.py:188} INFO - [2026-02-03T19:06:10.059+0000] {dag.py:3947} INFO - Setting next_dagrun for minio_to_snowflake to 2026-02-03 19:06:00+00:00, run_after=2026-02-03 19:07:00+00:00
[2026-02-03T19:06:10.080+0000] {processor.py:183} INFO - Processing /opt/airflow/dags/minio-snowflake.py took 0.875 seconds
[2026-02-03T19:06:40.462+0000] {processor.py:161} INFO - Started process (PID=44383) to work on /opt/airflow/dags/minio-snowflake.py
[2026-02-03T19:06:40.464+0000] {processor.py:830} INFO - Processing file /opt/airflow/dags/minio-snowflake.py for tasks to queue
[2026-02-03T19:06:40.468+0000] {logging_mixin.py:188} INFO - [2026-02-03T19:06:40.467+0000] {dagbag.py:545} INFO - Filling up the DagBag from /opt/airflow/dags/minio-snowflake.py
[2026-02-03T19:06:41.266+0000] {processor.py:840} INFO - DAG(s) 'minio_to_snowflake' retrieved from /opt/airflow/dags/minio-snowflake.py
[2026-02-03T19:06:41.288+0000] {logging_mixin.py:188} INFO - [2026-02-03T19:06:41.288+0000] {dag.py:3089} INFO - Sync 1 DAGs
[2026-02-03T19:06:41.312+0000] {logging_mixin.py:188} INFO - [2026-02-03T19:06:41.312+0000] {dag.py:3947} INFO - Setting next_dagrun for minio_to_snowflake to 2026-02-03 19:06:00+00:00, run_after=2026-02-03 19:07:00+00:00
[2026-02-03T19:06:41.332+0000] {processor.py:183} INFO - Processing /opt/airflow/dags/minio-snowflake.py took 0.877 seconds
[2026-02-03T19:07:11.669+0000] {processor.py:161} INFO - Started process (PID=44967) to work on /opt/airflow/dags/minio-snowflake.py
[2026-02-03T19:07:11.671+0000] {processor.py:830} INFO - Processing file /opt/airflow/dags/minio-snowflake.py for tasks to queue
[2026-02-03T19:07:11.674+0000] {logging_mixin.py:188} INFO - [2026-02-03T19:07:11.673+0000] {dagbag.py:545} INFO - Filling up the DagBag from /opt/airflow/dags/minio-snowflake.py
[2026-02-03T19:07:12.447+0000] {processor.py:840} INFO - DAG(s) 'minio_to_snowflake' retrieved from /opt/airflow/dags/minio-snowflake.py
[2026-02-03T19:07:12.471+0000] {logging_mixin.py:188} INFO - [2026-02-03T19:07:12.469+0000] {dag.py:3089} INFO - Sync 1 DAGs
[2026-02-03T19:07:12.492+0000] {logging_mixin.py:188} INFO - [2026-02-03T19:07:12.492+0000] {dag.py:3947} INFO - Setting next_dagrun for minio_to_snowflake to 2026-02-03 19:07:00+00:00, run_after=2026-02-03 19:08:00+00:00
[2026-02-03T19:07:12.513+0000] {processor.py:183} INFO - Processing /opt/airflow/dags/minio-snowflake.py took 0.853 seconds
[2026-02-03T19:07:42.927+0000] {processor.py:161} INFO - Started process (PID=45190) to work on /opt/airflow/dags/minio-snowflake.py
[2026-02-03T19:07:42.930+0000] {processor.py:830} INFO - Processing file /opt/airflow/dags/minio-snowflake.py for tasks to queue
[2026-02-03T19:07:42.935+0000] {logging_mixin.py:188} INFO - [2026-02-03T19:07:42.934+0000] {dagbag.py:545} INFO - Filling up the DagBag from /opt/airflow/dags/minio-snowflake.py
[2026-02-03T19:07:43.890+0000] {processor.py:840} INFO - DAG(s) 'minio_to_snowflake' retrieved from /opt/airflow/dags/minio-snowflake.py
[2026-02-03T19:07:43.928+0000] {logging_mixin.py:188} INFO - [2026-02-03T19:07:43.927+0000] {dag.py:3089} INFO - Sync 1 DAGs
[2026-02-03T19:07:43.956+0000] {logging_mixin.py:188} INFO - [2026-02-03T19:07:43.955+0000] {dag.py:3947} INFO - Setting next_dagrun for minio_to_snowflake to 2026-02-03 19:07:00+00:00, run_after=2026-02-03 19:08:00+00:00
[2026-02-03T19:07:43.986+0000] {processor.py:183} INFO - Processing /opt/airflow/dags/minio-snowflake.py took 1.074 seconds
[2026-02-03T19:08:14.376+0000] {processor.py:161} INFO - Started process (PID=45773) to work on /opt/airflow/dags/minio-snowflake.py
[2026-02-03T19:08:14.379+0000] {processor.py:830} INFO - Processing file /opt/airflow/dags/minio-snowflake.py for tasks to queue
[2026-02-03T19:08:14.385+0000] {logging_mixin.py:188} INFO - [2026-02-03T19:08:14.384+0000] {dagbag.py:545} INFO - Filling up the DagBag from /opt/airflow/dags/minio-snowflake.py
[2026-02-03T19:08:15.423+0000] {processor.py:840} INFO - DAG(s) 'minio_to_snowflake' retrieved from /opt/airflow/dags/minio-snowflake.py
[2026-02-03T19:08:15.467+0000] {logging_mixin.py:188} INFO - [2026-02-03T19:08:15.467+0000] {dag.py:3089} INFO - Sync 1 DAGs
[2026-02-03T19:08:15.526+0000] {logging_mixin.py:188} INFO - [2026-02-03T19:08:15.525+0000] {dag.py:3947} INFO - Setting next_dagrun for minio_to_snowflake to 2026-02-03 19:08:00+00:00, run_after=2026-02-03 19:09:00+00:00
[2026-02-03T19:08:15.580+0000] {processor.py:183} INFO - Processing /opt/airflow/dags/minio-snowflake.py took 1.222 seconds
[2026-02-03T19:08:45.701+0000] {processor.py:161} INFO - Started process (PID=46014) to work on /opt/airflow/dags/minio-snowflake.py
[2026-02-03T19:08:45.703+0000] {processor.py:830} INFO - Processing file /opt/airflow/dags/minio-snowflake.py for tasks to queue
[2026-02-03T19:08:45.706+0000] {logging_mixin.py:188} INFO - [2026-02-03T19:08:45.705+0000] {dagbag.py:545} INFO - Filling up the DagBag from /opt/airflow/dags/minio-snowflake.py
[2026-02-03T19:08:46.731+0000] {processor.py:840} INFO - DAG(s) 'minio_to_snowflake' retrieved from /opt/airflow/dags/minio-snowflake.py
[2026-02-03T19:08:46.760+0000] {logging_mixin.py:188} INFO - [2026-02-03T19:08:46.759+0000] {dag.py:3089} INFO - Sync 1 DAGs
[2026-02-03T19:08:46.790+0000] {logging_mixin.py:188} INFO - [2026-02-03T19:08:46.790+0000] {dag.py:3947} INFO - Setting next_dagrun for minio_to_snowflake to 2026-02-03 19:08:00+00:00, run_after=2026-02-03 19:09:00+00:00
[2026-02-03T19:08:46.822+0000] {processor.py:183} INFO - Processing /opt/airflow/dags/minio-snowflake.py took 1.142 seconds
[2026-02-03T19:09:17.035+0000] {processor.py:161} INFO - Started process (PID=46585) to work on /opt/airflow/dags/minio-snowflake.py
[2026-02-03T19:09:17.037+0000] {processor.py:830} INFO - Processing file /opt/airflow/dags/minio-snowflake.py for tasks to queue
[2026-02-03T19:09:17.039+0000] {logging_mixin.py:188} INFO - [2026-02-03T19:09:17.039+0000] {dagbag.py:545} INFO - Filling up the DagBag from /opt/airflow/dags/minio-snowflake.py
[2026-02-03T19:09:17.856+0000] {processor.py:840} INFO - DAG(s) 'minio_to_snowflake' retrieved from /opt/airflow/dags/minio-snowflake.py
[2026-02-03T19:09:17.882+0000] {logging_mixin.py:188} INFO - [2026-02-03T19:09:17.882+0000] {dag.py:3089} INFO - Sync 1 DAGs
[2026-02-03T19:09:17.906+0000] {logging_mixin.py:188} INFO - [2026-02-03T19:09:17.906+0000] {dag.py:3947} INFO - Setting next_dagrun for minio_to_snowflake to 2026-02-03 19:09:00+00:00, run_after=2026-02-03 19:10:00+00:00
[2026-02-03T19:09:17.928+0000] {processor.py:183} INFO - Processing /opt/airflow/dags/minio-snowflake.py took 0.905 seconds
[2026-02-03T19:09:48.250+0000] {processor.py:161} INFO - Started process (PID=46810) to work on /opt/airflow/dags/minio-snowflake.py
[2026-02-03T19:09:48.251+0000] {processor.py:830} INFO - Processing file /opt/airflow/dags/minio-snowflake.py for tasks to queue
[2026-02-03T19:09:48.254+0000] {logging_mixin.py:188} INFO - [2026-02-03T19:09:48.253+0000] {dagbag.py:545} INFO - Filling up the DagBag from /opt/airflow/dags/minio-snowflake.py
[2026-02-03T19:09:48.999+0000] {processor.py:840} INFO - DAG(s) 'minio_to_snowflake' retrieved from /opt/airflow/dags/minio-snowflake.py
[2026-02-03T19:09:49.024+0000] {logging_mixin.py:188} INFO - [2026-02-03T19:09:49.024+0000] {dag.py:3089} INFO - Sync 1 DAGs
[2026-02-03T19:09:49.047+0000] {logging_mixin.py:188} INFO - [2026-02-03T19:09:49.047+0000] {dag.py:3947} INFO - Setting next_dagrun for minio_to_snowflake to 2026-02-03 19:09:00+00:00, run_after=2026-02-03 19:10:00+00:00
[2026-02-03T19:09:49.068+0000] {processor.py:183} INFO - Processing /opt/airflow/dags/minio-snowflake.py took 0.825 seconds
[2026-02-03T19:10:19.433+0000] {processor.py:161} INFO - Started process (PID=47401) to work on /opt/airflow/dags/minio-snowflake.py
[2026-02-03T19:10:19.436+0000] {processor.py:830} INFO - Processing file /opt/airflow/dags/minio-snowflake.py for tasks to queue
[2026-02-03T19:10:19.441+0000] {logging_mixin.py:188} INFO - [2026-02-03T19:10:19.440+0000] {dagbag.py:545} INFO - Filling up the DagBag from /opt/airflow/dags/minio-snowflake.py
[2026-02-03T19:10:20.233+0000] {processor.py:840} INFO - DAG(s) 'minio_to_snowflake' retrieved from /opt/airflow/dags/minio-snowflake.py
[2026-02-03T19:10:20.258+0000] {logging_mixin.py:188} INFO - [2026-02-03T19:10:20.256+0000] {dag.py:3089} INFO - Sync 1 DAGs
[2026-02-03T19:10:20.301+0000] {logging_mixin.py:188} INFO - [2026-02-03T19:10:20.301+0000] {dag.py:3947} INFO - Setting next_dagrun for minio_to_snowflake to 2026-02-03 19:10:00+00:00, run_after=2026-02-03 19:11:00+00:00
[2026-02-03T19:10:20.329+0000] {processor.py:183} INFO - Processing /opt/airflow/dags/minio-snowflake.py took 0.913 seconds
[2026-02-03T19:10:50.843+0000] {processor.py:161} INFO - Started process (PID=47606) to work on /opt/airflow/dags/minio-snowflake.py
[2026-02-03T19:10:50.847+0000] {processor.py:830} INFO - Processing file /opt/airflow/dags/minio-snowflake.py for tasks to queue
[2026-02-03T19:10:50.852+0000] {logging_mixin.py:188} INFO - [2026-02-03T19:10:50.851+0000] {dagbag.py:545} INFO - Filling up the DagBag from /opt/airflow/dags/minio-snowflake.py
[2026-02-03T19:10:51.867+0000] {processor.py:840} INFO - DAG(s) 'minio_to_snowflake' retrieved from /opt/airflow/dags/minio-snowflake.py
[2026-02-03T19:10:51.903+0000] {logging_mixin.py:188} INFO - [2026-02-03T19:10:51.903+0000] {dag.py:3089} INFO - Sync 1 DAGs
[2026-02-03T19:10:51.936+0000] {logging_mixin.py:188} INFO - [2026-02-03T19:10:51.936+0000] {dag.py:3947} INFO - Setting next_dagrun for minio_to_snowflake to 2026-02-03 19:10:00+00:00, run_after=2026-02-03 19:11:00+00:00
[2026-02-03T19:10:51.971+0000] {processor.py:183} INFO - Processing /opt/airflow/dags/minio-snowflake.py took 1.143 seconds
[2026-02-03T19:11:22.209+0000] {processor.py:161} INFO - Started process (PID=48197) to work on /opt/airflow/dags/minio-snowflake.py
[2026-02-03T19:11:22.212+0000] {processor.py:830} INFO - Processing file /opt/airflow/dags/minio-snowflake.py for tasks to queue
[2026-02-03T19:11:22.217+0000] {logging_mixin.py:188} INFO - [2026-02-03T19:11:22.216+0000] {dagbag.py:545} INFO - Filling up the DagBag from /opt/airflow/dags/minio-snowflake.py
[2026-02-03T19:11:23.413+0000] {processor.py:840} INFO - DAG(s) 'minio_to_snowflake' retrieved from /opt/airflow/dags/minio-snowflake.py
[2026-02-03T19:11:23.445+0000] {logging_mixin.py:188} INFO - [2026-02-03T19:11:23.445+0000] {dag.py:3089} INFO - Sync 1 DAGs
[2026-02-03T19:11:23.480+0000] {logging_mixin.py:188} INFO - [2026-02-03T19:11:23.480+0000] {dag.py:3947} INFO - Setting next_dagrun for minio_to_snowflake to 2026-02-03 19:11:00+00:00, run_after=2026-02-03 19:12:00+00:00
[2026-02-03T19:11:23.505+0000] {processor.py:183} INFO - Processing /opt/airflow/dags/minio-snowflake.py took 1.309 seconds
[2026-02-03T19:11:53.709+0000] {processor.py:161} INFO - Started process (PID=48402) to work on /opt/airflow/dags/minio-snowflake.py
[2026-02-03T19:11:53.711+0000] {processor.py:830} INFO - Processing file /opt/airflow/dags/minio-snowflake.py for tasks to queue
[2026-02-03T19:11:53.714+0000] {logging_mixin.py:188} INFO - [2026-02-03T19:11:53.714+0000] {dagbag.py:545} INFO - Filling up the DagBag from /opt/airflow/dags/minio-snowflake.py
[2026-02-03T19:11:54.788+0000] {processor.py:840} INFO - DAG(s) 'minio_to_snowflake' retrieved from /opt/airflow/dags/minio-snowflake.py
[2026-02-03T19:11:54.823+0000] {logging_mixin.py:188} INFO - [2026-02-03T19:11:54.822+0000] {dag.py:3089} INFO - Sync 1 DAGs
[2026-02-03T19:11:54.874+0000] {logging_mixin.py:188} INFO - [2026-02-03T19:11:54.874+0000] {dag.py:3947} INFO - Setting next_dagrun for minio_to_snowflake to 2026-02-03 19:11:00+00:00, run_after=2026-02-03 19:12:00+00:00
[2026-02-03T19:11:54.903+0000] {processor.py:183} INFO - Processing /opt/airflow/dags/minio-snowflake.py took 1.203 seconds
[2026-02-03T19:12:25.233+0000] {processor.py:161} INFO - Started process (PID=49011) to work on /opt/airflow/dags/minio-snowflake.py
[2026-02-03T19:12:25.236+0000] {processor.py:830} INFO - Processing file /opt/airflow/dags/minio-snowflake.py for tasks to queue
[2026-02-03T19:12:25.239+0000] {logging_mixin.py:188} INFO - [2026-02-03T19:12:25.238+0000] {dagbag.py:545} INFO - Filling up the DagBag from /opt/airflow/dags/minio-snowflake.py
[2026-02-03T19:12:26.166+0000] {processor.py:840} INFO - DAG(s) 'minio_to_snowflake' retrieved from /opt/airflow/dags/minio-snowflake.py
[2026-02-03T19:12:26.198+0000] {logging_mixin.py:188} INFO - [2026-02-03T19:12:26.198+0000] {dag.py:3089} INFO - Sync 1 DAGs
[2026-02-03T19:12:26.226+0000] {logging_mixin.py:188} INFO - [2026-02-03T19:12:26.225+0000] {dag.py:3947} INFO - Setting next_dagrun for minio_to_snowflake to 2026-02-03 19:12:00+00:00, run_after=2026-02-03 19:13:00+00:00
[2026-02-03T19:12:26.259+0000] {processor.py:183} INFO - Processing /opt/airflow/dags/minio-snowflake.py took 1.070 seconds
[2026-02-03T19:12:56.659+0000] {processor.py:161} INFO - Started process (PID=49198) to work on /opt/airflow/dags/minio-snowflake.py
[2026-02-03T19:12:56.661+0000] {processor.py:830} INFO - Processing file /opt/airflow/dags/minio-snowflake.py for tasks to queue
[2026-02-03T19:12:56.665+0000] {logging_mixin.py:188} INFO - [2026-02-03T19:12:56.665+0000] {dagbag.py:545} INFO - Filling up the DagBag from /opt/airflow/dags/minio-snowflake.py
[2026-02-03T19:12:57.680+0000] {processor.py:840} INFO - DAG(s) 'minio_to_snowflake' retrieved from /opt/airflow/dags/minio-snowflake.py
[2026-02-03T19:12:57.728+0000] {logging_mixin.py:188} INFO - [2026-02-03T19:12:57.727+0000] {dag.py:3089} INFO - Sync 1 DAGs
[2026-02-03T19:12:57.760+0000] {logging_mixin.py:188} INFO - [2026-02-03T19:12:57.760+0000] {dag.py:3947} INFO - Setting next_dagrun for minio_to_snowflake to 2026-02-03 19:12:00+00:00, run_after=2026-02-03 19:13:00+00:00
[2026-02-03T19:12:57.789+0000] {processor.py:183} INFO - Processing /opt/airflow/dags/minio-snowflake.py took 1.141 seconds
[2026-02-03T19:13:28.032+0000] {processor.py:161} INFO - Started process (PID=49825) to work on /opt/airflow/dags/minio-snowflake.py
[2026-02-03T19:13:28.034+0000] {processor.py:830} INFO - Processing file /opt/airflow/dags/minio-snowflake.py for tasks to queue
[2026-02-03T19:13:28.039+0000] {logging_mixin.py:188} INFO - [2026-02-03T19:13:28.038+0000] {dagbag.py:545} INFO - Filling up the DagBag from /opt/airflow/dags/minio-snowflake.py
[2026-02-03T19:13:29.189+0000] {processor.py:840} INFO - DAG(s) 'minio_to_snowflake' retrieved from /opt/airflow/dags/minio-snowflake.py
[2026-02-03T19:13:29.228+0000] {logging_mixin.py:188} INFO - [2026-02-03T19:13:29.227+0000] {dag.py:3089} INFO - Sync 1 DAGs
[2026-02-03T19:13:29.266+0000] {logging_mixin.py:188} INFO - [2026-02-03T19:13:29.266+0000] {dag.py:3947} INFO - Setting next_dagrun for minio_to_snowflake to 2026-02-03 19:13:00+00:00, run_after=2026-02-03 19:14:00+00:00
[2026-02-03T19:13:29.291+0000] {processor.py:183} INFO - Processing /opt/airflow/dags/minio-snowflake.py took 1.272 seconds
[2026-02-03T19:13:59.473+0000] {processor.py:161} INFO - Started process (PID=49994) to work on /opt/airflow/dags/minio-snowflake.py
[2026-02-03T19:13:59.476+0000] {processor.py:830} INFO - Processing file /opt/airflow/dags/minio-snowflake.py for tasks to queue
[2026-02-03T19:13:59.481+0000] {logging_mixin.py:188} INFO - [2026-02-03T19:13:59.480+0000] {dagbag.py:545} INFO - Filling up the DagBag from /opt/airflow/dags/minio-snowflake.py
[2026-02-03T19:14:00.443+0000] {processor.py:840} INFO - DAG(s) 'minio_to_snowflake' retrieved from /opt/airflow/dags/minio-snowflake.py
[2026-02-03T19:14:00.473+0000] {logging_mixin.py:188} INFO - [2026-02-03T19:14:00.472+0000] {dag.py:3089} INFO - Sync 1 DAGs
[2026-02-03T19:14:00.502+0000] {logging_mixin.py:188} INFO - [2026-02-03T19:14:00.501+0000] {dag.py:3947} INFO - Setting next_dagrun for minio_to_snowflake to 2026-02-03 19:14:00+00:00, run_after=2026-02-03 19:15:00+00:00
[2026-02-03T19:14:00.528+0000] {processor.py:183} INFO - Processing /opt/airflow/dags/minio-snowflake.py took 1.070 seconds
[2026-02-03T19:14:30.791+0000] {processor.py:161} INFO - Started process (PID=50651) to work on /opt/airflow/dags/minio-snowflake.py
[2026-02-03T19:14:30.793+0000] {processor.py:830} INFO - Processing file /opt/airflow/dags/minio-snowflake.py for tasks to queue
[2026-02-03T19:14:30.796+0000] {logging_mixin.py:188} INFO - [2026-02-03T19:14:30.796+0000] {dagbag.py:545} INFO - Filling up the DagBag from /opt/airflow/dags/minio-snowflake.py
[2026-02-03T19:14:31.843+0000] {processor.py:840} INFO - DAG(s) 'minio_to_snowflake' retrieved from /opt/airflow/dags/minio-snowflake.py
[2026-02-03T19:14:31.879+0000] {logging_mixin.py:188} INFO - [2026-02-03T19:14:31.878+0000] {dag.py:3089} INFO - Sync 1 DAGs
[2026-02-03T19:14:31.915+0000] {logging_mixin.py:188} INFO - [2026-02-03T19:14:31.915+0000] {dag.py:3947} INFO - Setting next_dagrun for minio_to_snowflake to 2026-02-03 19:14:00+00:00, run_after=2026-02-03 19:15:00+00:00
[2026-02-03T19:14:31.950+0000] {processor.py:183} INFO - Processing /opt/airflow/dags/minio-snowflake.py took 1.166 seconds
[2026-02-03T19:15:02.178+0000] {processor.py:161} INFO - Started process (PID=50791) to work on /opt/airflow/dags/minio-snowflake.py
[2026-02-03T19:15:02.180+0000] {processor.py:830} INFO - Processing file /opt/airflow/dags/minio-snowflake.py for tasks to queue
[2026-02-03T19:15:02.183+0000] {logging_mixin.py:188} INFO - [2026-02-03T19:15:02.183+0000] {dagbag.py:545} INFO - Filling up the DagBag from /opt/airflow/dags/minio-snowflake.py
[2026-02-03T19:15:03.222+0000] {processor.py:840} INFO - DAG(s) 'minio_to_snowflake' retrieved from /opt/airflow/dags/minio-snowflake.py
[2026-02-03T19:15:03.249+0000] {logging_mixin.py:188} INFO - [2026-02-03T19:15:03.248+0000] {dag.py:3089} INFO - Sync 1 DAGs
[2026-02-03T19:15:03.278+0000] {logging_mixin.py:188} INFO - [2026-02-03T19:15:03.278+0000] {dag.py:3947} INFO - Setting next_dagrun for minio_to_snowflake to 2026-02-03 19:15:00+00:00, run_after=2026-02-03 19:16:00+00:00
[2026-02-03T19:15:03.301+0000] {processor.py:183} INFO - Processing /opt/airflow/dags/minio-snowflake.py took 1.129 seconds
[2026-02-03T19:15:33.668+0000] {processor.py:161} INFO - Started process (PID=51442) to work on /opt/airflow/dags/minio-snowflake.py
[2026-02-03T19:15:33.671+0000] {processor.py:830} INFO - Processing file /opt/airflow/dags/minio-snowflake.py for tasks to queue
[2026-02-03T19:15:33.676+0000] {logging_mixin.py:188} INFO - [2026-02-03T19:15:33.675+0000] {dagbag.py:545} INFO - Filling up the DagBag from /opt/airflow/dags/minio-snowflake.py
[2026-02-03T19:15:34.792+0000] {processor.py:840} INFO - DAG(s) 'minio_to_snowflake' retrieved from /opt/airflow/dags/minio-snowflake.py
[2026-02-03T19:15:34.851+0000] {logging_mixin.py:188} INFO - [2026-02-03T19:15:34.850+0000] {dag.py:3089} INFO - Sync 1 DAGs
[2026-02-03T19:15:34.925+0000] {logging_mixin.py:188} INFO - [2026-02-03T19:15:34.925+0000] {dag.py:3947} INFO - Setting next_dagrun for minio_to_snowflake to 2026-02-03 19:15:00+00:00, run_after=2026-02-03 19:16:00+00:00
[2026-02-03T19:15:34.957+0000] {processor.py:183} INFO - Processing /opt/airflow/dags/minio-snowflake.py took 1.300 seconds
[2026-02-03T19:16:05.367+0000] {processor.py:161} INFO - Started process (PID=51608) to work on /opt/airflow/dags/minio-snowflake.py
[2026-02-03T19:16:05.369+0000] {processor.py:830} INFO - Processing file /opt/airflow/dags/minio-snowflake.py for tasks to queue
[2026-02-03T19:16:05.373+0000] {logging_mixin.py:188} INFO - [2026-02-03T19:16:05.373+0000] {dagbag.py:545} INFO - Filling up the DagBag from /opt/airflow/dags/minio-snowflake.py
[2026-02-03T19:16:06.389+0000] {processor.py:840} INFO - DAG(s) 'minio_to_snowflake' retrieved from /opt/airflow/dags/minio-snowflake.py
[2026-02-03T19:16:06.426+0000] {logging_mixin.py:188} INFO - [2026-02-03T19:16:06.425+0000] {dag.py:3089} INFO - Sync 1 DAGs
[2026-02-03T19:16:06.451+0000] {logging_mixin.py:188} INFO - [2026-02-03T19:16:06.451+0000] {dag.py:3947} INFO - Setting next_dagrun for minio_to_snowflake to 2026-02-03 19:16:00+00:00, run_after=2026-02-03 19:17:00+00:00
[2026-02-03T19:16:06.472+0000] {processor.py:183} INFO - Processing /opt/airflow/dags/minio-snowflake.py took 1.115 seconds
[2026-02-03T19:16:36.704+0000] {processor.py:161} INFO - Started process (PID=52250) to work on /opt/airflow/dags/minio-snowflake.py
[2026-02-03T19:16:36.707+0000] {processor.py:830} INFO - Processing file /opt/airflow/dags/minio-snowflake.py for tasks to queue
[2026-02-03T19:16:36.711+0000] {logging_mixin.py:188} INFO - [2026-02-03T19:16:36.710+0000] {dagbag.py:545} INFO - Filling up the DagBag from /opt/airflow/dags/minio-snowflake.py
[2026-02-03T19:16:37.605+0000] {processor.py:840} INFO - DAG(s) 'minio_to_snowflake' retrieved from /opt/airflow/dags/minio-snowflake.py
[2026-02-03T19:16:37.633+0000] {logging_mixin.py:188} INFO - [2026-02-03T19:16:37.632+0000] {dag.py:3089} INFO - Sync 1 DAGs
[2026-02-03T19:16:37.659+0000] {logging_mixin.py:188} INFO - [2026-02-03T19:16:37.659+0000] {dag.py:3947} INFO - Setting next_dagrun for minio_to_snowflake to 2026-02-03 19:16:00+00:00, run_after=2026-02-03 19:17:00+00:00
[2026-02-03T19:16:37.696+0000] {processor.py:183} INFO - Processing /opt/airflow/dags/minio-snowflake.py took 1.006 seconds
[2026-02-03T19:17:07.938+0000] {processor.py:161} INFO - Started process (PID=52901) to work on /opt/airflow/dags/minio-snowflake.py
[2026-02-03T19:17:07.940+0000] {processor.py:830} INFO - Processing file /opt/airflow/dags/minio-snowflake.py for tasks to queue
[2026-02-03T19:17:07.942+0000] {logging_mixin.py:188} INFO - [2026-02-03T19:17:07.942+0000] {dagbag.py:545} INFO - Filling up the DagBag from /opt/airflow/dags/minio-snowflake.py
[2026-02-03T19:17:08.675+0000] {processor.py:840} INFO - DAG(s) 'minio_to_snowflake' retrieved from /opt/airflow/dags/minio-snowflake.py
[2026-02-03T19:17:08.697+0000] {logging_mixin.py:188} INFO - [2026-02-03T19:17:08.697+0000] {dag.py:3089} INFO - Sync 1 DAGs
[2026-02-03T19:17:08.717+0000] {logging_mixin.py:188} INFO - [2026-02-03T19:17:08.717+0000] {dag.py:3947} INFO - Setting next_dagrun for minio_to_snowflake to 2026-02-03 19:17:00+00:00, run_after=2026-02-03 19:18:00+00:00
[2026-02-03T19:17:08.739+0000] {processor.py:183} INFO - Processing /opt/airflow/dags/minio-snowflake.py took 0.807 seconds
[2026-02-03T19:17:39.138+0000] {processor.py:161} INFO - Started process (PID=53118) to work on /opt/airflow/dags/minio-snowflake.py
[2026-02-03T19:17:39.140+0000] {processor.py:830} INFO - Processing file /opt/airflow/dags/minio-snowflake.py for tasks to queue
[2026-02-03T19:17:39.145+0000] {logging_mixin.py:188} INFO - [2026-02-03T19:17:39.144+0000] {dagbag.py:545} INFO - Filling up the DagBag from /opt/airflow/dags/minio-snowflake.py
[2026-02-03T19:17:40.117+0000] {processor.py:840} INFO - DAG(s) 'minio_to_snowflake' retrieved from /opt/airflow/dags/minio-snowflake.py
[2026-02-03T19:17:40.149+0000] {logging_mixin.py:188} INFO - [2026-02-03T19:17:40.148+0000] {dag.py:3089} INFO - Sync 1 DAGs
[2026-02-03T19:17:40.192+0000] {logging_mixin.py:188} INFO - [2026-02-03T19:17:40.191+0000] {dag.py:3947} INFO - Setting next_dagrun for minio_to_snowflake to 2026-02-03 19:17:00+00:00, run_after=2026-02-03 19:18:00+00:00
[2026-02-03T19:17:40.230+0000] {processor.py:183} INFO - Processing /opt/airflow/dags/minio-snowflake.py took 1.107 seconds
[2026-02-03T19:18:10.573+0000] {processor.py:161} INFO - Started process (PID=53698) to work on /opt/airflow/dags/minio-snowflake.py
[2026-02-03T19:18:10.575+0000] {processor.py:830} INFO - Processing file /opt/airflow/dags/minio-snowflake.py for tasks to queue
[2026-02-03T19:18:10.578+0000] {logging_mixin.py:188} INFO - [2026-02-03T19:18:10.577+0000] {dagbag.py:545} INFO - Filling up the DagBag from /opt/airflow/dags/minio-snowflake.py
[2026-02-03T19:18:11.442+0000] {processor.py:840} INFO - DAG(s) 'minio_to_snowflake' retrieved from /opt/airflow/dags/minio-snowflake.py
[2026-02-03T19:18:11.475+0000] {logging_mixin.py:188} INFO - [2026-02-03T19:18:11.474+0000] {dag.py:3089} INFO - Sync 1 DAGs
[2026-02-03T19:18:11.505+0000] {logging_mixin.py:188} INFO - [2026-02-03T19:18:11.505+0000] {dag.py:3947} INFO - Setting next_dagrun for minio_to_snowflake to 2026-02-03 19:18:00+00:00, run_after=2026-02-03 19:19:00+00:00
[2026-02-03T19:18:11.536+0000] {processor.py:183} INFO - Processing /opt/airflow/dags/minio-snowflake.py took 0.969 seconds
[2026-02-03T19:18:41.981+0000] {processor.py:161} INFO - Started process (PID=53913) to work on /opt/airflow/dags/minio-snowflake.py
[2026-02-03T19:18:41.983+0000] {processor.py:830} INFO - Processing file /opt/airflow/dags/minio-snowflake.py for tasks to queue
[2026-02-03T19:18:41.988+0000] {logging_mixin.py:188} INFO - [2026-02-03T19:18:41.987+0000] {dagbag.py:545} INFO - Filling up the DagBag from /opt/airflow/dags/minio-snowflake.py
[2026-02-03T19:18:42.972+0000] {processor.py:840} INFO - DAG(s) 'minio_to_snowflake' retrieved from /opt/airflow/dags/minio-snowflake.py
[2026-02-03T19:18:43.011+0000] {logging_mixin.py:188} INFO - [2026-02-03T19:18:43.009+0000] {dag.py:3089} INFO - Sync 1 DAGs
[2026-02-03T19:18:43.048+0000] {logging_mixin.py:188} INFO - [2026-02-03T19:18:43.047+0000] {dag.py:3947} INFO - Setting next_dagrun for minio_to_snowflake to 2026-02-03 19:18:00+00:00, run_after=2026-02-03 19:19:00+00:00
[2026-02-03T19:18:43.076+0000] {processor.py:183} INFO - Processing /opt/airflow/dags/minio-snowflake.py took 1.104 seconds
[2026-02-03T19:19:13.312+0000] {processor.py:161} INFO - Started process (PID=54494) to work on /opt/airflow/dags/minio-snowflake.py
[2026-02-03T19:19:13.314+0000] {processor.py:830} INFO - Processing file /opt/airflow/dags/minio-snowflake.py for tasks to queue
[2026-02-03T19:19:13.317+0000] {logging_mixin.py:188} INFO - [2026-02-03T19:19:13.316+0000] {dagbag.py:545} INFO - Filling up the DagBag from /opt/airflow/dags/minio-snowflake.py
[2026-02-03T19:19:14.199+0000] {processor.py:840} INFO - DAG(s) 'minio_to_snowflake' retrieved from /opt/airflow/dags/minio-snowflake.py
[2026-02-03T19:19:14.224+0000] {logging_mixin.py:188} INFO - [2026-02-03T19:19:14.224+0000] {dag.py:3089} INFO - Sync 1 DAGs
[2026-02-03T19:19:14.246+0000] {logging_mixin.py:188} INFO - [2026-02-03T19:19:14.246+0000] {dag.py:3947} INFO - Setting next_dagrun for minio_to_snowflake to 2026-02-03 19:19:00+00:00, run_after=2026-02-03 19:20:00+00:00
[2026-02-03T19:19:14.267+0000] {processor.py:183} INFO - Processing /opt/airflow/dags/minio-snowflake.py took 0.963 seconds
[2026-02-03T19:19:44.638+0000] {processor.py:161} INFO - Started process (PID=54743) to work on /opt/airflow/dags/minio-snowflake.py
[2026-02-03T19:19:44.641+0000] {processor.py:830} INFO - Processing file /opt/airflow/dags/minio-snowflake.py for tasks to queue
[2026-02-03T19:19:44.644+0000] {logging_mixin.py:188} INFO - [2026-02-03T19:19:44.644+0000] {dagbag.py:545} INFO - Filling up the DagBag from /opt/airflow/dags/minio-snowflake.py
[2026-02-03T19:19:45.417+0000] {processor.py:840} INFO - DAG(s) 'minio_to_snowflake' retrieved from /opt/airflow/dags/minio-snowflake.py
[2026-02-03T19:19:45.439+0000] {logging_mixin.py:188} INFO - [2026-02-03T19:19:45.439+0000] {dag.py:3089} INFO - Sync 1 DAGs
[2026-02-03T19:19:45.461+0000] {logging_mixin.py:188} INFO - [2026-02-03T19:19:45.461+0000] {dag.py:3947} INFO - Setting next_dagrun for minio_to_snowflake to 2026-02-03 19:19:00+00:00, run_after=2026-02-03 19:20:00+00:00
[2026-02-03T19:19:45.482+0000] {processor.py:183} INFO - Processing /opt/airflow/dags/minio-snowflake.py took 0.855 seconds
[2026-02-03T19:20:15.800+0000] {processor.py:161} INFO - Started process (PID=55331) to work on /opt/airflow/dags/minio-snowflake.py
[2026-02-03T19:20:15.801+0000] {processor.py:830} INFO - Processing file /opt/airflow/dags/minio-snowflake.py for tasks to queue
[2026-02-03T19:20:15.804+0000] {logging_mixin.py:188} INFO - [2026-02-03T19:20:15.803+0000] {dagbag.py:545} INFO - Filling up the DagBag from /opt/airflow/dags/minio-snowflake.py
[2026-02-03T19:20:16.707+0000] {processor.py:840} INFO - DAG(s) 'minio_to_snowflake' retrieved from /opt/airflow/dags/minio-snowflake.py
[2026-02-03T19:20:16.730+0000] {logging_mixin.py:188} INFO - [2026-02-03T19:20:16.729+0000] {dag.py:3089} INFO - Sync 1 DAGs
[2026-02-03T19:20:16.753+0000] {logging_mixin.py:188} INFO - [2026-02-03T19:20:16.753+0000] {dag.py:3947} INFO - Setting next_dagrun for minio_to_snowflake to 2026-02-03 19:20:00+00:00, run_after=2026-02-03 19:21:00+00:00
[2026-02-03T19:20:16.776+0000] {processor.py:183} INFO - Processing /opt/airflow/dags/minio-snowflake.py took 0.983 seconds
[2026-02-03T19:20:47.102+0000] {processor.py:161} INFO - Started process (PID=55563) to work on /opt/airflow/dags/minio-snowflake.py
[2026-02-03T19:20:47.105+0000] {processor.py:830} INFO - Processing file /opt/airflow/dags/minio-snowflake.py for tasks to queue
[2026-02-03T19:20:47.108+0000] {logging_mixin.py:188} INFO - [2026-02-03T19:20:47.107+0000] {dagbag.py:545} INFO - Filling up the DagBag from /opt/airflow/dags/minio-snowflake.py
[2026-02-03T19:20:47.871+0000] {processor.py:840} INFO - DAG(s) 'minio_to_snowflake' retrieved from /opt/airflow/dags/minio-snowflake.py
[2026-02-03T19:20:47.898+0000] {logging_mixin.py:188} INFO - [2026-02-03T19:20:47.897+0000] {dag.py:3089} INFO - Sync 1 DAGs
[2026-02-03T19:20:47.921+0000] {logging_mixin.py:188} INFO - [2026-02-03T19:20:47.920+0000] {dag.py:3947} INFO - Setting next_dagrun for minio_to_snowflake to 2026-02-03 19:20:00+00:00, run_after=2026-02-03 19:21:00+00:00
[2026-02-03T19:20:47.940+0000] {processor.py:183} INFO - Processing /opt/airflow/dags/minio-snowflake.py took 0.844 seconds
[2026-02-03T19:21:18.341+0000] {processor.py:161} INFO - Started process (PID=56135) to work on /opt/airflow/dags/minio-snowflake.py
[2026-02-03T19:21:18.344+0000] {processor.py:830} INFO - Processing file /opt/airflow/dags/minio-snowflake.py for tasks to queue
[2026-02-03T19:21:18.350+0000] {logging_mixin.py:188} INFO - [2026-02-03T19:21:18.349+0000] {dagbag.py:545} INFO - Filling up the DagBag from /opt/airflow/dags/minio-snowflake.py
[2026-02-03T19:21:19.443+0000] {processor.py:840} INFO - DAG(s) 'minio_to_snowflake' retrieved from /opt/airflow/dags/minio-snowflake.py
[2026-02-03T19:21:19.521+0000] {logging_mixin.py:188} INFO - [2026-02-03T19:21:19.520+0000] {dag.py:3089} INFO - Sync 1 DAGs
[2026-02-03T19:21:19.564+0000] {logging_mixin.py:188} INFO - [2026-02-03T19:21:19.564+0000] {dag.py:3947} INFO - Setting next_dagrun for minio_to_snowflake to 2026-02-03 19:21:00+00:00, run_after=2026-02-03 19:22:00+00:00
[2026-02-03T19:21:19.589+0000] {processor.py:183} INFO - Processing /opt/airflow/dags/minio-snowflake.py took 1.260 seconds
[2026-02-03T19:21:49.759+0000] {processor.py:161} INFO - Started process (PID=56359) to work on /opt/airflow/dags/minio-snowflake.py
[2026-02-03T19:21:49.762+0000] {processor.py:830} INFO - Processing file /opt/airflow/dags/minio-snowflake.py for tasks to queue
[2026-02-03T19:21:49.767+0000] {logging_mixin.py:188} INFO - [2026-02-03T19:21:49.767+0000] {dagbag.py:545} INFO - Filling up the DagBag from /opt/airflow/dags/minio-snowflake.py
[2026-02-03T19:21:50.782+0000] {processor.py:840} INFO - DAG(s) 'minio_to_snowflake' retrieved from /opt/airflow/dags/minio-snowflake.py
[2026-02-03T19:21:50.816+0000] {logging_mixin.py:188} INFO - [2026-02-03T19:21:50.816+0000] {dag.py:3089} INFO - Sync 1 DAGs
[2026-02-03T19:21:50.843+0000] {logging_mixin.py:188} INFO - [2026-02-03T19:21:50.843+0000] {dag.py:3947} INFO - Setting next_dagrun for minio_to_snowflake to 2026-02-03 19:21:00+00:00, run_after=2026-02-03 19:22:00+00:00
[2026-02-03T19:21:50.874+0000] {processor.py:183} INFO - Processing /opt/airflow/dags/minio-snowflake.py took 1.130 seconds
[2026-02-03T19:22:21.073+0000] {processor.py:161} INFO - Started process (PID=56947) to work on /opt/airflow/dags/minio-snowflake.py
[2026-02-03T19:22:21.076+0000] {processor.py:830} INFO - Processing file /opt/airflow/dags/minio-snowflake.py for tasks to queue
[2026-02-03T19:22:21.080+0000] {logging_mixin.py:188} INFO - [2026-02-03T19:22:21.080+0000] {dagbag.py:545} INFO - Filling up the DagBag from /opt/airflow/dags/minio-snowflake.py
[2026-02-03T19:22:22.069+0000] {processor.py:840} INFO - DAG(s) 'minio_to_snowflake' retrieved from /opt/airflow/dags/minio-snowflake.py
[2026-02-03T19:22:22.099+0000] {logging_mixin.py:188} INFO - [2026-02-03T19:22:22.098+0000] {dag.py:3089} INFO - Sync 1 DAGs
[2026-02-03T19:22:22.126+0000] {logging_mixin.py:188} INFO - [2026-02-03T19:22:22.126+0000] {dag.py:3947} INFO - Setting next_dagrun for minio_to_snowflake to 2026-02-03 19:22:00+00:00, run_after=2026-02-03 19:23:00+00:00
[2026-02-03T19:22:22.156+0000] {processor.py:183} INFO - Processing /opt/airflow/dags/minio-snowflake.py took 1.094 seconds
[2026-02-03T19:22:52.689+0000] {processor.py:161} INFO - Started process (PID=57155) to work on /opt/airflow/dags/minio-snowflake.py
[2026-02-03T19:22:52.690+0000] {processor.py:830} INFO - Processing file /opt/airflow/dags/minio-snowflake.py for tasks to queue
[2026-02-03T19:22:52.693+0000] {logging_mixin.py:188} INFO - [2026-02-03T19:22:52.693+0000] {dagbag.py:545} INFO - Filling up the DagBag from /opt/airflow/dags/minio-snowflake.py
[2026-02-03T19:22:53.636+0000] {processor.py:840} INFO - DAG(s) 'minio_to_snowflake' retrieved from /opt/airflow/dags/minio-snowflake.py
[2026-02-03T19:22:53.671+0000] {logging_mixin.py:188} INFO - [2026-02-03T19:22:53.670+0000] {dag.py:3089} INFO - Sync 1 DAGs
[2026-02-03T19:22:53.701+0000] {logging_mixin.py:188} INFO - [2026-02-03T19:22:53.700+0000] {dag.py:3947} INFO - Setting next_dagrun for minio_to_snowflake to 2026-02-03 19:22:00+00:00, run_after=2026-02-03 19:23:00+00:00
[2026-02-03T19:22:53.732+0000] {processor.py:183} INFO - Processing /opt/airflow/dags/minio-snowflake.py took 1.050 seconds
[2026-02-03T19:23:24.029+0000] {processor.py:161} INFO - Started process (PID=57760) to work on /opt/airflow/dags/minio-snowflake.py
[2026-02-03T19:23:24.033+0000] {processor.py:830} INFO - Processing file /opt/airflow/dags/minio-snowflake.py for tasks to queue
[2026-02-03T19:23:24.037+0000] {logging_mixin.py:188} INFO - [2026-02-03T19:23:24.037+0000] {dagbag.py:545} INFO - Filling up the DagBag from /opt/airflow/dags/minio-snowflake.py
[2026-02-03T19:23:25.012+0000] {processor.py:840} INFO - DAG(s) 'minio_to_snowflake' retrieved from /opt/airflow/dags/minio-snowflake.py
[2026-02-03T19:23:25.042+0000] {logging_mixin.py:188} INFO - [2026-02-03T19:23:25.041+0000] {dag.py:3089} INFO - Sync 1 DAGs
[2026-02-03T19:23:25.068+0000] {logging_mixin.py:188} INFO - [2026-02-03T19:23:25.068+0000] {dag.py:3947} INFO - Setting next_dagrun for minio_to_snowflake to 2026-02-03 19:23:00+00:00, run_after=2026-02-03 19:24:00+00:00
[2026-02-03T19:23:25.093+0000] {processor.py:183} INFO - Processing /opt/airflow/dags/minio-snowflake.py took 1.079 seconds
[2026-02-03T19:23:55.438+0000] {processor.py:161} INFO - Started process (PID=57951) to work on /opt/airflow/dags/minio-snowflake.py
[2026-02-03T19:23:55.441+0000] {processor.py:830} INFO - Processing file /opt/airflow/dags/minio-snowflake.py for tasks to queue
[2026-02-03T19:23:55.446+0000] {logging_mixin.py:188} INFO - [2026-02-03T19:23:55.445+0000] {dagbag.py:545} INFO - Filling up the DagBag from /opt/airflow/dags/minio-snowflake.py
[2026-02-03T19:23:56.448+0000] {processor.py:840} INFO - DAG(s) 'minio_to_snowflake' retrieved from /opt/airflow/dags/minio-snowflake.py
[2026-02-03T19:23:56.481+0000] {logging_mixin.py:188} INFO - [2026-02-03T19:23:56.480+0000] {dag.py:3089} INFO - Sync 1 DAGs
[2026-02-03T19:23:56.514+0000] {logging_mixin.py:188} INFO - [2026-02-03T19:23:56.514+0000] {dag.py:3947} INFO - Setting next_dagrun for minio_to_snowflake to 2026-02-03 19:23:00+00:00, run_after=2026-02-03 19:24:00+00:00
[2026-02-03T19:23:56.544+0000] {processor.py:183} INFO - Processing /opt/airflow/dags/minio-snowflake.py took 1.119 seconds
[2026-02-03T19:24:26.810+0000] {processor.py:161} INFO - Started process (PID=58587) to work on /opt/airflow/dags/minio-snowflake.py
[2026-02-03T19:24:26.813+0000] {processor.py:830} INFO - Processing file /opt/airflow/dags/minio-snowflake.py for tasks to queue
[2026-02-03T19:24:26.817+0000] {logging_mixin.py:188} INFO - [2026-02-03T19:24:26.816+0000] {dagbag.py:545} INFO - Filling up the DagBag from /opt/airflow/dags/minio-snowflake.py
[2026-02-03T19:24:27.781+0000] {processor.py:840} INFO - DAG(s) 'minio_to_snowflake' retrieved from /opt/airflow/dags/minio-snowflake.py
[2026-02-03T19:24:27.817+0000] {logging_mixin.py:188} INFO - [2026-02-03T19:24:27.815+0000] {dag.py:3089} INFO - Sync 1 DAGs
[2026-02-03T19:24:27.845+0000] {logging_mixin.py:188} INFO - [2026-02-03T19:24:27.845+0000] {dag.py:3947} INFO - Setting next_dagrun for minio_to_snowflake to 2026-02-03 19:24:00+00:00, run_after=2026-02-03 19:25:00+00:00
[2026-02-03T19:24:27.870+0000] {processor.py:183} INFO - Processing /opt/airflow/dags/minio-snowflake.py took 1.070 seconds
[2026-02-03T19:24:58.219+0000] {processor.py:161} INFO - Started process (PID=58747) to work on /opt/airflow/dags/minio-snowflake.py
[2026-02-03T19:24:58.221+0000] {processor.py:830} INFO - Processing file /opt/airflow/dags/minio-snowflake.py for tasks to queue
[2026-02-03T19:24:58.224+0000] {logging_mixin.py:188} INFO - [2026-02-03T19:24:58.223+0000] {dagbag.py:545} INFO - Filling up the DagBag from /opt/airflow/dags/minio-snowflake.py
[2026-02-03T19:24:59.010+0000] {processor.py:840} INFO - DAG(s) 'minio_to_snowflake' retrieved from /opt/airflow/dags/minio-snowflake.py
[2026-02-03T19:24:59.036+0000] {logging_mixin.py:188} INFO - [2026-02-03T19:24:59.035+0000] {dag.py:3089} INFO - Sync 1 DAGs
[2026-02-03T19:24:59.058+0000] {logging_mixin.py:188} INFO - [2026-02-03T19:24:59.058+0000] {dag.py:3947} INFO - Setting next_dagrun for minio_to_snowflake to 2026-02-03 19:24:00+00:00, run_after=2026-02-03 19:25:00+00:00
[2026-02-03T19:24:59.083+0000] {processor.py:183} INFO - Processing /opt/airflow/dags/minio-snowflake.py took 0.871 seconds
[2026-02-03T19:25:29.455+0000] {processor.py:161} INFO - Started process (PID=59419) to work on /opt/airflow/dags/minio-snowflake.py
[2026-02-03T19:25:29.457+0000] {processor.py:830} INFO - Processing file /opt/airflow/dags/minio-snowflake.py for tasks to queue
[2026-02-03T19:25:29.461+0000] {logging_mixin.py:188} INFO - [2026-02-03T19:25:29.461+0000] {dagbag.py:545} INFO - Filling up the DagBag from /opt/airflow/dags/minio-snowflake.py
[2026-02-03T19:25:30.227+0000] {processor.py:840} INFO - DAG(s) 'minio_to_snowflake' retrieved from /opt/airflow/dags/minio-snowflake.py
[2026-02-03T19:25:30.251+0000] {logging_mixin.py:188} INFO - [2026-02-03T19:25:30.250+0000] {dag.py:3089} INFO - Sync 1 DAGs
[2026-02-03T19:25:30.272+0000] {logging_mixin.py:188} INFO - [2026-02-03T19:25:30.272+0000] {dag.py:3947} INFO - Setting next_dagrun for minio_to_snowflake to 2026-02-03 19:25:00+00:00, run_after=2026-02-03 19:26:00+00:00
[2026-02-03T19:25:30.296+0000] {processor.py:183} INFO - Processing /opt/airflow/dags/minio-snowflake.py took 0.854 seconds
[2026-02-03T19:26:00.654+0000] {processor.py:161} INFO - Started process (PID=59543) to work on /opt/airflow/dags/minio-snowflake.py
[2026-02-03T19:26:00.655+0000] {processor.py:830} INFO - Processing file /opt/airflow/dags/minio-snowflake.py for tasks to queue
[2026-02-03T19:26:00.658+0000] {logging_mixin.py:188} INFO - [2026-02-03T19:26:00.657+0000] {dagbag.py:545} INFO - Filling up the DagBag from /opt/airflow/dags/minio-snowflake.py
[2026-02-03T19:26:01.432+0000] {processor.py:840} INFO - DAG(s) 'minio_to_snowflake' retrieved from /opt/airflow/dags/minio-snowflake.py
[2026-02-03T19:26:01.460+0000] {logging_mixin.py:188} INFO - [2026-02-03T19:26:01.459+0000] {dag.py:3089} INFO - Sync 1 DAGs
[2026-02-03T19:26:01.485+0000] {logging_mixin.py:188} INFO - [2026-02-03T19:26:01.485+0000] {dag.py:3947} INFO - Setting next_dagrun for minio_to_snowflake to 2026-02-03 19:26:00+00:00, run_after=2026-02-03 19:27:00+00:00
[2026-02-03T19:26:01.513+0000] {processor.py:183} INFO - Processing /opt/airflow/dags/minio-snowflake.py took 0.865 seconds
[2026-02-03T19:26:31.913+0000] {processor.py:161} INFO - Started process (PID=60232) to work on /opt/airflow/dags/minio-snowflake.py
[2026-02-03T19:26:31.915+0000] {processor.py:830} INFO - Processing file /opt/airflow/dags/minio-snowflake.py for tasks to queue
[2026-02-03T19:26:31.920+0000] {logging_mixin.py:188} INFO - [2026-02-03T19:26:31.920+0000] {dagbag.py:545} INFO - Filling up the DagBag from /opt/airflow/dags/minio-snowflake.py
[2026-02-03T19:26:32.975+0000] {processor.py:840} INFO - DAG(s) 'minio_to_snowflake' retrieved from /opt/airflow/dags/minio-snowflake.py
[2026-02-03T19:26:33.006+0000] {logging_mixin.py:188} INFO - [2026-02-03T19:26:33.005+0000] {dag.py:3089} INFO - Sync 1 DAGs
[2026-02-03T19:26:33.036+0000] {logging_mixin.py:188} INFO - [2026-02-03T19:26:33.036+0000] {dag.py:3947} INFO - Setting next_dagrun for minio_to_snowflake to 2026-02-03 19:26:00+00:00, run_after=2026-02-03 19:27:00+00:00
[2026-02-03T19:26:33.060+0000] {processor.py:183} INFO - Processing /opt/airflow/dags/minio-snowflake.py took 1.166 seconds
[2026-02-03T19:27:03.237+0000] {processor.py:161} INFO - Started process (PID=60360) to work on /opt/airflow/dags/minio-snowflake.py
[2026-02-03T19:27:03.239+0000] {processor.py:830} INFO - Processing file /opt/airflow/dags/minio-snowflake.py for tasks to queue
[2026-02-03T19:27:03.241+0000] {logging_mixin.py:188} INFO - [2026-02-03T19:27:03.241+0000] {dagbag.py:545} INFO - Filling up the DagBag from /opt/airflow/dags/minio-snowflake.py
[2026-02-03T19:27:03.998+0000] {processor.py:840} INFO - DAG(s) 'minio_to_snowflake' retrieved from /opt/airflow/dags/minio-snowflake.py
[2026-02-03T19:27:04.022+0000] {logging_mixin.py:188} INFO - [2026-02-03T19:27:04.021+0000] {dag.py:3089} INFO - Sync 1 DAGs
[2026-02-03T19:27:04.044+0000] {logging_mixin.py:188} INFO - [2026-02-03T19:27:04.044+0000] {dag.py:3947} INFO - Setting next_dagrun for minio_to_snowflake to 2026-02-03 19:27:00+00:00, run_after=2026-02-03 19:28:00+00:00
[2026-02-03T19:27:04.066+0000] {processor.py:183} INFO - Processing /opt/airflow/dags/minio-snowflake.py took 0.836 seconds
[2026-02-03T19:27:34.431+0000] {processor.py:161} INFO - Started process (PID=61064) to work on /opt/airflow/dags/minio-snowflake.py
[2026-02-03T19:27:34.434+0000] {processor.py:830} INFO - Processing file /opt/airflow/dags/minio-snowflake.py for tasks to queue
[2026-02-03T19:27:34.438+0000] {logging_mixin.py:188} INFO - [2026-02-03T19:27:34.437+0000] {dagbag.py:545} INFO - Filling up the DagBag from /opt/airflow/dags/minio-snowflake.py
[2026-02-03T19:27:35.486+0000] {processor.py:840} INFO - DAG(s) 'minio_to_snowflake' retrieved from /opt/airflow/dags/minio-snowflake.py
[2026-02-03T19:27:35.519+0000] {logging_mixin.py:188} INFO - [2026-02-03T19:27:35.519+0000] {dag.py:3089} INFO - Sync 1 DAGs
[2026-02-03T19:27:35.552+0000] {logging_mixin.py:188} INFO - [2026-02-03T19:27:35.551+0000] {dag.py:3947} INFO - Setting next_dagrun for minio_to_snowflake to 2026-02-03 19:27:00+00:00, run_after=2026-02-03 19:28:00+00:00
[2026-02-03T19:27:35.578+0000] {processor.py:183} INFO - Processing /opt/airflow/dags/minio-snowflake.py took 1.160 seconds
[2026-02-03T19:28:05.975+0000] {processor.py:161} INFO - Started process (PID=61461) to work on /opt/airflow/dags/minio-snowflake.py
[2026-02-03T19:28:05.977+0000] {processor.py:830} INFO - Processing file /opt/airflow/dags/minio-snowflake.py for tasks to queue
[2026-02-03T19:28:05.979+0000] {logging_mixin.py:188} INFO - [2026-02-03T19:28:05.978+0000] {dagbag.py:545} INFO - Filling up the DagBag from /opt/airflow/dags/minio-snowflake.py
[2026-02-03T19:28:06.804+0000] {processor.py:840} INFO - DAG(s) 'minio_to_snowflake' retrieved from /opt/airflow/dags/minio-snowflake.py
[2026-02-03T19:28:06.833+0000] {logging_mixin.py:188} INFO - [2026-02-03T19:28:06.832+0000] {dag.py:3089} INFO - Sync 1 DAGs
[2026-02-03T19:28:06.858+0000] {logging_mixin.py:188} INFO - [2026-02-03T19:28:06.858+0000] {dag.py:3947} INFO - Setting next_dagrun for minio_to_snowflake to 2026-02-03 19:28:00+00:00, run_after=2026-02-03 19:29:00+00:00
[2026-02-03T19:28:06.881+0000] {processor.py:183} INFO - Processing /opt/airflow/dags/minio-snowflake.py took 0.911 seconds
[2026-02-03T19:28:37.226+0000] {processor.py:161} INFO - Started process (PID=61874) to work on /opt/airflow/dags/minio-snowflake.py
[2026-02-03T19:28:37.229+0000] {processor.py:830} INFO - Processing file /opt/airflow/dags/minio-snowflake.py for tasks to queue
[2026-02-03T19:28:37.232+0000] {logging_mixin.py:188} INFO - [2026-02-03T19:28:37.231+0000] {dagbag.py:545} INFO - Filling up the DagBag from /opt/airflow/dags/minio-snowflake.py
[2026-02-03T19:28:38.272+0000] {processor.py:840} INFO - DAG(s) 'minio_to_snowflake' retrieved from /opt/airflow/dags/minio-snowflake.py
[2026-02-03T19:28:38.317+0000] {logging_mixin.py:188} INFO - [2026-02-03T19:28:38.316+0000] {dag.py:3089} INFO - Sync 1 DAGs
[2026-02-03T19:28:38.352+0000] {logging_mixin.py:188} INFO - [2026-02-03T19:28:38.352+0000] {dag.py:3947} INFO - Setting next_dagrun for minio_to_snowflake to 2026-02-03 19:28:00+00:00, run_after=2026-02-03 19:29:00+00:00
[2026-02-03T19:28:38.379+0000] {processor.py:183} INFO - Processing /opt/airflow/dags/minio-snowflake.py took 1.160 seconds
[2026-02-03T19:29:08.566+0000] {processor.py:161} INFO - Started process (PID=62450) to work on /opt/airflow/dags/minio-snowflake.py
[2026-02-03T19:29:08.569+0000] {processor.py:830} INFO - Processing file /opt/airflow/dags/minio-snowflake.py for tasks to queue
[2026-02-03T19:29:08.574+0000] {logging_mixin.py:188} INFO - [2026-02-03T19:29:08.573+0000] {dagbag.py:545} INFO - Filling up the DagBag from /opt/airflow/dags/minio-snowflake.py
[2026-02-03T19:29:09.542+0000] {processor.py:840} INFO - DAG(s) 'minio_to_snowflake' retrieved from /opt/airflow/dags/minio-snowflake.py
[2026-02-03T19:29:09.568+0000] {logging_mixin.py:188} INFO - [2026-02-03T19:29:09.568+0000] {dag.py:3089} INFO - Sync 1 DAGs
[2026-02-03T19:29:09.593+0000] {logging_mixin.py:188} INFO - [2026-02-03T19:29:09.593+0000] {dag.py:3947} INFO - Setting next_dagrun for minio_to_snowflake to 2026-02-03 19:29:00+00:00, run_after=2026-02-03 19:30:00+00:00
[2026-02-03T19:29:09.616+0000] {processor.py:183} INFO - Processing /opt/airflow/dags/minio-snowflake.py took 1.061 seconds
[2026-02-03T19:29:39.948+0000] {processor.py:161} INFO - Started process (PID=62663) to work on /opt/airflow/dags/minio-snowflake.py
[2026-02-03T19:29:39.950+0000] {processor.py:830} INFO - Processing file /opt/airflow/dags/minio-snowflake.py for tasks to queue
[2026-02-03T19:29:39.954+0000] {logging_mixin.py:188} INFO - [2026-02-03T19:29:39.953+0000] {dagbag.py:545} INFO - Filling up the DagBag from /opt/airflow/dags/minio-snowflake.py
[2026-02-03T19:29:41.083+0000] {processor.py:840} INFO - DAG(s) 'minio_to_snowflake' retrieved from /opt/airflow/dags/minio-snowflake.py
[2026-02-03T19:29:41.117+0000] {logging_mixin.py:188} INFO - [2026-02-03T19:29:41.116+0000] {dag.py:3089} INFO - Sync 1 DAGs
[2026-02-03T19:29:41.153+0000] {logging_mixin.py:188} INFO - [2026-02-03T19:29:41.153+0000] {dag.py:3947} INFO - Setting next_dagrun for minio_to_snowflake to 2026-02-03 19:29:00+00:00, run_after=2026-02-03 19:30:00+00:00
[2026-02-03T19:29:41.187+0000] {processor.py:183} INFO - Processing /opt/airflow/dags/minio-snowflake.py took 1.265 seconds
[2026-02-03T19:30:11.506+0000] {processor.py:161} INFO - Started process (PID=63247) to work on /opt/airflow/dags/minio-snowflake.py
[2026-02-03T19:30:11.508+0000] {processor.py:830} INFO - Processing file /opt/airflow/dags/minio-snowflake.py for tasks to queue
[2026-02-03T19:30:11.514+0000] {logging_mixin.py:188} INFO - [2026-02-03T19:30:11.513+0000] {dagbag.py:545} INFO - Filling up the DagBag from /opt/airflow/dags/minio-snowflake.py
[2026-02-03T19:30:12.810+0000] {processor.py:840} INFO - DAG(s) 'minio_to_snowflake' retrieved from /opt/airflow/dags/minio-snowflake.py
[2026-02-03T19:30:12.854+0000] {logging_mixin.py:188} INFO - [2026-02-03T19:30:12.852+0000] {dag.py:3089} INFO - Sync 1 DAGs
[2026-02-03T19:30:12.888+0000] {logging_mixin.py:188} INFO - [2026-02-03T19:30:12.887+0000] {dag.py:3947} INFO - Setting next_dagrun for minio_to_snowflake to 2026-02-03 19:30:00+00:00, run_after=2026-02-03 19:31:00+00:00
[2026-02-03T19:30:12.918+0000] {processor.py:183} INFO - Processing /opt/airflow/dags/minio-snowflake.py took 1.428 seconds
[2026-02-03T19:30:43.228+0000] {processor.py:161} INFO - Started process (PID=63487) to work on /opt/airflow/dags/minio-snowflake.py
[2026-02-03T19:30:43.230+0000] {processor.py:830} INFO - Processing file /opt/airflow/dags/minio-snowflake.py for tasks to queue
[2026-02-03T19:30:43.233+0000] {logging_mixin.py:188} INFO - [2026-02-03T19:30:43.233+0000] {dagbag.py:545} INFO - Filling up the DagBag from /opt/airflow/dags/minio-snowflake.py
[2026-02-03T19:30:44.147+0000] {processor.py:840} INFO - DAG(s) 'minio_to_snowflake' retrieved from /opt/airflow/dags/minio-snowflake.py
[2026-02-03T19:30:44.179+0000] {logging_mixin.py:188} INFO - [2026-02-03T19:30:44.179+0000] {dag.py:3089} INFO - Sync 1 DAGs
[2026-02-03T19:30:44.211+0000] {logging_mixin.py:188} INFO - [2026-02-03T19:30:44.211+0000] {dag.py:3947} INFO - Setting next_dagrun for minio_to_snowflake to 2026-02-03 19:30:00+00:00, run_after=2026-02-03 19:31:00+00:00
[2026-02-03T19:30:44.238+0000] {processor.py:183} INFO - Processing /opt/airflow/dags/minio-snowflake.py took 1.017 seconds
[2026-02-03T19:31:14.489+0000] {processor.py:161} INFO - Started process (PID=64078) to work on /opt/airflow/dags/minio-snowflake.py
[2026-02-03T19:31:14.491+0000] {processor.py:830} INFO - Processing file /opt/airflow/dags/minio-snowflake.py for tasks to queue
[2026-02-03T19:31:14.493+0000] {logging_mixin.py:188} INFO - [2026-02-03T19:31:14.493+0000] {dagbag.py:545} INFO - Filling up the DagBag from /opt/airflow/dags/minio-snowflake.py
[2026-02-03T19:31:15.334+0000] {processor.py:840} INFO - DAG(s) 'minio_to_snowflake' retrieved from /opt/airflow/dags/minio-snowflake.py
[2026-02-03T19:31:15.360+0000] {logging_mixin.py:188} INFO - [2026-02-03T19:31:15.359+0000] {dag.py:3089} INFO - Sync 1 DAGs
[2026-02-03T19:31:15.382+0000] {logging_mixin.py:188} INFO - [2026-02-03T19:31:15.382+0000] {dag.py:3947} INFO - Setting next_dagrun for minio_to_snowflake to 2026-02-03 19:31:00+00:00, run_after=2026-02-03 19:32:00+00:00
[2026-02-03T19:31:15.404+0000] {processor.py:183} INFO - Processing /opt/airflow/dags/minio-snowflake.py took 0.922 seconds
[2026-02-03T19:31:45.772+0000] {processor.py:161} INFO - Started process (PID=64316) to work on /opt/airflow/dags/minio-snowflake.py
[2026-02-03T19:31:45.774+0000] {processor.py:830} INFO - Processing file /opt/airflow/dags/minio-snowflake.py for tasks to queue
[2026-02-03T19:31:45.778+0000] {logging_mixin.py:188} INFO - [2026-02-03T19:31:45.777+0000] {dagbag.py:545} INFO - Filling up the DagBag from /opt/airflow/dags/minio-snowflake.py
[2026-02-03T19:31:46.626+0000] {processor.py:840} INFO - DAG(s) 'minio_to_snowflake' retrieved from /opt/airflow/dags/minio-snowflake.py
[2026-02-03T19:31:46.650+0000] {logging_mixin.py:188} INFO - [2026-02-03T19:31:46.649+0000] {dag.py:3089} INFO - Sync 1 DAGs
[2026-02-03T19:31:46.675+0000] {logging_mixin.py:188} INFO - [2026-02-03T19:31:46.674+0000] {dag.py:3947} INFO - Setting next_dagrun for minio_to_snowflake to 2026-02-03 19:31:00+00:00, run_after=2026-02-03 19:32:00+00:00
[2026-02-03T19:31:46.700+0000] {processor.py:183} INFO - Processing /opt/airflow/dags/minio-snowflake.py took 0.941 seconds
[2026-02-03T19:32:17.063+0000] {processor.py:161} INFO - Started process (PID=64874) to work on /opt/airflow/dags/minio-snowflake.py
[2026-02-03T19:32:17.065+0000] {processor.py:830} INFO - Processing file /opt/airflow/dags/minio-snowflake.py for tasks to queue
[2026-02-03T19:32:17.068+0000] {logging_mixin.py:188} INFO - [2026-02-03T19:32:17.067+0000] {dagbag.py:545} INFO - Filling up the DagBag from /opt/airflow/dags/minio-snowflake.py
[2026-02-03T19:32:17.984+0000] {processor.py:840} INFO - DAG(s) 'minio_to_snowflake' retrieved from /opt/airflow/dags/minio-snowflake.py
[2026-02-03T19:32:18.013+0000] {logging_mixin.py:188} INFO - [2026-02-03T19:32:18.012+0000] {dag.py:3089} INFO - Sync 1 DAGs
[2026-02-03T19:32:18.037+0000] {logging_mixin.py:188} INFO - [2026-02-03T19:32:18.037+0000] {dag.py:3947} INFO - Setting next_dagrun for minio_to_snowflake to 2026-02-03 19:32:00+00:00, run_after=2026-02-03 19:33:00+00:00
[2026-02-03T19:32:18.056+0000] {processor.py:183} INFO - Processing /opt/airflow/dags/minio-snowflake.py took 1.006 seconds
[2026-02-03T19:32:48.508+0000] {processor.py:161} INFO - Started process (PID=65112) to work on /opt/airflow/dags/minio-snowflake.py
[2026-02-03T19:32:48.511+0000] {processor.py:830} INFO - Processing file /opt/airflow/dags/minio-snowflake.py for tasks to queue
[2026-02-03T19:32:48.515+0000] {logging_mixin.py:188} INFO - [2026-02-03T19:32:48.514+0000] {dagbag.py:545} INFO - Filling up the DagBag from /opt/airflow/dags/minio-snowflake.py
[2026-02-03T19:32:49.302+0000] {processor.py:840} INFO - DAG(s) 'minio_to_snowflake' retrieved from /opt/airflow/dags/minio-snowflake.py
[2026-02-03T19:32:49.328+0000] {logging_mixin.py:188} INFO - [2026-02-03T19:32:49.326+0000] {dag.py:3089} INFO - Sync 1 DAGs
[2026-02-03T19:32:49.349+0000] {logging_mixin.py:188} INFO - [2026-02-03T19:32:49.349+0000] {dag.py:3947} INFO - Setting next_dagrun for minio_to_snowflake to 2026-02-03 19:32:00+00:00, run_after=2026-02-03 19:33:00+00:00
[2026-02-03T19:32:49.373+0000] {processor.py:183} INFO - Processing /opt/airflow/dags/minio-snowflake.py took 0.872 seconds
[2026-02-03T19:33:19.723+0000] {processor.py:161} INFO - Started process (PID=65713) to work on /opt/airflow/dags/minio-snowflake.py
[2026-02-03T19:33:19.725+0000] {processor.py:830} INFO - Processing file /opt/airflow/dags/minio-snowflake.py for tasks to queue
[2026-02-03T19:33:19.728+0000] {logging_mixin.py:188} INFO - [2026-02-03T19:33:19.727+0000] {dagbag.py:545} INFO - Filling up the DagBag from /opt/airflow/dags/minio-snowflake.py
[2026-02-03T19:33:20.537+0000] {processor.py:840} INFO - DAG(s) 'minio_to_snowflake' retrieved from /opt/airflow/dags/minio-snowflake.py
[2026-02-03T19:33:20.564+0000] {logging_mixin.py:188} INFO - [2026-02-03T19:33:20.564+0000] {dag.py:3089} INFO - Sync 1 DAGs
[2026-02-03T19:33:20.587+0000] {logging_mixin.py:188} INFO - [2026-02-03T19:33:20.587+0000] {dag.py:3947} INFO - Setting next_dagrun for minio_to_snowflake to 2026-02-03 19:33:00+00:00, run_after=2026-02-03 19:34:00+00:00
[2026-02-03T19:33:20.612+0000] {processor.py:183} INFO - Processing /opt/airflow/dags/minio-snowflake.py took 0.898 seconds
[2026-02-03T19:33:51.041+0000] {processor.py:161} INFO - Started process (PID=65908) to work on /opt/airflow/dags/minio-snowflake.py
[2026-02-03T19:33:51.043+0000] {processor.py:830} INFO - Processing file /opt/airflow/dags/minio-snowflake.py for tasks to queue
[2026-02-03T19:33:51.047+0000] {logging_mixin.py:188} INFO - [2026-02-03T19:33:51.046+0000] {dagbag.py:545} INFO - Filling up the DagBag from /opt/airflow/dags/minio-snowflake.py
[2026-02-03T19:33:51.837+0000] {processor.py:840} INFO - DAG(s) 'minio_to_snowflake' retrieved from /opt/airflow/dags/minio-snowflake.py
[2026-02-03T19:33:51.860+0000] {logging_mixin.py:188} INFO - [2026-02-03T19:33:51.860+0000] {dag.py:3089} INFO - Sync 1 DAGs
[2026-02-03T19:33:51.883+0000] {logging_mixin.py:188} INFO - [2026-02-03T19:33:51.883+0000] {dag.py:3947} INFO - Setting next_dagrun for minio_to_snowflake to 2026-02-03 19:33:00+00:00, run_after=2026-02-03 19:34:00+00:00
[2026-02-03T19:33:51.907+0000] {processor.py:183} INFO - Processing /opt/airflow/dags/minio-snowflake.py took 0.878 seconds
[2026-02-03T19:34:22.278+0000] {processor.py:161} INFO - Started process (PID=66507) to work on /opt/airflow/dags/minio-snowflake.py
[2026-02-03T19:34:22.280+0000] {processor.py:830} INFO - Processing file /opt/airflow/dags/minio-snowflake.py for tasks to queue
[2026-02-03T19:34:22.284+0000] {logging_mixin.py:188} INFO - [2026-02-03T19:34:22.283+0000] {dagbag.py:545} INFO - Filling up the DagBag from /opt/airflow/dags/minio-snowflake.py
[2026-02-03T19:34:23.142+0000] {processor.py:840} INFO - DAG(s) 'minio_to_snowflake' retrieved from /opt/airflow/dags/minio-snowflake.py
[2026-02-03T19:34:23.168+0000] {logging_mixin.py:188} INFO - [2026-02-03T19:34:23.168+0000] {dag.py:3089} INFO - Sync 1 DAGs
[2026-02-03T19:34:23.191+0000] {logging_mixin.py:188} INFO - [2026-02-03T19:34:23.191+0000] {dag.py:3947} INFO - Setting next_dagrun for minio_to_snowflake to 2026-02-03 19:34:00+00:00, run_after=2026-02-03 19:35:00+00:00
[2026-02-03T19:34:23.212+0000] {processor.py:183} INFO - Processing /opt/airflow/dags/minio-snowflake.py took 0.949 seconds
[2026-02-03T19:34:53.570+0000] {processor.py:161} INFO - Started process (PID=66704) to work on /opt/airflow/dags/minio-snowflake.py
[2026-02-03T19:34:53.573+0000] {processor.py:830} INFO - Processing file /opt/airflow/dags/minio-snowflake.py for tasks to queue
[2026-02-03T19:34:53.577+0000] {logging_mixin.py:188} INFO - [2026-02-03T19:34:53.577+0000] {dagbag.py:545} INFO - Filling up the DagBag from /opt/airflow/dags/minio-snowflake.py
[2026-02-03T19:34:54.324+0000] {processor.py:840} INFO - DAG(s) 'minio_to_snowflake' retrieved from /opt/airflow/dags/minio-snowflake.py
[2026-02-03T19:34:54.348+0000] {logging_mixin.py:188} INFO - [2026-02-03T19:34:54.347+0000] {dag.py:3089} INFO - Sync 1 DAGs
[2026-02-03T19:34:54.370+0000] {logging_mixin.py:188} INFO - [2026-02-03T19:34:54.370+0000] {dag.py:3947} INFO - Setting next_dagrun for minio_to_snowflake to 2026-02-03 19:34:00+00:00, run_after=2026-02-03 19:35:00+00:00
[2026-02-03T19:34:54.391+0000] {processor.py:183} INFO - Processing /opt/airflow/dags/minio-snowflake.py took 0.834 seconds
[2026-02-03T19:35:24.694+0000] {processor.py:161} INFO - Started process (PID=67347) to work on /opt/airflow/dags/minio-snowflake.py
[2026-02-03T19:35:24.697+0000] {processor.py:830} INFO - Processing file /opt/airflow/dags/minio-snowflake.py for tasks to queue
[2026-02-03T19:35:24.701+0000] {logging_mixin.py:188} INFO - [2026-02-03T19:35:24.700+0000] {dagbag.py:545} INFO - Filling up the DagBag from /opt/airflow/dags/minio-snowflake.py
[2026-02-03T19:35:25.704+0000] {processor.py:840} INFO - DAG(s) 'minio_to_snowflake' retrieved from /opt/airflow/dags/minio-snowflake.py
[2026-02-03T19:35:25.733+0000] {logging_mixin.py:188} INFO - [2026-02-03T19:35:25.732+0000] {dag.py:3089} INFO - Sync 1 DAGs
[2026-02-03T19:35:25.762+0000] {logging_mixin.py:188} INFO - [2026-02-03T19:35:25.762+0000] {dag.py:3947} INFO - Setting next_dagrun for minio_to_snowflake to 2026-02-03 19:35:00+00:00, run_after=2026-02-03 19:36:00+00:00
[2026-02-03T19:35:25.783+0000] {processor.py:183} INFO - Processing /opt/airflow/dags/minio-snowflake.py took 1.102 seconds
[2026-02-03T19:35:56.098+0000] {processor.py:161} INFO - Started process (PID=67500) to work on /opt/airflow/dags/minio-snowflake.py
[2026-02-03T19:35:56.100+0000] {processor.py:830} INFO - Processing file /opt/airflow/dags/minio-snowflake.py for tasks to queue
[2026-02-03T19:35:56.103+0000] {logging_mixin.py:188} INFO - [2026-02-03T19:35:56.103+0000] {dagbag.py:545} INFO - Filling up the DagBag from /opt/airflow/dags/minio-snowflake.py
[2026-02-03T19:35:57.045+0000] {processor.py:840} INFO - DAG(s) 'minio_to_snowflake' retrieved from /opt/airflow/dags/minio-snowflake.py
[2026-02-03T19:35:57.080+0000] {logging_mixin.py:188} INFO - [2026-02-03T19:35:57.079+0000] {dag.py:3089} INFO - Sync 1 DAGs
[2026-02-03T19:35:57.110+0000] {logging_mixin.py:188} INFO - [2026-02-03T19:35:57.109+0000] {dag.py:3947} INFO - Setting next_dagrun for minio_to_snowflake to 2026-02-03 19:35:00+00:00, run_after=2026-02-03 19:36:00+00:00
[2026-02-03T19:35:57.146+0000] {processor.py:183} INFO - Processing /opt/airflow/dags/minio-snowflake.py took 1.058 seconds
[2026-02-03T19:36:27.435+0000] {processor.py:161} INFO - Started process (PID=68149) to work on /opt/airflow/dags/minio-snowflake.py
[2026-02-03T19:36:27.437+0000] {processor.py:830} INFO - Processing file /opt/airflow/dags/minio-snowflake.py for tasks to queue
[2026-02-03T19:36:27.439+0000] {logging_mixin.py:188} INFO - [2026-02-03T19:36:27.439+0000] {dagbag.py:545} INFO - Filling up the DagBag from /opt/airflow/dags/minio-snowflake.py
[2026-02-03T19:36:29.118+0000] {processor.py:840} INFO - DAG(s) 'minio_to_snowflake' retrieved from /opt/airflow/dags/minio-snowflake.py
[2026-02-03T19:36:29.373+0000] {logging_mixin.py:188} INFO - [2026-02-03T19:36:29.368+0000] {dag.py:3089} INFO - Sync 1 DAGs
[2026-02-03T19:36:29.686+0000] {logging_mixin.py:188} INFO - [2026-02-03T19:36:29.685+0000] {dag.py:3947} INFO - Setting next_dagrun for minio_to_snowflake to 2026-02-03 19:36:00+00:00, run_after=2026-02-03 19:37:00+00:00
[2026-02-03T19:36:29.896+0000] {processor.py:183} INFO - Processing /opt/airflow/dags/minio-snowflake.py took 2.470 seconds
[2026-02-03T19:37:00.226+0000] {processor.py:161} INFO - Started process (PID=68296) to work on /opt/airflow/dags/minio-snowflake.py
[2026-02-03T19:37:00.229+0000] {processor.py:830} INFO - Processing file /opt/airflow/dags/minio-snowflake.py for tasks to queue
[2026-02-03T19:37:00.234+0000] {logging_mixin.py:188} INFO - [2026-02-03T19:37:00.233+0000] {dagbag.py:545} INFO - Filling up the DagBag from /opt/airflow/dags/minio-snowflake.py
[2026-02-03T19:37:01.479+0000] {processor.py:840} INFO - DAG(s) 'minio_to_snowflake' retrieved from /opt/airflow/dags/minio-snowflake.py
[2026-02-03T19:37:01.517+0000] {logging_mixin.py:188} INFO - [2026-02-03T19:37:01.516+0000] {dag.py:3089} INFO - Sync 1 DAGs
[2026-02-03T19:37:01.553+0000] {logging_mixin.py:188} INFO - [2026-02-03T19:37:01.552+0000] {dag.py:3947} INFO - Setting next_dagrun for minio_to_snowflake to 2026-02-03 19:37:00+00:00, run_after=2026-02-03 19:38:00+00:00
[2026-02-03T19:37:01.584+0000] {processor.py:183} INFO - Processing /opt/airflow/dags/minio-snowflake.py took 1.369 seconds
[2026-02-03T19:37:32.068+0000] {processor.py:161} INFO - Started process (PID=68942) to work on /opt/airflow/dags/minio-snowflake.py
[2026-02-03T19:37:32.070+0000] {processor.py:830} INFO - Processing file /opt/airflow/dags/minio-snowflake.py for tasks to queue
[2026-02-03T19:37:32.074+0000] {logging_mixin.py:188} INFO - [2026-02-03T19:37:32.073+0000] {dagbag.py:545} INFO - Filling up the DagBag from /opt/airflow/dags/minio-snowflake.py
[2026-02-03T19:37:33.345+0000] {processor.py:840} INFO - DAG(s) 'minio_to_snowflake' retrieved from /opt/airflow/dags/minio-snowflake.py
[2026-02-03T19:37:33.399+0000] {logging_mixin.py:188} INFO - [2026-02-03T19:37:33.399+0000] {dag.py:3089} INFO - Sync 1 DAGs
[2026-02-03T19:37:33.452+0000] {logging_mixin.py:188} INFO - [2026-02-03T19:37:33.452+0000] {dag.py:3947} INFO - Setting next_dagrun for minio_to_snowflake to 2026-02-03 19:37:00+00:00, run_after=2026-02-03 19:38:00+00:00
[2026-02-03T19:37:33.486+0000] {processor.py:183} INFO - Processing /opt/airflow/dags/minio-snowflake.py took 1.429 seconds
[2026-02-03T19:38:04.001+0000] {processor.py:161} INFO - Started process (PID=69093) to work on /opt/airflow/dags/minio-snowflake.py
[2026-02-03T19:38:04.004+0000] {processor.py:830} INFO - Processing file /opt/airflow/dags/minio-snowflake.py for tasks to queue
[2026-02-03T19:38:04.008+0000] {logging_mixin.py:188} INFO - [2026-02-03T19:38:04.008+0000] {dagbag.py:545} INFO - Filling up the DagBag from /opt/airflow/dags/minio-snowflake.py
[2026-02-03T19:38:05.371+0000] {processor.py:840} INFO - DAG(s) 'minio_to_snowflake' retrieved from /opt/airflow/dags/minio-snowflake.py
[2026-02-03T19:38:05.409+0000] {logging_mixin.py:188} INFO - [2026-02-03T19:38:05.408+0000] {dag.py:3089} INFO - Sync 1 DAGs
[2026-02-03T19:38:05.446+0000] {logging_mixin.py:188} INFO - [2026-02-03T19:38:05.446+0000] {dag.py:3947} INFO - Setting next_dagrun for minio_to_snowflake to 2026-02-03 19:38:00+00:00, run_after=2026-02-03 19:39:00+00:00
[2026-02-03T19:38:05.481+0000] {processor.py:183} INFO - Processing /opt/airflow/dags/minio-snowflake.py took 1.492 seconds
[2026-02-03T19:38:35.834+0000] {processor.py:161} INFO - Started process (PID=69763) to work on /opt/airflow/dags/minio-snowflake.py
[2026-02-03T19:38:35.837+0000] {processor.py:830} INFO - Processing file /opt/airflow/dags/minio-snowflake.py for tasks to queue
[2026-02-03T19:38:35.843+0000] {logging_mixin.py:188} INFO - [2026-02-03T19:38:35.841+0000] {dagbag.py:545} INFO - Filling up the DagBag from /opt/airflow/dags/minio-snowflake.py
[2026-02-03T19:38:37.303+0000] {processor.py:840} INFO - DAG(s) 'minio_to_snowflake' retrieved from /opt/airflow/dags/minio-snowflake.py
[2026-02-03T19:38:37.348+0000] {logging_mixin.py:188} INFO - [2026-02-03T19:38:37.346+0000] {dag.py:3089} INFO - Sync 1 DAGs
[2026-02-03T19:38:37.387+0000] {logging_mixin.py:188} INFO - [2026-02-03T19:38:37.387+0000] {dag.py:3947} INFO - Setting next_dagrun for minio_to_snowflake to 2026-02-03 19:38:00+00:00, run_after=2026-02-03 19:39:00+00:00
[2026-02-03T19:38:37.424+0000] {processor.py:183} INFO - Processing /opt/airflow/dags/minio-snowflake.py took 1.606 seconds
[2026-02-03T19:39:07.825+0000] {processor.py:161} INFO - Started process (PID=70260) to work on /opt/airflow/dags/minio-snowflake.py
[2026-02-03T19:39:07.827+0000] {processor.py:830} INFO - Processing file /opt/airflow/dags/minio-snowflake.py for tasks to queue
[2026-02-03T19:39:07.830+0000] {logging_mixin.py:188} INFO - [2026-02-03T19:39:07.829+0000] {dagbag.py:545} INFO - Filling up the DagBag from /opt/airflow/dags/minio-snowflake.py
[2026-02-03T19:39:09.147+0000] {processor.py:840} INFO - DAG(s) 'minio_to_snowflake' retrieved from /opt/airflow/dags/minio-snowflake.py
[2026-02-03T19:39:09.185+0000] {logging_mixin.py:188} INFO - [2026-02-03T19:39:09.184+0000] {dag.py:3089} INFO - Sync 1 DAGs
[2026-02-03T19:39:09.223+0000] {logging_mixin.py:188} INFO - [2026-02-03T19:39:09.222+0000] {dag.py:3947} INFO - Setting next_dagrun for minio_to_snowflake to 2026-02-03 19:39:00+00:00, run_after=2026-02-03 19:40:00+00:00
[2026-02-03T19:39:09.254+0000] {processor.py:183} INFO - Processing /opt/airflow/dags/minio-snowflake.py took 1.440 seconds
[2026-02-03T19:39:39.404+0000] {processor.py:161} INFO - Started process (PID=70600) to work on /opt/airflow/dags/minio-snowflake.py
[2026-02-03T19:39:39.406+0000] {processor.py:830} INFO - Processing file /opt/airflow/dags/minio-snowflake.py for tasks to queue
[2026-02-03T19:39:39.409+0000] {logging_mixin.py:188} INFO - [2026-02-03T19:39:39.408+0000] {dagbag.py:545} INFO - Filling up the DagBag from /opt/airflow/dags/minio-snowflake.py
[2026-02-03T19:39:40.693+0000] {processor.py:840} INFO - DAG(s) 'minio_to_snowflake' retrieved from /opt/airflow/dags/minio-snowflake.py
[2026-02-03T19:39:40.754+0000] {logging_mixin.py:188} INFO - [2026-02-03T19:39:40.753+0000] {dag.py:3089} INFO - Sync 1 DAGs
[2026-02-03T19:39:40.796+0000] {logging_mixin.py:188} INFO - [2026-02-03T19:39:40.796+0000] {dag.py:3947} INFO - Setting next_dagrun for minio_to_snowflake to 2026-02-03 19:39:00+00:00, run_after=2026-02-03 19:40:00+00:00
[2026-02-03T19:39:40.831+0000] {processor.py:183} INFO - Processing /opt/airflow/dags/minio-snowflake.py took 1.436 seconds
[2026-02-03T19:40:11.228+0000] {processor.py:161} INFO - Started process (PID=71151) to work on /opt/airflow/dags/minio-snowflake.py
[2026-02-03T19:40:11.230+0000] {processor.py:830} INFO - Processing file /opt/airflow/dags/minio-snowflake.py for tasks to queue
[2026-02-03T19:40:11.234+0000] {logging_mixin.py:188} INFO - [2026-02-03T19:40:11.233+0000] {dagbag.py:545} INFO - Filling up the DagBag from /opt/airflow/dags/minio-snowflake.py
[2026-02-03T19:40:12.500+0000] {processor.py:840} INFO - DAG(s) 'minio_to_snowflake' retrieved from /opt/airflow/dags/minio-snowflake.py
[2026-02-03T19:40:12.542+0000] {logging_mixin.py:188} INFO - [2026-02-03T19:40:12.541+0000] {dag.py:3089} INFO - Sync 1 DAGs
[2026-02-03T19:40:12.582+0000] {logging_mixin.py:188} INFO - [2026-02-03T19:40:12.582+0000] {dag.py:3947} INFO - Setting next_dagrun for minio_to_snowflake to 2026-02-03 19:40:00+00:00, run_after=2026-02-03 19:41:00+00:00
[2026-02-03T19:40:12.617+0000] {processor.py:183} INFO - Processing /opt/airflow/dags/minio-snowflake.py took 1.408 seconds
[2026-02-03T19:40:42.754+0000] {processor.py:161} INFO - Started process (PID=71396) to work on /opt/airflow/dags/minio-snowflake.py
[2026-02-03T19:40:42.759+0000] {processor.py:830} INFO - Processing file /opt/airflow/dags/minio-snowflake.py for tasks to queue
[2026-02-03T19:40:42.764+0000] {logging_mixin.py:188} INFO - [2026-02-03T19:40:42.763+0000] {dagbag.py:545} INFO - Filling up the DagBag from /opt/airflow/dags/minio-snowflake.py
[2026-02-03T19:40:43.941+0000] {processor.py:840} INFO - DAG(s) 'minio_to_snowflake' retrieved from /opt/airflow/dags/minio-snowflake.py
[2026-02-03T19:40:43.973+0000] {logging_mixin.py:188} INFO - [2026-02-03T19:40:43.972+0000] {dag.py:3089} INFO - Sync 1 DAGs
[2026-02-03T19:40:44.005+0000] {logging_mixin.py:188} INFO - [2026-02-03T19:40:44.004+0000] {dag.py:3947} INFO - Setting next_dagrun for minio_to_snowflake to 2026-02-03 19:40:00+00:00, run_after=2026-02-03 19:41:00+00:00
[2026-02-03T19:40:44.031+0000] {processor.py:183} INFO - Processing /opt/airflow/dags/minio-snowflake.py took 1.307 seconds
[2026-02-03T19:41:14.243+0000] {processor.py:161} INFO - Started process (PID=72000) to work on /opt/airflow/dags/minio-snowflake.py
[2026-02-03T19:41:14.277+0000] {processor.py:830} INFO - Processing file /opt/airflow/dags/minio-snowflake.py for tasks to queue
[2026-02-03T19:41:14.336+0000] {logging_mixin.py:188} INFO - [2026-02-03T19:41:14.335+0000] {dagbag.py:545} INFO - Filling up the DagBag from /opt/airflow/dags/minio-snowflake.py
[2026-02-03T19:41:15.550+0000] {processor.py:840} INFO - DAG(s) 'minio_to_snowflake' retrieved from /opt/airflow/dags/minio-snowflake.py
[2026-02-03T19:41:15.590+0000] {logging_mixin.py:188} INFO - [2026-02-03T19:41:15.589+0000] {dag.py:3089} INFO - Sync 1 DAGs
[2026-02-03T19:41:15.625+0000] {logging_mixin.py:188} INFO - [2026-02-03T19:41:15.625+0000] {dag.py:3947} INFO - Setting next_dagrun for minio_to_snowflake to 2026-02-03 19:41:00+00:00, run_after=2026-02-03 19:42:00+00:00
[2026-02-03T19:41:15.662+0000] {processor.py:183} INFO - Processing /opt/airflow/dags/minio-snowflake.py took 1.509 seconds
[2026-02-03T19:41:46.035+0000] {processor.py:161} INFO - Started process (PID=72228) to work on /opt/airflow/dags/minio-snowflake.py
[2026-02-03T19:41:46.037+0000] {processor.py:830} INFO - Processing file /opt/airflow/dags/minio-snowflake.py for tasks to queue
[2026-02-03T19:41:46.039+0000] {logging_mixin.py:188} INFO - [2026-02-03T19:41:46.039+0000] {dagbag.py:545} INFO - Filling up the DagBag from /opt/airflow/dags/minio-snowflake.py
[2026-02-03T19:41:47.053+0000] {processor.py:840} INFO - DAG(s) 'minio_to_snowflake' retrieved from /opt/airflow/dags/minio-snowflake.py
[2026-02-03T19:41:47.089+0000] {logging_mixin.py:188} INFO - [2026-02-03T19:41:47.088+0000] {dag.py:3089} INFO - Sync 1 DAGs
[2026-02-03T19:41:47.115+0000] {logging_mixin.py:188} INFO - [2026-02-03T19:41:47.115+0000] {dag.py:3947} INFO - Setting next_dagrun for minio_to_snowflake to 2026-02-03 19:41:00+00:00, run_after=2026-02-03 19:42:00+00:00
[2026-02-03T19:41:47.138+0000] {processor.py:183} INFO - Processing /opt/airflow/dags/minio-snowflake.py took 1.112 seconds
[2026-02-03T19:42:17.349+0000] {processor.py:161} INFO - Started process (PID=72815) to work on /opt/airflow/dags/minio-snowflake.py
[2026-02-03T19:42:17.351+0000] {processor.py:830} INFO - Processing file /opt/airflow/dags/minio-snowflake.py for tasks to queue
[2026-02-03T19:42:17.355+0000] {logging_mixin.py:188} INFO - [2026-02-03T19:42:17.354+0000] {dagbag.py:545} INFO - Filling up the DagBag from /opt/airflow/dags/minio-snowflake.py
[2026-02-03T19:42:18.633+0000] {processor.py:840} INFO - DAG(s) 'minio_to_snowflake' retrieved from /opt/airflow/dags/minio-snowflake.py
[2026-02-03T19:42:18.670+0000] {logging_mixin.py:188} INFO - [2026-02-03T19:42:18.669+0000] {dag.py:3089} INFO - Sync 1 DAGs
[2026-02-03T19:42:18.705+0000] {logging_mixin.py:188} INFO - [2026-02-03T19:42:18.704+0000] {dag.py:3947} INFO - Setting next_dagrun for minio_to_snowflake to 2026-02-03 19:42:00+00:00, run_after=2026-02-03 19:43:00+00:00
[2026-02-03T19:42:18.751+0000] {processor.py:183} INFO - Processing /opt/airflow/dags/minio-snowflake.py took 1.414 seconds
[2026-02-03T19:42:49.239+0000] {processor.py:161} INFO - Started process (PID=73038) to work on /opt/airflow/dags/minio-snowflake.py
[2026-02-03T19:42:49.241+0000] {processor.py:830} INFO - Processing file /opt/airflow/dags/minio-snowflake.py for tasks to queue
[2026-02-03T19:42:49.244+0000] {logging_mixin.py:188} INFO - [2026-02-03T19:42:49.244+0000] {dagbag.py:545} INFO - Filling up the DagBag from /opt/airflow/dags/minio-snowflake.py
[2026-02-03T19:42:50.496+0000] {processor.py:840} INFO - DAG(s) 'minio_to_snowflake' retrieved from /opt/airflow/dags/minio-snowflake.py
[2026-02-03T19:42:50.532+0000] {logging_mixin.py:188} INFO - [2026-02-03T19:42:50.532+0000] {dag.py:3089} INFO - Sync 1 DAGs
[2026-02-03T19:42:50.568+0000] {logging_mixin.py:188} INFO - [2026-02-03T19:42:50.567+0000] {dag.py:3947} INFO - Setting next_dagrun for minio_to_snowflake to 2026-02-03 19:42:00+00:00, run_after=2026-02-03 19:43:00+00:00
[2026-02-03T19:42:50.598+0000] {processor.py:183} INFO - Processing /opt/airflow/dags/minio-snowflake.py took 1.369 seconds
[2026-02-03T19:43:20.980+0000] {processor.py:161} INFO - Started process (PID=73619) to work on /opt/airflow/dags/minio-snowflake.py
[2026-02-03T19:43:20.983+0000] {processor.py:830} INFO - Processing file /opt/airflow/dags/minio-snowflake.py for tasks to queue
[2026-02-03T19:43:20.987+0000] {logging_mixin.py:188} INFO - [2026-02-03T19:43:20.986+0000] {dagbag.py:545} INFO - Filling up the DagBag from /opt/airflow/dags/minio-snowflake.py
[2026-02-03T19:43:22.396+0000] {processor.py:840} INFO - DAG(s) 'minio_to_snowflake' retrieved from /opt/airflow/dags/minio-snowflake.py
[2026-02-03T19:43:22.444+0000] {logging_mixin.py:188} INFO - [2026-02-03T19:43:22.443+0000] {dag.py:3089} INFO - Sync 1 DAGs
[2026-02-03T19:43:22.481+0000] {logging_mixin.py:188} INFO - [2026-02-03T19:43:22.481+0000] {dag.py:3947} INFO - Setting next_dagrun for minio_to_snowflake to 2026-02-03 19:43:00+00:00, run_after=2026-02-03 19:44:00+00:00
[2026-02-03T19:43:22.519+0000] {processor.py:183} INFO - Processing /opt/airflow/dags/minio-snowflake.py took 1.549 seconds
[2026-02-03T19:43:52.857+0000] {processor.py:161} INFO - Started process (PID=73865) to work on /opt/airflow/dags/minio-snowflake.py
[2026-02-03T19:43:52.859+0000] {processor.py:830} INFO - Processing file /opt/airflow/dags/minio-snowflake.py for tasks to queue
[2026-02-03T19:43:52.863+0000] {logging_mixin.py:188} INFO - [2026-02-03T19:43:52.863+0000] {dagbag.py:545} INFO - Filling up the DagBag from /opt/airflow/dags/minio-snowflake.py
[2026-02-03T19:43:54.077+0000] {processor.py:840} INFO - DAG(s) 'minio_to_snowflake' retrieved from /opt/airflow/dags/minio-snowflake.py
[2026-02-03T19:43:54.114+0000] {logging_mixin.py:188} INFO - [2026-02-03T19:43:54.113+0000] {dag.py:3089} INFO - Sync 1 DAGs
[2026-02-03T19:43:54.152+0000] {logging_mixin.py:188} INFO - [2026-02-03T19:43:54.152+0000] {dag.py:3947} INFO - Setting next_dagrun for minio_to_snowflake to 2026-02-03 19:43:00+00:00, run_after=2026-02-03 19:44:00+00:00
[2026-02-03T19:43:54.179+0000] {processor.py:183} INFO - Processing /opt/airflow/dags/minio-snowflake.py took 1.367 seconds
[2026-02-03T19:44:24.543+0000] {processor.py:161} INFO - Started process (PID=74439) to work on /opt/airflow/dags/minio-snowflake.py
[2026-02-03T19:44:24.547+0000] {processor.py:830} INFO - Processing file /opt/airflow/dags/minio-snowflake.py for tasks to queue
[2026-02-03T19:44:24.552+0000] {logging_mixin.py:188} INFO - [2026-02-03T19:44:24.551+0000] {dagbag.py:545} INFO - Filling up the DagBag from /opt/airflow/dags/minio-snowflake.py
[2026-02-03T19:44:25.945+0000] {processor.py:840} INFO - DAG(s) 'minio_to_snowflake' retrieved from /opt/airflow/dags/minio-snowflake.py
[2026-02-03T19:44:25.988+0000] {logging_mixin.py:188} INFO - [2026-02-03T19:44:25.985+0000] {dag.py:3089} INFO - Sync 1 DAGs
[2026-02-03T19:44:26.027+0000] {logging_mixin.py:188} INFO - [2026-02-03T19:44:26.027+0000] {dag.py:3947} INFO - Setting next_dagrun for minio_to_snowflake to 2026-02-03 19:44:00+00:00, run_after=2026-02-03 19:45:00+00:00
[2026-02-03T19:44:26.066+0000] {processor.py:183} INFO - Processing /opt/airflow/dags/minio-snowflake.py took 1.538 seconds
[2026-02-03T19:44:56.441+0000] {processor.py:161} INFO - Started process (PID=74661) to work on /opt/airflow/dags/minio-snowflake.py
[2026-02-03T19:44:56.444+0000] {processor.py:830} INFO - Processing file /opt/airflow/dags/minio-snowflake.py for tasks to queue
[2026-02-03T19:44:56.449+0000] {logging_mixin.py:188} INFO - [2026-02-03T19:44:56.448+0000] {dagbag.py:545} INFO - Filling up the DagBag from /opt/airflow/dags/minio-snowflake.py
[2026-02-03T19:44:57.854+0000] {processor.py:840} INFO - DAG(s) 'minio_to_snowflake' retrieved from /opt/airflow/dags/minio-snowflake.py
[2026-02-03T19:44:57.891+0000] {logging_mixin.py:188} INFO - [2026-02-03T19:44:57.891+0000] {dag.py:3089} INFO - Sync 1 DAGs
[2026-02-03T19:44:57.924+0000] {logging_mixin.py:188} INFO - [2026-02-03T19:44:57.924+0000] {dag.py:3947} INFO - Setting next_dagrun for minio_to_snowflake to 2026-02-03 19:44:00+00:00, run_after=2026-02-03 19:45:00+00:00
[2026-02-03T19:44:57.960+0000] {processor.py:183} INFO - Processing /opt/airflow/dags/minio-snowflake.py took 1.534 seconds
[2026-02-03T19:45:28.151+0000] {processor.py:161} INFO - Started process (PID=75267) to work on /opt/airflow/dags/minio-snowflake.py
[2026-02-03T19:45:28.154+0000] {processor.py:830} INFO - Processing file /opt/airflow/dags/minio-snowflake.py for tasks to queue
[2026-02-03T19:45:28.157+0000] {logging_mixin.py:188} INFO - [2026-02-03T19:45:28.156+0000] {dagbag.py:545} INFO - Filling up the DagBag from /opt/airflow/dags/minio-snowflake.py
[2026-02-03T19:45:29.228+0000] {processor.py:840} INFO - DAG(s) 'minio_to_snowflake' retrieved from /opt/airflow/dags/minio-snowflake.py
[2026-02-03T19:45:29.259+0000] {logging_mixin.py:188} INFO - [2026-02-03T19:45:29.258+0000] {dag.py:3089} INFO - Sync 1 DAGs
[2026-02-03T19:45:29.287+0000] {logging_mixin.py:188} INFO - [2026-02-03T19:45:29.286+0000] {dag.py:3947} INFO - Setting next_dagrun for minio_to_snowflake to 2026-02-03 19:45:00+00:00, run_after=2026-02-03 19:46:00+00:00
[2026-02-03T19:45:29.316+0000] {processor.py:183} INFO - Processing /opt/airflow/dags/minio-snowflake.py took 1.174 seconds
[2026-02-03T19:45:59.580+0000] {processor.py:161} INFO - Started process (PID=75457) to work on /opt/airflow/dags/minio-snowflake.py
[2026-02-03T19:45:59.588+0000] {processor.py:830} INFO - Processing file /opt/airflow/dags/minio-snowflake.py for tasks to queue
[2026-02-03T19:45:59.592+0000] {logging_mixin.py:188} INFO - [2026-02-03T19:45:59.591+0000] {dagbag.py:545} INFO - Filling up the DagBag from /opt/airflow/dags/minio-snowflake.py
[2026-02-03T19:46:00.821+0000] {processor.py:840} INFO - DAG(s) 'minio_to_snowflake' retrieved from /opt/airflow/dags/minio-snowflake.py
[2026-02-03T19:46:00.855+0000] {logging_mixin.py:188} INFO - [2026-02-03T19:46:00.854+0000] {dag.py:3089} INFO - Sync 1 DAGs
[2026-02-03T19:46:00.888+0000] {logging_mixin.py:188} INFO - [2026-02-03T19:46:00.888+0000] {dag.py:3947} INFO - Setting next_dagrun for minio_to_snowflake to 2026-02-03 19:45:00+00:00, run_after=2026-02-03 19:46:00+00:00
[2026-02-03T19:46:00.922+0000] {processor.py:183} INFO - Processing /opt/airflow/dags/minio-snowflake.py took 1.352 seconds
[2026-02-03T19:46:31.142+0000] {processor.py:161} INFO - Started process (PID=76063) to work on /opt/airflow/dags/minio-snowflake.py
[2026-02-03T19:46:31.145+0000] {processor.py:830} INFO - Processing file /opt/airflow/dags/minio-snowflake.py for tasks to queue
[2026-02-03T19:46:31.150+0000] {logging_mixin.py:188} INFO - [2026-02-03T19:46:31.149+0000] {dagbag.py:545} INFO - Filling up the DagBag from /opt/airflow/dags/minio-snowflake.py
[2026-02-03T19:46:32.445+0000] {processor.py:840} INFO - DAG(s) 'minio_to_snowflake' retrieved from /opt/airflow/dags/minio-snowflake.py
[2026-02-03T19:46:32.495+0000] {logging_mixin.py:188} INFO - [2026-02-03T19:46:32.494+0000] {dag.py:3089} INFO - Sync 1 DAGs
[2026-02-03T19:46:32.541+0000] {logging_mixin.py:188} INFO - [2026-02-03T19:46:32.540+0000] {dag.py:3947} INFO - Setting next_dagrun for minio_to_snowflake to 2026-02-03 19:46:00+00:00, run_after=2026-02-03 19:47:00+00:00
[2026-02-03T19:46:32.577+0000] {processor.py:183} INFO - Processing /opt/airflow/dags/minio-snowflake.py took 1.450 seconds
[2026-02-03T19:47:02.890+0000] {processor.py:161} INFO - Started process (PID=76254) to work on /opt/airflow/dags/minio-snowflake.py
[2026-02-03T19:47:02.893+0000] {processor.py:830} INFO - Processing file /opt/airflow/dags/minio-snowflake.py for tasks to queue
[2026-02-03T19:47:02.897+0000] {logging_mixin.py:188} INFO - [2026-02-03T19:47:02.897+0000] {dagbag.py:545} INFO - Filling up the DagBag from /opt/airflow/dags/minio-snowflake.py
[2026-02-03T19:47:04.160+0000] {processor.py:840} INFO - DAG(s) 'minio_to_snowflake' retrieved from /opt/airflow/dags/minio-snowflake.py
[2026-02-03T19:47:04.210+0000] {logging_mixin.py:188} INFO - [2026-02-03T19:47:04.210+0000] {dag.py:3089} INFO - Sync 1 DAGs
[2026-02-03T19:47:04.240+0000] {logging_mixin.py:188} INFO - [2026-02-03T19:47:04.240+0000] {dag.py:3947} INFO - Setting next_dagrun for minio_to_snowflake to 2026-02-03 19:47:00+00:00, run_after=2026-02-03 19:48:00+00:00
[2026-02-03T19:47:04.270+0000] {processor.py:183} INFO - Processing /opt/airflow/dags/minio-snowflake.py took 1.389 seconds
[2026-02-03T19:47:34.629+0000] {processor.py:161} INFO - Started process (PID=76920) to work on /opt/airflow/dags/minio-snowflake.py
[2026-02-03T19:47:34.631+0000] {processor.py:830} INFO - Processing file /opt/airflow/dags/minio-snowflake.py for tasks to queue
[2026-02-03T19:47:34.635+0000] {logging_mixin.py:188} INFO - [2026-02-03T19:47:34.634+0000] {dagbag.py:545} INFO - Filling up the DagBag from /opt/airflow/dags/minio-snowflake.py
[2026-02-03T19:47:35.910+0000] {processor.py:840} INFO - DAG(s) 'minio_to_snowflake' retrieved from /opt/airflow/dags/minio-snowflake.py
[2026-02-03T19:47:35.953+0000] {logging_mixin.py:188} INFO - [2026-02-03T19:47:35.952+0000] {dag.py:3089} INFO - Sync 1 DAGs
[2026-02-03T19:47:35.989+0000] {logging_mixin.py:188} INFO - [2026-02-03T19:47:35.989+0000] {dag.py:3947} INFO - Setting next_dagrun for minio_to_snowflake to 2026-02-03 19:47:00+00:00, run_after=2026-02-03 19:48:00+00:00
[2026-02-03T19:47:36.022+0000] {processor.py:183} INFO - Processing /opt/airflow/dags/minio-snowflake.py took 1.402 seconds
[2026-02-03T19:48:06.525+0000] {processor.py:161} INFO - Started process (PID=77071) to work on /opt/airflow/dags/minio-snowflake.py
[2026-02-03T19:48:06.528+0000] {processor.py:830} INFO - Processing file /opt/airflow/dags/minio-snowflake.py for tasks to queue
[2026-02-03T19:48:06.539+0000] {logging_mixin.py:188} INFO - [2026-02-03T19:48:06.537+0000] {dagbag.py:545} INFO - Filling up the DagBag from /opt/airflow/dags/minio-snowflake.py
[2026-02-03T19:48:08.678+0000] {processor.py:840} INFO - DAG(s) 'minio_to_snowflake' retrieved from /opt/airflow/dags/minio-snowflake.py
[2026-02-03T19:48:08.737+0000] {logging_mixin.py:188} INFO - [2026-02-03T19:48:08.736+0000] {dag.py:3089} INFO - Sync 1 DAGs
[2026-02-03T19:48:08.788+0000] {logging_mixin.py:188} INFO - [2026-02-03T19:48:08.787+0000] {dag.py:3947} INFO - Setting next_dagrun for minio_to_snowflake to 2026-02-03 19:48:00+00:00, run_after=2026-02-03 19:49:00+00:00
[2026-02-03T19:48:08.829+0000] {processor.py:183} INFO - Processing /opt/airflow/dags/minio-snowflake.py took 2.319 seconds
[2026-02-03T19:48:39.249+0000] {processor.py:161} INFO - Started process (PID=77746) to work on /opt/airflow/dags/minio-snowflake.py
[2026-02-03T19:48:39.251+0000] {processor.py:830} INFO - Processing file /opt/airflow/dags/minio-snowflake.py for tasks to queue
[2026-02-03T19:48:39.255+0000] {logging_mixin.py:188} INFO - [2026-02-03T19:48:39.254+0000] {dagbag.py:545} INFO - Filling up the DagBag from /opt/airflow/dags/minio-snowflake.py
[2026-02-03T19:48:40.552+0000] {processor.py:840} INFO - DAG(s) 'minio_to_snowflake' retrieved from /opt/airflow/dags/minio-snowflake.py
[2026-02-03T19:48:40.591+0000] {logging_mixin.py:188} INFO - [2026-02-03T19:48:40.590+0000] {dag.py:3089} INFO - Sync 1 DAGs
[2026-02-03T19:48:40.630+0000] {logging_mixin.py:188} INFO - [2026-02-03T19:48:40.629+0000] {dag.py:3947} INFO - Setting next_dagrun for minio_to_snowflake to 2026-02-03 19:48:00+00:00, run_after=2026-02-03 19:49:00+00:00
[2026-02-03T19:48:40.661+0000] {processor.py:183} INFO - Processing /opt/airflow/dags/minio-snowflake.py took 1.423 seconds
[2026-02-03T19:49:11.019+0000] {processor.py:161} INFO - Started process (PID=78364) to work on /opt/airflow/dags/minio-snowflake.py
[2026-02-03T19:49:11.022+0000] {processor.py:830} INFO - Processing file /opt/airflow/dags/minio-snowflake.py for tasks to queue
[2026-02-03T19:49:11.028+0000] {logging_mixin.py:188} INFO - [2026-02-03T19:49:11.027+0000] {dagbag.py:545} INFO - Filling up the DagBag from /opt/airflow/dags/minio-snowflake.py
[2026-02-03T19:49:12.218+0000] {processor.py:840} INFO - DAG(s) 'minio_to_snowflake' retrieved from /opt/airflow/dags/minio-snowflake.py
[2026-02-03T19:49:12.256+0000] {logging_mixin.py:188} INFO - [2026-02-03T19:49:12.255+0000] {dag.py:3089} INFO - Sync 1 DAGs
[2026-02-03T19:49:12.292+0000] {logging_mixin.py:188} INFO - [2026-02-03T19:49:12.291+0000] {dag.py:3947} INFO - Setting next_dagrun for minio_to_snowflake to 2026-02-03 19:49:00+00:00, run_after=2026-02-03 19:50:00+00:00
[2026-02-03T19:49:12.322+0000] {processor.py:183} INFO - Processing /opt/airflow/dags/minio-snowflake.py took 1.314 seconds
[2026-02-03T19:49:42.701+0000] {processor.py:161} INFO - Started process (PID=78562) to work on /opt/airflow/dags/minio-snowflake.py
[2026-02-03T19:49:42.704+0000] {processor.py:830} INFO - Processing file /opt/airflow/dags/minio-snowflake.py for tasks to queue
[2026-02-03T19:49:42.707+0000] {logging_mixin.py:188} INFO - [2026-02-03T19:49:42.707+0000] {dagbag.py:545} INFO - Filling up the DagBag from /opt/airflow/dags/minio-snowflake.py
[2026-02-03T19:49:43.985+0000] {processor.py:840} INFO - DAG(s) 'minio_to_snowflake' retrieved from /opt/airflow/dags/minio-snowflake.py
[2026-02-03T19:49:44.024+0000] {logging_mixin.py:188} INFO - [2026-02-03T19:49:44.023+0000] {dag.py:3089} INFO - Sync 1 DAGs
[2026-02-03T19:49:44.059+0000] {logging_mixin.py:188} INFO - [2026-02-03T19:49:44.059+0000] {dag.py:3947} INFO - Setting next_dagrun for minio_to_snowflake to 2026-02-03 19:49:00+00:00, run_after=2026-02-03 19:50:00+00:00
[2026-02-03T19:49:44.090+0000] {processor.py:183} INFO - Processing /opt/airflow/dags/minio-snowflake.py took 1.400 seconds
[2026-02-03T19:50:14.457+0000] {processor.py:161} INFO - Started process (PID=79161) to work on /opt/airflow/dags/minio-snowflake.py
[2026-02-03T19:50:14.460+0000] {processor.py:830} INFO - Processing file /opt/airflow/dags/minio-snowflake.py for tasks to queue
[2026-02-03T19:50:14.464+0000] {logging_mixin.py:188} INFO - [2026-02-03T19:50:14.463+0000] {dagbag.py:545} INFO - Filling up the DagBag from /opt/airflow/dags/minio-snowflake.py
[2026-02-03T19:50:15.626+0000] {processor.py:840} INFO - DAG(s) 'minio_to_snowflake' retrieved from /opt/airflow/dags/minio-snowflake.py
[2026-02-03T19:50:15.667+0000] {logging_mixin.py:188} INFO - [2026-02-03T19:50:15.666+0000] {dag.py:3089} INFO - Sync 1 DAGs
[2026-02-03T19:50:15.703+0000] {logging_mixin.py:188} INFO - [2026-02-03T19:50:15.703+0000] {dag.py:3947} INFO - Setting next_dagrun for minio_to_snowflake to 2026-02-03 19:50:00+00:00, run_after=2026-02-03 19:51:00+00:00
[2026-02-03T19:50:15.735+0000] {processor.py:183} INFO - Processing /opt/airflow/dags/minio-snowflake.py took 1.288 seconds
[2026-02-03T19:50:46.089+0000] {processor.py:161} INFO - Started process (PID=79382) to work on /opt/airflow/dags/minio-snowflake.py
[2026-02-03T19:50:46.092+0000] {processor.py:830} INFO - Processing file /opt/airflow/dags/minio-snowflake.py for tasks to queue
[2026-02-03T19:50:46.096+0000] {logging_mixin.py:188} INFO - [2026-02-03T19:50:46.096+0000] {dagbag.py:545} INFO - Filling up the DagBag from /opt/airflow/dags/minio-snowflake.py
[2026-02-03T19:50:47.393+0000] {processor.py:840} INFO - DAG(s) 'minio_to_snowflake' retrieved from /opt/airflow/dags/minio-snowflake.py
[2026-02-03T19:50:47.441+0000] {logging_mixin.py:188} INFO - [2026-02-03T19:50:47.440+0000] {dag.py:3089} INFO - Sync 1 DAGs
[2026-02-03T19:50:47.487+0000] {logging_mixin.py:188} INFO - [2026-02-03T19:50:47.487+0000] {dag.py:3947} INFO - Setting next_dagrun for minio_to_snowflake to 2026-02-03 19:50:00+00:00, run_after=2026-02-03 19:51:00+00:00
[2026-02-03T19:50:47.524+0000] {processor.py:183} INFO - Processing /opt/airflow/dags/minio-snowflake.py took 1.449 seconds
[2026-02-03T19:51:17.876+0000] {processor.py:161} INFO - Started process (PID=79978) to work on /opt/airflow/dags/minio-snowflake.py
[2026-02-03T19:51:17.879+0000] {processor.py:830} INFO - Processing file /opt/airflow/dags/minio-snowflake.py for tasks to queue
[2026-02-03T19:51:17.884+0000] {logging_mixin.py:188} INFO - [2026-02-03T19:51:17.884+0000] {dagbag.py:545} INFO - Filling up the DagBag from /opt/airflow/dags/minio-snowflake.py
[2026-02-03T19:51:19.156+0000] {processor.py:840} INFO - DAG(s) 'minio_to_snowflake' retrieved from /opt/airflow/dags/minio-snowflake.py
[2026-02-03T19:51:19.198+0000] {logging_mixin.py:188} INFO - [2026-02-03T19:51:19.197+0000] {dag.py:3089} INFO - Sync 1 DAGs
[2026-02-03T19:51:19.256+0000] {logging_mixin.py:188} INFO - [2026-02-03T19:51:19.255+0000] {dag.py:3947} INFO - Setting next_dagrun for minio_to_snowflake to 2026-02-03 19:51:00+00:00, run_after=2026-02-03 19:52:00+00:00
[2026-02-03T19:51:19.296+0000] {processor.py:183} INFO - Processing /opt/airflow/dags/minio-snowflake.py took 1.437 seconds
[2026-02-03T19:51:49.622+0000] {processor.py:161} INFO - Started process (PID=80199) to work on /opt/airflow/dags/minio-snowflake.py
[2026-02-03T19:51:49.625+0000] {processor.py:830} INFO - Processing file /opt/airflow/dags/minio-snowflake.py for tasks to queue
[2026-02-03T19:51:49.630+0000] {logging_mixin.py:188} INFO - [2026-02-03T19:51:49.628+0000] {dagbag.py:545} INFO - Filling up the DagBag from /opt/airflow/dags/minio-snowflake.py
[2026-02-03T19:51:50.662+0000] {processor.py:840} INFO - DAG(s) 'minio_to_snowflake' retrieved from /opt/airflow/dags/minio-snowflake.py
[2026-02-03T19:51:50.694+0000] {logging_mixin.py:188} INFO - [2026-02-03T19:51:50.693+0000] {dag.py:3089} INFO - Sync 1 DAGs
[2026-02-03T19:51:50.727+0000] {logging_mixin.py:188} INFO - [2026-02-03T19:51:50.727+0000] {dag.py:3947} INFO - Setting next_dagrun for minio_to_snowflake to 2026-02-03 19:51:00+00:00, run_after=2026-02-03 19:52:00+00:00
[2026-02-03T19:51:50.752+0000] {processor.py:183} INFO - Processing /opt/airflow/dags/minio-snowflake.py took 1.140 seconds
[2026-02-03T19:52:20.951+0000] {processor.py:161} INFO - Started process (PID=80796) to work on /opt/airflow/dags/minio-snowflake.py
[2026-02-03T19:52:20.954+0000] {processor.py:830} INFO - Processing file /opt/airflow/dags/minio-snowflake.py for tasks to queue
[2026-02-03T19:52:20.958+0000] {logging_mixin.py:188} INFO - [2026-02-03T19:52:20.958+0000] {dagbag.py:545} INFO - Filling up the DagBag from /opt/airflow/dags/minio-snowflake.py
[2026-02-03T19:52:22.356+0000] {processor.py:840} INFO - DAG(s) 'minio_to_snowflake' retrieved from /opt/airflow/dags/minio-snowflake.py
[2026-02-03T19:52:22.406+0000] {logging_mixin.py:188} INFO - [2026-02-03T19:52:22.405+0000] {dag.py:3089} INFO - Sync 1 DAGs
[2026-02-03T19:52:22.452+0000] {logging_mixin.py:188} INFO - [2026-02-03T19:52:22.451+0000] {dag.py:3947} INFO - Setting next_dagrun for minio_to_snowflake to 2026-02-03 19:52:00+00:00, run_after=2026-02-03 19:53:00+00:00
[2026-02-03T19:52:22.491+0000] {processor.py:183} INFO - Processing /opt/airflow/dags/minio-snowflake.py took 1.555 seconds
[2026-02-03T19:52:52.938+0000] {processor.py:161} INFO - Started process (PID=81026) to work on /opt/airflow/dags/minio-snowflake.py
[2026-02-03T19:52:52.940+0000] {processor.py:830} INFO - Processing file /opt/airflow/dags/minio-snowflake.py for tasks to queue
[2026-02-03T19:52:52.944+0000] {logging_mixin.py:188} INFO - [2026-02-03T19:52:52.943+0000] {dagbag.py:545} INFO - Filling up the DagBag from /opt/airflow/dags/minio-snowflake.py
[2026-02-03T19:52:54.095+0000] {processor.py:840} INFO - DAG(s) 'minio_to_snowflake' retrieved from /opt/airflow/dags/minio-snowflake.py
[2026-02-03T19:52:54.131+0000] {logging_mixin.py:188} INFO - [2026-02-03T19:52:54.129+0000] {dag.py:3089} INFO - Sync 1 DAGs
[2026-02-03T19:52:54.163+0000] {logging_mixin.py:188} INFO - [2026-02-03T19:52:54.163+0000] {dag.py:3947} INFO - Setting next_dagrun for minio_to_snowflake to 2026-02-03 19:52:00+00:00, run_after=2026-02-03 19:53:00+00:00
[2026-02-03T19:52:54.194+0000] {processor.py:183} INFO - Processing /opt/airflow/dags/minio-snowflake.py took 1.310 seconds
[2026-02-03T19:53:24.599+0000] {processor.py:161} INFO - Started process (PID=81617) to work on /opt/airflow/dags/minio-snowflake.py
[2026-02-03T19:53:24.601+0000] {processor.py:830} INFO - Processing file /opt/airflow/dags/minio-snowflake.py for tasks to queue
[2026-02-03T19:53:24.606+0000] {logging_mixin.py:188} INFO - [2026-02-03T19:53:24.605+0000] {dagbag.py:545} INFO - Filling up the DagBag from /opt/airflow/dags/minio-snowflake.py
[2026-02-03T19:53:25.888+0000] {processor.py:840} INFO - DAG(s) 'minio_to_snowflake' retrieved from /opt/airflow/dags/minio-snowflake.py
[2026-02-03T19:53:25.928+0000] {logging_mixin.py:188} INFO - [2026-02-03T19:53:25.927+0000] {dag.py:3089} INFO - Sync 1 DAGs
[2026-02-03T19:53:25.965+0000] {logging_mixin.py:188} INFO - [2026-02-03T19:53:25.965+0000] {dag.py:3947} INFO - Setting next_dagrun for minio_to_snowflake to 2026-02-03 19:53:00+00:00, run_after=2026-02-03 19:54:00+00:00
[2026-02-03T19:53:25.995+0000] {processor.py:183} INFO - Processing /opt/airflow/dags/minio-snowflake.py took 1.409 seconds
[2026-02-03T19:53:56.372+0000] {processor.py:161} INFO - Started process (PID=81822) to work on /opt/airflow/dags/minio-snowflake.py
[2026-02-03T19:53:56.374+0000] {processor.py:830} INFO - Processing file /opt/airflow/dags/minio-snowflake.py for tasks to queue
[2026-02-03T19:53:56.378+0000] {logging_mixin.py:188} INFO - [2026-02-03T19:53:56.378+0000] {dagbag.py:545} INFO - Filling up the DagBag from /opt/airflow/dags/minio-snowflake.py
[2026-02-03T19:53:57.580+0000] {processor.py:840} INFO - DAG(s) 'minio_to_snowflake' retrieved from /opt/airflow/dags/minio-snowflake.py
[2026-02-03T19:53:57.626+0000] {logging_mixin.py:188} INFO - [2026-02-03T19:53:57.625+0000] {dag.py:3089} INFO - Sync 1 DAGs
[2026-02-03T19:53:57.667+0000] {logging_mixin.py:188} INFO - [2026-02-03T19:53:57.666+0000] {dag.py:3947} INFO - Setting next_dagrun for minio_to_snowflake to 2026-02-03 19:53:00+00:00, run_after=2026-02-03 19:54:00+00:00
[2026-02-03T19:53:57.703+0000] {processor.py:183} INFO - Processing /opt/airflow/dags/minio-snowflake.py took 1.340 seconds
[2026-02-03T19:54:28.054+0000] {processor.py:161} INFO - Started process (PID=82435) to work on /opt/airflow/dags/minio-snowflake.py
[2026-02-03T19:54:28.056+0000] {processor.py:830} INFO - Processing file /opt/airflow/dags/minio-snowflake.py for tasks to queue
[2026-02-03T19:54:28.061+0000] {logging_mixin.py:188} INFO - [2026-02-03T19:54:28.060+0000] {dagbag.py:545} INFO - Filling up the DagBag from /opt/airflow/dags/minio-snowflake.py
[2026-02-03T19:54:29.088+0000] {processor.py:840} INFO - DAG(s) 'minio_to_snowflake' retrieved from /opt/airflow/dags/minio-snowflake.py
[2026-02-03T19:54:29.122+0000] {logging_mixin.py:188} INFO - [2026-02-03T19:54:29.122+0000] {dag.py:3089} INFO - Sync 1 DAGs
[2026-02-03T19:54:29.156+0000] {logging_mixin.py:188} INFO - [2026-02-03T19:54:29.156+0000] {dag.py:3947} INFO - Setting next_dagrun for minio_to_snowflake to 2026-02-03 19:54:00+00:00, run_after=2026-02-03 19:55:00+00:00
[2026-02-03T19:54:29.177+0000] {processor.py:183} INFO - Processing /opt/airflow/dags/minio-snowflake.py took 1.141 seconds
[2026-02-03T19:54:59.324+0000] {processor.py:161} INFO - Started process (PID=82618) to work on /opt/airflow/dags/minio-snowflake.py
[2026-02-03T19:54:59.326+0000] {processor.py:830} INFO - Processing file /opt/airflow/dags/minio-snowflake.py for tasks to queue
[2026-02-03T19:54:59.330+0000] {logging_mixin.py:188} INFO - [2026-02-03T19:54:59.329+0000] {dagbag.py:545} INFO - Filling up the DagBag from /opt/airflow/dags/minio-snowflake.py
[2026-02-03T19:55:00.458+0000] {processor.py:840} INFO - DAG(s) 'minio_to_snowflake' retrieved from /opt/airflow/dags/minio-snowflake.py
[2026-02-03T19:55:00.493+0000] {logging_mixin.py:188} INFO - [2026-02-03T19:55:00.492+0000] {dag.py:3089} INFO - Sync 1 DAGs
[2026-02-03T19:55:00.527+0000] {logging_mixin.py:188} INFO - [2026-02-03T19:55:00.527+0000] {dag.py:3947} INFO - Setting next_dagrun for minio_to_snowflake to 2026-02-03 19:54:00+00:00, run_after=2026-02-03 19:55:00+00:00
[2026-02-03T19:55:00.557+0000] {processor.py:183} INFO - Processing /opt/airflow/dags/minio-snowflake.py took 1.242 seconds
[2026-02-03T19:55:30.887+0000] {processor.py:161} INFO - Started process (PID=83247) to work on /opt/airflow/dags/minio-snowflake.py
[2026-02-03T19:55:30.889+0000] {processor.py:830} INFO - Processing file /opt/airflow/dags/minio-snowflake.py for tasks to queue
[2026-02-03T19:55:30.893+0000] {logging_mixin.py:188} INFO - [2026-02-03T19:55:30.893+0000] {dagbag.py:545} INFO - Filling up the DagBag from /opt/airflow/dags/minio-snowflake.py
[2026-02-03T19:55:32.215+0000] {processor.py:840} INFO - DAG(s) 'minio_to_snowflake' retrieved from /opt/airflow/dags/minio-snowflake.py
[2026-02-03T19:55:32.254+0000] {logging_mixin.py:188} INFO - [2026-02-03T19:55:32.253+0000] {dag.py:3089} INFO - Sync 1 DAGs
[2026-02-03T19:55:32.290+0000] {logging_mixin.py:188} INFO - [2026-02-03T19:55:32.289+0000] {dag.py:3947} INFO - Setting next_dagrun for minio_to_snowflake to 2026-02-03 19:55:00+00:00, run_after=2026-02-03 19:56:00+00:00
[2026-02-03T19:55:32.322+0000] {processor.py:183} INFO - Processing /opt/airflow/dags/minio-snowflake.py took 1.444 seconds
[2026-02-03T19:56:02.646+0000] {processor.py:161} INFO - Started process (PID=83415) to work on /opt/airflow/dags/minio-snowflake.py
[2026-02-03T19:56:02.648+0000] {processor.py:830} INFO - Processing file /opt/airflow/dags/minio-snowflake.py for tasks to queue
[2026-02-03T19:56:02.651+0000] {logging_mixin.py:188} INFO - [2026-02-03T19:56:02.650+0000] {dagbag.py:545} INFO - Filling up the DagBag from /opt/airflow/dags/minio-snowflake.py
[2026-02-03T19:56:03.814+0000] {processor.py:840} INFO - DAG(s) 'minio_to_snowflake' retrieved from /opt/airflow/dags/minio-snowflake.py
[2026-02-03T19:56:03.855+0000] {logging_mixin.py:188} INFO - [2026-02-03T19:56:03.854+0000] {dag.py:3089} INFO - Sync 1 DAGs
[2026-02-03T19:56:03.892+0000] {logging_mixin.py:188} INFO - [2026-02-03T19:56:03.892+0000] {dag.py:3947} INFO - Setting next_dagrun for minio_to_snowflake to 2026-02-03 19:56:00+00:00, run_after=2026-02-03 19:57:00+00:00
[2026-02-03T19:56:03.925+0000] {processor.py:183} INFO - Processing /opt/airflow/dags/minio-snowflake.py took 1.289 seconds
[2026-02-03T19:56:34.396+0000] {processor.py:161} INFO - Started process (PID=84079) to work on /opt/airflow/dags/minio-snowflake.py
[2026-02-03T19:56:34.398+0000] {processor.py:830} INFO - Processing file /opt/airflow/dags/minio-snowflake.py for tasks to queue
[2026-02-03T19:56:34.403+0000] {logging_mixin.py:188} INFO - [2026-02-03T19:56:34.402+0000] {dagbag.py:545} INFO - Filling up the DagBag from /opt/airflow/dags/minio-snowflake.py
[2026-02-03T19:56:35.748+0000] {processor.py:840} INFO - DAG(s) 'minio_to_snowflake' retrieved from /opt/airflow/dags/minio-snowflake.py
[2026-02-03T19:56:35.783+0000] {logging_mixin.py:188} INFO - [2026-02-03T19:56:35.783+0000] {dag.py:3089} INFO - Sync 1 DAGs
[2026-02-03T19:56:35.819+0000] {logging_mixin.py:188} INFO - [2026-02-03T19:56:35.819+0000] {dag.py:3947} INFO - Setting next_dagrun for minio_to_snowflake to 2026-02-03 19:56:00+00:00, run_after=2026-02-03 19:57:00+00:00
[2026-02-03T19:56:35.851+0000] {processor.py:183} INFO - Processing /opt/airflow/dags/minio-snowflake.py took 1.467 seconds
[2026-02-03T19:57:06.285+0000] {processor.py:161} INFO - Started process (PID=84233) to work on /opt/airflow/dags/minio-snowflake.py
[2026-02-03T19:57:06.287+0000] {processor.py:830} INFO - Processing file /opt/airflow/dags/minio-snowflake.py for tasks to queue
[2026-02-03T19:57:06.291+0000] {logging_mixin.py:188} INFO - [2026-02-03T19:57:06.290+0000] {dagbag.py:545} INFO - Filling up the DagBag from /opt/airflow/dags/minio-snowflake.py
[2026-02-03T19:57:07.231+0000] {processor.py:840} INFO - DAG(s) 'minio_to_snowflake' retrieved from /opt/airflow/dags/minio-snowflake.py
[2026-02-03T19:57:07.260+0000] {logging_mixin.py:188} INFO - [2026-02-03T19:57:07.259+0000] {dag.py:3089} INFO - Sync 1 DAGs
[2026-02-03T19:57:07.287+0000] {logging_mixin.py:188} INFO - [2026-02-03T19:57:07.286+0000] {dag.py:3947} INFO - Setting next_dagrun for minio_to_snowflake to 2026-02-03 19:57:00+00:00, run_after=2026-02-03 19:58:00+00:00
[2026-02-03T19:57:07.312+0000] {processor.py:183} INFO - Processing /opt/airflow/dags/minio-snowflake.py took 1.040 seconds
[2026-02-03T19:57:37.590+0000] {processor.py:161} INFO - Started process (PID=84920) to work on /opt/airflow/dags/minio-snowflake.py
[2026-02-03T19:57:37.592+0000] {processor.py:830} INFO - Processing file /opt/airflow/dags/minio-snowflake.py for tasks to queue
[2026-02-03T19:57:37.596+0000] {logging_mixin.py:188} INFO - [2026-02-03T19:57:37.595+0000] {dagbag.py:545} INFO - Filling up the DagBag from /opt/airflow/dags/minio-snowflake.py
[2026-02-03T19:57:38.524+0000] {processor.py:840} INFO - DAG(s) 'minio_to_snowflake' retrieved from /opt/airflow/dags/minio-snowflake.py
[2026-02-03T19:57:38.553+0000] {logging_mixin.py:188} INFO - [2026-02-03T19:57:38.552+0000] {dag.py:3089} INFO - Sync 1 DAGs
[2026-02-03T19:57:38.580+0000] {logging_mixin.py:188} INFO - [2026-02-03T19:57:38.579+0000] {dag.py:3947} INFO - Setting next_dagrun for minio_to_snowflake to 2026-02-03 19:57:00+00:00, run_after=2026-02-03 19:58:00+00:00
[2026-02-03T19:57:38.603+0000] {processor.py:183} INFO - Processing /opt/airflow/dags/minio-snowflake.py took 1.024 seconds
[2026-02-03T19:58:09.062+0000] {processor.py:161} INFO - Started process (PID=85525) to work on /opt/airflow/dags/minio-snowflake.py
[2026-02-03T19:58:09.064+0000] {processor.py:830} INFO - Processing file /opt/airflow/dags/minio-snowflake.py for tasks to queue
[2026-02-03T19:58:09.067+0000] {logging_mixin.py:188} INFO - [2026-02-03T19:58:09.067+0000] {dagbag.py:545} INFO - Filling up the DagBag from /opt/airflow/dags/minio-snowflake.py
[2026-02-03T19:58:10.063+0000] {processor.py:840} INFO - DAG(s) 'minio_to_snowflake' retrieved from /opt/airflow/dags/minio-snowflake.py
[2026-02-03T19:58:10.094+0000] {logging_mixin.py:188} INFO - [2026-02-03T19:58:10.093+0000] {dag.py:3089} INFO - Sync 1 DAGs
[2026-02-03T19:58:10.124+0000] {logging_mixin.py:188} INFO - [2026-02-03T19:58:10.124+0000] {dag.py:3947} INFO - Setting next_dagrun for minio_to_snowflake to 2026-02-03 19:58:00+00:00, run_after=2026-02-03 19:59:00+00:00
[2026-02-03T19:58:10.149+0000] {processor.py:183} INFO - Processing /opt/airflow/dags/minio-snowflake.py took 1.095 seconds
[2026-02-03T19:58:40.459+0000] {processor.py:161} INFO - Started process (PID=85751) to work on /opt/airflow/dags/minio-snowflake.py
[2026-02-03T19:58:40.464+0000] {processor.py:830} INFO - Processing file /opt/airflow/dags/minio-snowflake.py for tasks to queue
[2026-02-03T19:58:40.468+0000] {logging_mixin.py:188} INFO - [2026-02-03T19:58:40.467+0000] {dagbag.py:545} INFO - Filling up the DagBag from /opt/airflow/dags/minio-snowflake.py
[2026-02-03T19:58:41.767+0000] {processor.py:840} INFO - DAG(s) 'minio_to_snowflake' retrieved from /opt/airflow/dags/minio-snowflake.py
[2026-02-03T19:58:41.808+0000] {logging_mixin.py:188} INFO - [2026-02-03T19:58:41.807+0000] {dag.py:3089} INFO - Sync 1 DAGs
[2026-02-03T19:58:41.844+0000] {logging_mixin.py:188} INFO - [2026-02-03T19:58:41.843+0000] {dag.py:3947} INFO - Setting next_dagrun for minio_to_snowflake to 2026-02-03 19:58:00+00:00, run_after=2026-02-03 19:59:00+00:00
[2026-02-03T19:58:41.876+0000] {processor.py:183} INFO - Processing /opt/airflow/dags/minio-snowflake.py took 1.430 seconds
[2026-02-03T19:59:12.319+0000] {processor.py:161} INFO - Started process (PID=86321) to work on /opt/airflow/dags/minio-snowflake.py
[2026-02-03T19:59:12.322+0000] {processor.py:830} INFO - Processing file /opt/airflow/dags/minio-snowflake.py for tasks to queue
[2026-02-03T19:59:12.326+0000] {logging_mixin.py:188} INFO - [2026-02-03T19:59:12.326+0000] {dagbag.py:545} INFO - Filling up the DagBag from /opt/airflow/dags/minio-snowflake.py
[2026-02-03T19:59:13.619+0000] {processor.py:840} INFO - DAG(s) 'minio_to_snowflake' retrieved from /opt/airflow/dags/minio-snowflake.py
[2026-02-03T19:59:13.658+0000] {logging_mixin.py:188} INFO - [2026-02-03T19:59:13.657+0000] {dag.py:3089} INFO - Sync 1 DAGs
[2026-02-03T19:59:13.696+0000] {logging_mixin.py:188} INFO - [2026-02-03T19:59:13.696+0000] {dag.py:3947} INFO - Setting next_dagrun for minio_to_snowflake to 2026-02-03 19:59:00+00:00, run_after=2026-02-03 20:00:00+00:00
[2026-02-03T19:59:13.731+0000] {processor.py:183} INFO - Processing /opt/airflow/dags/minio-snowflake.py took 1.422 seconds
[2026-02-03T19:59:44.067+0000] {processor.py:161} INFO - Started process (PID=86535) to work on /opt/airflow/dags/minio-snowflake.py
[2026-02-03T19:59:44.069+0000] {processor.py:830} INFO - Processing file /opt/airflow/dags/minio-snowflake.py for tasks to queue
[2026-02-03T19:59:44.073+0000] {logging_mixin.py:188} INFO - [2026-02-03T19:59:44.072+0000] {dagbag.py:545} INFO - Filling up the DagBag from /opt/airflow/dags/minio-snowflake.py
[2026-02-03T19:59:45.272+0000] {processor.py:840} INFO - DAG(s) 'minio_to_snowflake' retrieved from /opt/airflow/dags/minio-snowflake.py
[2026-02-03T19:59:45.310+0000] {logging_mixin.py:188} INFO - [2026-02-03T19:59:45.309+0000] {dag.py:3089} INFO - Sync 1 DAGs
[2026-02-03T19:59:45.347+0000] {logging_mixin.py:188} INFO - [2026-02-03T19:59:45.347+0000] {dag.py:3947} INFO - Setting next_dagrun for minio_to_snowflake to 2026-02-03 19:59:00+00:00, run_after=2026-02-03 20:00:00+00:00
[2026-02-03T19:59:45.381+0000] {processor.py:183} INFO - Processing /opt/airflow/dags/minio-snowflake.py took 1.324 seconds
[2026-02-03T20:00:15.774+0000] {processor.py:161} INFO - Started process (PID=87140) to work on /opt/airflow/dags/minio-snowflake.py
[2026-02-03T20:00:15.776+0000] {processor.py:830} INFO - Processing file /opt/airflow/dags/minio-snowflake.py for tasks to queue
[2026-02-03T20:00:15.781+0000] {logging_mixin.py:188} INFO - [2026-02-03T20:00:15.780+0000] {dagbag.py:545} INFO - Filling up the DagBag from /opt/airflow/dags/minio-snowflake.py
[2026-02-03T20:00:17.182+0000] {processor.py:840} INFO - DAG(s) 'minio_to_snowflake' retrieved from /opt/airflow/dags/minio-snowflake.py
[2026-02-03T20:00:17.234+0000] {logging_mixin.py:188} INFO - [2026-02-03T20:00:17.233+0000] {dag.py:3089} INFO - Sync 1 DAGs
[2026-02-03T20:00:17.288+0000] {logging_mixin.py:188} INFO - [2026-02-03T20:00:17.287+0000] {dag.py:3947} INFO - Setting next_dagrun for minio_to_snowflake to 2026-02-03 20:00:00+00:00, run_after=2026-02-03 20:01:00+00:00
[2026-02-03T20:00:17.333+0000] {processor.py:183} INFO - Processing /opt/airflow/dags/minio-snowflake.py took 1.576 seconds
[2026-02-03T20:00:47.849+0000] {processor.py:161} INFO - Started process (PID=87332) to work on /opt/airflow/dags/minio-snowflake.py
[2026-02-03T20:00:47.851+0000] {processor.py:830} INFO - Processing file /opt/airflow/dags/minio-snowflake.py for tasks to queue
[2026-02-03T20:00:47.855+0000] {logging_mixin.py:188} INFO - [2026-02-03T20:00:47.854+0000] {dagbag.py:545} INFO - Filling up the DagBag from /opt/airflow/dags/minio-snowflake.py
[2026-02-03T20:00:48.818+0000] {processor.py:840} INFO - DAG(s) 'minio_to_snowflake' retrieved from /opt/airflow/dags/minio-snowflake.py
[2026-02-03T20:00:48.847+0000] {logging_mixin.py:188} INFO - [2026-02-03T20:00:48.846+0000] {dag.py:3089} INFO - Sync 1 DAGs
[2026-02-03T20:00:48.878+0000] {logging_mixin.py:188} INFO - [2026-02-03T20:00:48.877+0000] {dag.py:3947} INFO - Setting next_dagrun for minio_to_snowflake to 2026-02-03 20:00:00+00:00, run_after=2026-02-03 20:01:00+00:00
[2026-02-03T20:00:48.899+0000] {processor.py:183} INFO - Processing /opt/airflow/dags/minio-snowflake.py took 1.061 seconds
[2026-02-03T20:01:19.231+0000] {processor.py:161} INFO - Started process (PID=87936) to work on /opt/airflow/dags/minio-snowflake.py
[2026-02-03T20:01:19.234+0000] {processor.py:830} INFO - Processing file /opt/airflow/dags/minio-snowflake.py for tasks to queue
[2026-02-03T20:01:19.238+0000] {logging_mixin.py:188} INFO - [2026-02-03T20:01:19.237+0000] {dagbag.py:545} INFO - Filling up the DagBag from /opt/airflow/dags/minio-snowflake.py
[2026-02-03T20:01:20.597+0000] {processor.py:840} INFO - DAG(s) 'minio_to_snowflake' retrieved from /opt/airflow/dags/minio-snowflake.py
[2026-02-03T20:01:20.642+0000] {logging_mixin.py:188} INFO - [2026-02-03T20:01:20.641+0000] {dag.py:3089} INFO - Sync 1 DAGs
[2026-02-03T20:01:20.684+0000] {logging_mixin.py:188} INFO - [2026-02-03T20:01:20.683+0000] {dag.py:3947} INFO - Setting next_dagrun for minio_to_snowflake to 2026-02-03 20:01:00+00:00, run_after=2026-02-03 20:02:00+00:00
[2026-02-03T20:01:20.716+0000] {processor.py:183} INFO - Processing /opt/airflow/dags/minio-snowflake.py took 1.496 seconds
[2026-02-03T20:01:51.119+0000] {processor.py:161} INFO - Started process (PID=88137) to work on /opt/airflow/dags/minio-snowflake.py
[2026-02-03T20:01:51.121+0000] {processor.py:830} INFO - Processing file /opt/airflow/dags/minio-snowflake.py for tasks to queue
[2026-02-03T20:01:51.125+0000] {logging_mixin.py:188} INFO - [2026-02-03T20:01:51.125+0000] {dagbag.py:545} INFO - Filling up the DagBag from /opt/airflow/dags/minio-snowflake.py
[2026-02-03T20:01:52.394+0000] {processor.py:840} INFO - DAG(s) 'minio_to_snowflake' retrieved from /opt/airflow/dags/minio-snowflake.py
[2026-02-03T20:01:52.434+0000] {logging_mixin.py:188} INFO - [2026-02-03T20:01:52.433+0000] {dag.py:3089} INFO - Sync 1 DAGs
[2026-02-03T20:01:52.472+0000] {logging_mixin.py:188} INFO - [2026-02-03T20:01:52.471+0000] {dag.py:3947} INFO - Setting next_dagrun for minio_to_snowflake to 2026-02-03 20:01:00+00:00, run_after=2026-02-03 20:02:00+00:00
[2026-02-03T20:01:52.505+0000] {processor.py:183} INFO - Processing /opt/airflow/dags/minio-snowflake.py took 1.397 seconds
[2026-02-03T20:02:22.824+0000] {processor.py:161} INFO - Started process (PID=88766) to work on /opt/airflow/dags/minio-snowflake.py
[2026-02-03T20:02:22.825+0000] {processor.py:830} INFO - Processing file /opt/airflow/dags/minio-snowflake.py for tasks to queue
[2026-02-03T20:02:22.829+0000] {logging_mixin.py:188} INFO - [2026-02-03T20:02:22.828+0000] {dagbag.py:545} INFO - Filling up the DagBag from /opt/airflow/dags/minio-snowflake.py
[2026-02-03T20:02:23.899+0000] {processor.py:840} INFO - DAG(s) 'minio_to_snowflake' retrieved from /opt/airflow/dags/minio-snowflake.py
[2026-02-03T20:02:23.928+0000] {logging_mixin.py:188} INFO - [2026-02-03T20:02:23.927+0000] {dag.py:3089} INFO - Sync 1 DAGs
[2026-02-03T20:02:23.957+0000] {logging_mixin.py:188} INFO - [2026-02-03T20:02:23.957+0000] {dag.py:3947} INFO - Setting next_dagrun for minio_to_snowflake to 2026-02-03 20:02:00+00:00, run_after=2026-02-03 20:03:00+00:00
[2026-02-03T20:02:23.984+0000] {processor.py:183} INFO - Processing /opt/airflow/dags/minio-snowflake.py took 1.168 seconds
[2026-02-03T20:02:54.398+0000] {processor.py:161} INFO - Started process (PID=88983) to work on /opt/airflow/dags/minio-snowflake.py
[2026-02-03T20:02:54.400+0000] {processor.py:830} INFO - Processing file /opt/airflow/dags/minio-snowflake.py for tasks to queue
[2026-02-03T20:02:54.404+0000] {logging_mixin.py:188} INFO - [2026-02-03T20:02:54.403+0000] {dagbag.py:545} INFO - Filling up the DagBag from /opt/airflow/dags/minio-snowflake.py
[2026-02-03T20:02:55.487+0000] {processor.py:840} INFO - DAG(s) 'minio_to_snowflake' retrieved from /opt/airflow/dags/minio-snowflake.py
[2026-02-03T20:02:55.521+0000] {logging_mixin.py:188} INFO - [2026-02-03T20:02:55.520+0000] {dag.py:3089} INFO - Sync 1 DAGs
[2026-02-03T20:02:55.553+0000] {logging_mixin.py:188} INFO - [2026-02-03T20:02:55.552+0000] {dag.py:3947} INFO - Setting next_dagrun for minio_to_snowflake to 2026-02-03 20:02:00+00:00, run_after=2026-02-03 20:03:00+00:00
[2026-02-03T20:02:55.589+0000] {processor.py:183} INFO - Processing /opt/airflow/dags/minio-snowflake.py took 1.201 seconds
[2026-02-03T20:03:25.716+0000] {processor.py:161} INFO - Started process (PID=89571) to work on /opt/airflow/dags/minio-snowflake.py
[2026-02-03T20:03:25.719+0000] {processor.py:830} INFO - Processing file /opt/airflow/dags/minio-snowflake.py for tasks to queue
[2026-02-03T20:03:25.723+0000] {logging_mixin.py:188} INFO - [2026-02-03T20:03:25.723+0000] {dagbag.py:545} INFO - Filling up the DagBag from /opt/airflow/dags/minio-snowflake.py
[2026-02-03T20:03:27.134+0000] {processor.py:840} INFO - DAG(s) 'minio_to_snowflake' retrieved from /opt/airflow/dags/minio-snowflake.py
[2026-02-03T20:03:27.175+0000] {logging_mixin.py:188} INFO - [2026-02-03T20:03:27.174+0000] {dag.py:3089} INFO - Sync 1 DAGs
[2026-02-03T20:03:27.213+0000] {logging_mixin.py:188} INFO - [2026-02-03T20:03:27.213+0000] {dag.py:3947} INFO - Setting next_dagrun for minio_to_snowflake to 2026-02-03 20:03:00+00:00, run_after=2026-02-03 20:04:00+00:00
[2026-02-03T20:03:27.244+0000] {processor.py:183} INFO - Processing /opt/airflow/dags/minio-snowflake.py took 1.539 seconds
[2026-02-03T20:03:57.643+0000] {processor.py:161} INFO - Started process (PID=89779) to work on /opt/airflow/dags/minio-snowflake.py
[2026-02-03T20:03:57.645+0000] {processor.py:830} INFO - Processing file /opt/airflow/dags/minio-snowflake.py for tasks to queue
[2026-02-03T20:03:57.648+0000] {logging_mixin.py:188} INFO - [2026-02-03T20:03:57.647+0000] {dagbag.py:545} INFO - Filling up the DagBag from /opt/airflow/dags/minio-snowflake.py
[2026-02-03T20:03:58.780+0000] {processor.py:840} INFO - DAG(s) 'minio_to_snowflake' retrieved from /opt/airflow/dags/minio-snowflake.py
[2026-02-03T20:03:58.814+0000] {logging_mixin.py:188} INFO - [2026-02-03T20:03:58.813+0000] {dag.py:3089} INFO - Sync 1 DAGs
[2026-02-03T20:03:58.848+0000] {logging_mixin.py:188} INFO - [2026-02-03T20:03:58.848+0000] {dag.py:3947} INFO - Setting next_dagrun for minio_to_snowflake to 2026-02-03 20:03:00+00:00, run_after=2026-02-03 20:04:00+00:00
[2026-02-03T20:03:58.882+0000] {processor.py:183} INFO - Processing /opt/airflow/dags/minio-snowflake.py took 1.248 seconds
[2026-02-03T20:04:29.200+0000] {processor.py:161} INFO - Started process (PID=90399) to work on /opt/airflow/dags/minio-snowflake.py
[2026-02-03T20:04:29.203+0000] {processor.py:830} INFO - Processing file /opt/airflow/dags/minio-snowflake.py for tasks to queue
[2026-02-03T20:04:29.207+0000] {logging_mixin.py:188} INFO - [2026-02-03T20:04:29.206+0000] {dagbag.py:545} INFO - Filling up the DagBag from /opt/airflow/dags/minio-snowflake.py
[2026-02-03T20:04:30.390+0000] {processor.py:840} INFO - DAG(s) 'minio_to_snowflake' retrieved from /opt/airflow/dags/minio-snowflake.py
[2026-02-03T20:04:30.428+0000] {logging_mixin.py:188} INFO - [2026-02-03T20:04:30.427+0000] {dag.py:3089} INFO - Sync 1 DAGs
[2026-02-03T20:04:30.460+0000] {logging_mixin.py:188} INFO - [2026-02-03T20:04:30.460+0000] {dag.py:3947} INFO - Setting next_dagrun for minio_to_snowflake to 2026-02-03 20:04:00+00:00, run_after=2026-02-03 20:05:00+00:00
[2026-02-03T20:04:30.495+0000] {processor.py:183} INFO - Processing /opt/airflow/dags/minio-snowflake.py took 1.306 seconds
[2026-02-03T20:05:00.843+0000] {processor.py:161} INFO - Started process (PID=90576) to work on /opt/airflow/dags/minio-snowflake.py
[2026-02-03T20:05:00.845+0000] {processor.py:830} INFO - Processing file /opt/airflow/dags/minio-snowflake.py for tasks to queue
[2026-02-03T20:05:00.849+0000] {logging_mixin.py:188} INFO - [2026-02-03T20:05:00.848+0000] {dagbag.py:545} INFO - Filling up the DagBag from /opt/airflow/dags/minio-snowflake.py
[2026-02-03T20:05:01.989+0000] {processor.py:840} INFO - DAG(s) 'minio_to_snowflake' retrieved from /opt/airflow/dags/minio-snowflake.py
[2026-02-03T20:05:02.023+0000] {logging_mixin.py:188} INFO - [2026-02-03T20:05:02.023+0000] {dag.py:3089} INFO - Sync 1 DAGs
[2026-02-03T20:05:02.057+0000] {logging_mixin.py:188} INFO - [2026-02-03T20:05:02.057+0000] {dag.py:3947} INFO - Setting next_dagrun for minio_to_snowflake to 2026-02-03 20:05:00+00:00, run_after=2026-02-03 20:06:00+00:00
[2026-02-03T20:05:02.089+0000] {processor.py:183} INFO - Processing /opt/airflow/dags/minio-snowflake.py took 1.255 seconds
[2026-02-03T20:05:32.246+0000] {processor.py:161} INFO - Started process (PID=91224) to work on /opt/airflow/dags/minio-snowflake.py
[2026-02-03T20:05:32.249+0000] {processor.py:830} INFO - Processing file /opt/airflow/dags/minio-snowflake.py for tasks to queue
[2026-02-03T20:05:32.253+0000] {logging_mixin.py:188} INFO - [2026-02-03T20:05:32.252+0000] {dagbag.py:545} INFO - Filling up the DagBag from /opt/airflow/dags/minio-snowflake.py
[2026-02-03T20:05:33.491+0000] {processor.py:840} INFO - DAG(s) 'minio_to_snowflake' retrieved from /opt/airflow/dags/minio-snowflake.py
[2026-02-03T20:05:33.529+0000] {logging_mixin.py:188} INFO - [2026-02-03T20:05:33.528+0000] {dag.py:3089} INFO - Sync 1 DAGs
[2026-02-03T20:05:33.564+0000] {logging_mixin.py:188} INFO - [2026-02-03T20:05:33.564+0000] {dag.py:3947} INFO - Setting next_dagrun for minio_to_snowflake to 2026-02-03 20:05:00+00:00, run_after=2026-02-03 20:06:00+00:00
[2026-02-03T20:05:33.598+0000] {processor.py:183} INFO - Processing /opt/airflow/dags/minio-snowflake.py took 1.364 seconds
[2026-02-03T20:06:03.946+0000] {processor.py:161} INFO - Started process (PID=91372) to work on /opt/airflow/dags/minio-snowflake.py
[2026-02-03T20:06:03.948+0000] {processor.py:830} INFO - Processing file /opt/airflow/dags/minio-snowflake.py for tasks to queue
[2026-02-03T20:06:03.951+0000] {logging_mixin.py:188} INFO - [2026-02-03T20:06:03.951+0000] {dagbag.py:545} INFO - Filling up the DagBag from /opt/airflow/dags/minio-snowflake.py
[2026-02-03T20:06:05.218+0000] {processor.py:840} INFO - DAG(s) 'minio_to_snowflake' retrieved from /opt/airflow/dags/minio-snowflake.py
[2026-02-03T20:06:05.257+0000] {logging_mixin.py:188} INFO - [2026-02-03T20:06:05.256+0000] {dag.py:3089} INFO - Sync 1 DAGs
[2026-02-03T20:06:05.294+0000] {logging_mixin.py:188} INFO - [2026-02-03T20:06:05.294+0000] {dag.py:3947} INFO - Setting next_dagrun for minio_to_snowflake to 2026-02-03 20:06:00+00:00, run_after=2026-02-03 20:07:00+00:00
[2026-02-03T20:06:05.332+0000] {processor.py:183} INFO - Processing /opt/airflow/dags/minio-snowflake.py took 1.396 seconds
[2026-02-03T20:06:35.698+0000] {processor.py:161} INFO - Started process (PID=92044) to work on /opt/airflow/dags/minio-snowflake.py
[2026-02-03T20:06:35.700+0000] {processor.py:830} INFO - Processing file /opt/airflow/dags/minio-snowflake.py for tasks to queue
[2026-02-03T20:06:35.704+0000] {logging_mixin.py:188} INFO - [2026-02-03T20:06:35.703+0000] {dagbag.py:545} INFO - Filling up the DagBag from /opt/airflow/dags/minio-snowflake.py
[2026-02-03T20:06:36.899+0000] {processor.py:840} INFO - DAG(s) 'minio_to_snowflake' retrieved from /opt/airflow/dags/minio-snowflake.py
[2026-02-03T20:06:36.940+0000] {logging_mixin.py:188} INFO - [2026-02-03T20:06:36.940+0000] {dag.py:3089} INFO - Sync 1 DAGs
[2026-02-03T20:06:36.977+0000] {logging_mixin.py:188} INFO - [2026-02-03T20:06:36.976+0000] {dag.py:3947} INFO - Setting next_dagrun for minio_to_snowflake to 2026-02-03 20:06:00+00:00, run_after=2026-02-03 20:07:00+00:00
[2026-02-03T20:06:37.006+0000] {processor.py:183} INFO - Processing /opt/airflow/dags/minio-snowflake.py took 1.319 seconds
[2026-02-03T20:07:07.368+0000] {processor.py:161} INFO - Started process (PID=92305) to work on /opt/airflow/dags/minio-snowflake.py
[2026-02-03T20:07:07.371+0000] {processor.py:830} INFO - Processing file /opt/airflow/dags/minio-snowflake.py for tasks to queue
[2026-02-03T20:07:07.375+0000] {logging_mixin.py:188} INFO - [2026-02-03T20:07:07.374+0000] {dagbag.py:545} INFO - Filling up the DagBag from /opt/airflow/dags/minio-snowflake.py
[2026-02-03T20:07:08.761+0000] {processor.py:840} INFO - DAG(s) 'minio_to_snowflake' retrieved from /opt/airflow/dags/minio-snowflake.py
[2026-02-03T20:07:08.810+0000] {logging_mixin.py:188} INFO - [2026-02-03T20:07:08.809+0000] {dag.py:3089} INFO - Sync 1 DAGs
[2026-02-03T20:07:08.873+0000] {logging_mixin.py:188} INFO - [2026-02-03T20:07:08.872+0000] {dag.py:3947} INFO - Setting next_dagrun for minio_to_snowflake to 2026-02-03 20:07:00+00:00, run_after=2026-02-03 20:08:00+00:00
[2026-02-03T20:07:08.917+0000] {processor.py:183} INFO - Processing /opt/airflow/dags/minio-snowflake.py took 1.560 seconds
[2026-02-03T20:07:39.270+0000] {processor.py:161} INFO - Started process (PID=92847) to work on /opt/airflow/dags/minio-snowflake.py
[2026-02-03T20:07:39.272+0000] {processor.py:830} INFO - Processing file /opt/airflow/dags/minio-snowflake.py for tasks to queue
[2026-02-03T20:07:39.276+0000] {logging_mixin.py:188} INFO - [2026-02-03T20:07:39.275+0000] {dagbag.py:545} INFO - Filling up the DagBag from /opt/airflow/dags/minio-snowflake.py
[2026-02-03T20:07:40.491+0000] {processor.py:840} INFO - DAG(s) 'minio_to_snowflake' retrieved from /opt/airflow/dags/minio-snowflake.py
[2026-02-03T20:07:40.529+0000] {logging_mixin.py:188} INFO - [2026-02-03T20:07:40.528+0000] {dag.py:3089} INFO - Sync 1 DAGs
[2026-02-03T20:07:40.566+0000] {logging_mixin.py:188} INFO - [2026-02-03T20:07:40.565+0000] {dag.py:3947} INFO - Setting next_dagrun for minio_to_snowflake to 2026-02-03 20:07:00+00:00, run_after=2026-02-03 20:08:00+00:00
[2026-02-03T20:07:40.594+0000] {processor.py:183} INFO - Processing /opt/airflow/dags/minio-snowflake.py took 1.335 seconds
[2026-02-03T20:08:10.826+0000] {processor.py:161} INFO - Started process (PID=93483) to work on /opt/airflow/dags/minio-snowflake.py
[2026-02-03T20:08:10.836+0000] {processor.py:830} INFO - Processing file /opt/airflow/dags/minio-snowflake.py for tasks to queue
[2026-02-03T20:08:10.847+0000] {logging_mixin.py:188} INFO - [2026-02-03T20:08:10.846+0000] {dagbag.py:545} INFO - Filling up the DagBag from /opt/airflow/dags/minio-snowflake.py
[2026-02-03T20:08:12.018+0000] {processor.py:840} INFO - DAG(s) 'minio_to_snowflake' retrieved from /opt/airflow/dags/minio-snowflake.py
[2026-02-03T20:08:12.060+0000] {logging_mixin.py:188} INFO - [2026-02-03T20:08:12.059+0000] {dag.py:3089} INFO - Sync 1 DAGs
[2026-02-03T20:08:12.099+0000] {logging_mixin.py:188} INFO - [2026-02-03T20:08:12.098+0000] {dag.py:3947} INFO - Setting next_dagrun for minio_to_snowflake to 2026-02-03 20:08:00+00:00, run_after=2026-02-03 20:09:00+00:00
[2026-02-03T20:08:12.135+0000] {processor.py:183} INFO - Processing /opt/airflow/dags/minio-snowflake.py took 1.320 seconds
[2026-02-03T20:08:42.247+0000] {processor.py:161} INFO - Started process (PID=93678) to work on /opt/airflow/dags/minio-snowflake.py
[2026-02-03T20:08:42.249+0000] {processor.py:830} INFO - Processing file /opt/airflow/dags/minio-snowflake.py for tasks to queue
[2026-02-03T20:08:42.253+0000] {logging_mixin.py:188} INFO - [2026-02-03T20:08:42.253+0000] {dagbag.py:545} INFO - Filling up the DagBag from /opt/airflow/dags/minio-snowflake.py
[2026-02-03T20:08:43.557+0000] {processor.py:840} INFO - DAG(s) 'minio_to_snowflake' retrieved from /opt/airflow/dags/minio-snowflake.py
[2026-02-03T20:08:43.600+0000] {logging_mixin.py:188} INFO - [2026-02-03T20:08:43.599+0000] {dag.py:3089} INFO - Sync 1 DAGs
[2026-02-03T20:08:43.642+0000] {logging_mixin.py:188} INFO - [2026-02-03T20:08:43.641+0000] {dag.py:3947} INFO - Setting next_dagrun for minio_to_snowflake to 2026-02-03 20:08:00+00:00, run_after=2026-02-03 20:09:00+00:00
[2026-02-03T20:08:43.674+0000] {processor.py:183} INFO - Processing /opt/airflow/dags/minio-snowflake.py took 1.439 seconds
[2026-02-03T20:09:13.950+0000] {processor.py:161} INFO - Started process (PID=94299) to work on /opt/airflow/dags/minio-snowflake.py
[2026-02-03T20:09:13.952+0000] {processor.py:830} INFO - Processing file /opt/airflow/dags/minio-snowflake.py for tasks to queue
[2026-02-03T20:09:13.958+0000] {logging_mixin.py:188} INFO - [2026-02-03T20:09:13.956+0000] {dagbag.py:545} INFO - Filling up the DagBag from /opt/airflow/dags/minio-snowflake.py
[2026-02-03T20:09:15.173+0000] {processor.py:840} INFO - DAG(s) 'minio_to_snowflake' retrieved from /opt/airflow/dags/minio-snowflake.py
[2026-02-03T20:09:15.209+0000] {logging_mixin.py:188} INFO - [2026-02-03T20:09:15.208+0000] {dag.py:3089} INFO - Sync 1 DAGs
[2026-02-03T20:09:15.245+0000] {logging_mixin.py:188} INFO - [2026-02-03T20:09:15.245+0000] {dag.py:3947} INFO - Setting next_dagrun for minio_to_snowflake to 2026-02-03 20:09:00+00:00, run_after=2026-02-03 20:10:00+00:00
[2026-02-03T20:09:15.277+0000] {processor.py:183} INFO - Processing /opt/airflow/dags/minio-snowflake.py took 1.338 seconds
[2026-02-03T20:09:45.637+0000] {processor.py:161} INFO - Started process (PID=94515) to work on /opt/airflow/dags/minio-snowflake.py
[2026-02-03T20:09:45.640+0000] {processor.py:830} INFO - Processing file /opt/airflow/dags/minio-snowflake.py for tasks to queue
[2026-02-03T20:09:45.645+0000] {logging_mixin.py:188} INFO - [2026-02-03T20:09:45.644+0000] {dagbag.py:545} INFO - Filling up the DagBag from /opt/airflow/dags/minio-snowflake.py
[2026-02-03T20:09:46.880+0000] {processor.py:840} INFO - DAG(s) 'minio_to_snowflake' retrieved from /opt/airflow/dags/minio-snowflake.py
[2026-02-03T20:09:46.920+0000] {logging_mixin.py:188} INFO - [2026-02-03T20:09:46.919+0000] {dag.py:3089} INFO - Sync 1 DAGs
[2026-02-03T20:09:46.957+0000] {logging_mixin.py:188} INFO - [2026-02-03T20:09:46.957+0000] {dag.py:3947} INFO - Setting next_dagrun for minio_to_snowflake to 2026-02-03 20:09:00+00:00, run_after=2026-02-03 20:10:00+00:00
[2026-02-03T20:09:46.990+0000] {processor.py:183} INFO - Processing /opt/airflow/dags/minio-snowflake.py took 1.368 seconds
[2026-02-03T20:10:17.365+0000] {processor.py:161} INFO - Started process (PID=95095) to work on /opt/airflow/dags/minio-snowflake.py
[2026-02-03T20:10:17.367+0000] {processor.py:830} INFO - Processing file /opt/airflow/dags/minio-snowflake.py for tasks to queue
[2026-02-03T20:10:17.372+0000] {logging_mixin.py:188} INFO - [2026-02-03T20:10:17.371+0000] {dagbag.py:545} INFO - Filling up the DagBag from /opt/airflow/dags/minio-snowflake.py
[2026-02-03T20:10:18.657+0000] {processor.py:840} INFO - DAG(s) 'minio_to_snowflake' retrieved from /opt/airflow/dags/minio-snowflake.py
[2026-02-03T20:10:18.697+0000] {logging_mixin.py:188} INFO - [2026-02-03T20:10:18.696+0000] {dag.py:3089} INFO - Sync 1 DAGs
[2026-02-03T20:10:18.732+0000] {logging_mixin.py:188} INFO - [2026-02-03T20:10:18.732+0000] {dag.py:3947} INFO - Setting next_dagrun for minio_to_snowflake to 2026-02-03 20:10:00+00:00, run_after=2026-02-03 20:11:00+00:00
[2026-02-03T20:10:18.761+0000] {processor.py:183} INFO - Processing /opt/airflow/dags/minio-snowflake.py took 1.408 seconds
[2026-02-03T20:10:49.203+0000] {processor.py:161} INFO - Started process (PID=95303) to work on /opt/airflow/dags/minio-snowflake.py
[2026-02-03T20:10:49.206+0000] {processor.py:830} INFO - Processing file /opt/airflow/dags/minio-snowflake.py for tasks to queue
[2026-02-03T20:10:49.210+0000] {logging_mixin.py:188} INFO - [2026-02-03T20:10:49.209+0000] {dagbag.py:545} INFO - Filling up the DagBag from /opt/airflow/dags/minio-snowflake.py
[2026-02-03T20:10:50.568+0000] {processor.py:840} INFO - DAG(s) 'minio_to_snowflake' retrieved from /opt/airflow/dags/minio-snowflake.py
[2026-02-03T20:10:50.645+0000] {logging_mixin.py:188} INFO - [2026-02-03T20:10:50.644+0000] {dag.py:3089} INFO - Sync 1 DAGs
[2026-02-03T20:10:50.730+0000] {logging_mixin.py:188} INFO - [2026-02-03T20:10:50.730+0000] {dag.py:3947} INFO - Setting next_dagrun for minio_to_snowflake to 2026-02-03 20:10:00+00:00, run_after=2026-02-03 20:11:00+00:00
[2026-02-03T20:10:50.787+0000] {processor.py:183} INFO - Processing /opt/airflow/dags/minio-snowflake.py took 1.595 seconds
[2026-02-03T20:11:21.106+0000] {processor.py:161} INFO - Started process (PID=95903) to work on /opt/airflow/dags/minio-snowflake.py
[2026-02-03T20:11:21.109+0000] {processor.py:830} INFO - Processing file /opt/airflow/dags/minio-snowflake.py for tasks to queue
[2026-02-03T20:11:21.114+0000] {logging_mixin.py:188} INFO - [2026-02-03T20:11:21.113+0000] {dagbag.py:545} INFO - Filling up the DagBag from /opt/airflow/dags/minio-snowflake.py
[2026-02-03T20:11:22.043+0000] {processor.py:840} INFO - DAG(s) 'minio_to_snowflake' retrieved from /opt/airflow/dags/minio-snowflake.py
[2026-02-03T20:11:22.069+0000] {logging_mixin.py:188} INFO - [2026-02-03T20:11:22.068+0000] {dag.py:3089} INFO - Sync 1 DAGs
[2026-02-03T20:11:22.095+0000] {logging_mixin.py:188} INFO - [2026-02-03T20:11:22.094+0000] {dag.py:3947} INFO - Setting next_dagrun for minio_to_snowflake to 2026-02-03 20:11:00+00:00, run_after=2026-02-03 20:12:00+00:00
[2026-02-03T20:11:22.116+0000] {processor.py:183} INFO - Processing /opt/airflow/dags/minio-snowflake.py took 1.081 seconds
[2026-02-03T20:11:52.338+0000] {processor.py:161} INFO - Started process (PID=96127) to work on /opt/airflow/dags/minio-snowflake.py
[2026-02-03T20:11:52.340+0000] {processor.py:830} INFO - Processing file /opt/airflow/dags/minio-snowflake.py for tasks to queue
[2026-02-03T20:11:52.344+0000] {logging_mixin.py:188} INFO - [2026-02-03T20:11:52.344+0000] {dagbag.py:545} INFO - Filling up the DagBag from /opt/airflow/dags/minio-snowflake.py
[2026-02-03T20:11:53.556+0000] {processor.py:840} INFO - DAG(s) 'minio_to_snowflake' retrieved from /opt/airflow/dags/minio-snowflake.py
[2026-02-03T20:11:53.592+0000] {logging_mixin.py:188} INFO - [2026-02-03T20:11:53.592+0000] {dag.py:3089} INFO - Sync 1 DAGs
[2026-02-03T20:11:53.632+0000] {logging_mixin.py:188} INFO - [2026-02-03T20:11:53.631+0000] {dag.py:3947} INFO - Setting next_dagrun for minio_to_snowflake to 2026-02-03 20:11:00+00:00, run_after=2026-02-03 20:12:00+00:00
[2026-02-03T20:11:53.660+0000] {processor.py:183} INFO - Processing /opt/airflow/dags/minio-snowflake.py took 1.334 seconds
[2026-02-03T20:12:24.029+0000] {processor.py:161} INFO - Started process (PID=96715) to work on /opt/airflow/dags/minio-snowflake.py
[2026-02-03T20:12:24.032+0000] {processor.py:830} INFO - Processing file /opt/airflow/dags/minio-snowflake.py for tasks to queue
[2026-02-03T20:12:24.037+0000] {logging_mixin.py:188} INFO - [2026-02-03T20:12:24.036+0000] {dagbag.py:545} INFO - Filling up the DagBag from /opt/airflow/dags/minio-snowflake.py
[2026-02-03T20:12:25.289+0000] {processor.py:840} INFO - DAG(s) 'minio_to_snowflake' retrieved from /opt/airflow/dags/minio-snowflake.py
[2026-02-03T20:12:25.332+0000] {logging_mixin.py:188} INFO - [2026-02-03T20:12:25.331+0000] {dag.py:3089} INFO - Sync 1 DAGs
[2026-02-03T20:12:25.371+0000] {logging_mixin.py:188} INFO - [2026-02-03T20:12:25.370+0000] {dag.py:3947} INFO - Setting next_dagrun for minio_to_snowflake to 2026-02-03 20:12:00+00:00, run_after=2026-02-03 20:13:00+00:00
[2026-02-03T20:12:25.414+0000] {processor.py:183} INFO - Processing /opt/airflow/dags/minio-snowflake.py took 1.398 seconds
[2026-02-03T20:12:55.970+0000] {processor.py:161} INFO - Started process (PID=96940) to work on /opt/airflow/dags/minio-snowflake.py
[2026-02-03T20:12:55.973+0000] {processor.py:830} INFO - Processing file /opt/airflow/dags/minio-snowflake.py for tasks to queue
[2026-02-03T20:12:55.979+0000] {logging_mixin.py:188} INFO - [2026-02-03T20:12:55.978+0000] {dagbag.py:545} INFO - Filling up the DagBag from /opt/airflow/dags/minio-snowflake.py
[2026-02-03T20:12:57.343+0000] {processor.py:840} INFO - DAG(s) 'minio_to_snowflake' retrieved from /opt/airflow/dags/minio-snowflake.py
[2026-02-03T20:12:57.383+0000] {logging_mixin.py:188} INFO - [2026-02-03T20:12:57.382+0000] {dag.py:3089} INFO - Sync 1 DAGs
[2026-02-03T20:12:57.417+0000] {logging_mixin.py:188} INFO - [2026-02-03T20:12:57.416+0000] {dag.py:3947} INFO - Setting next_dagrun for minio_to_snowflake to 2026-02-03 20:12:00+00:00, run_after=2026-02-03 20:13:00+00:00
[2026-02-03T20:12:57.449+0000] {processor.py:183} INFO - Processing /opt/airflow/dags/minio-snowflake.py took 1.495 seconds
[2026-02-03T20:13:27.578+0000] {processor.py:161} INFO - Started process (PID=97539) to work on /opt/airflow/dags/minio-snowflake.py
[2026-02-03T20:13:27.581+0000] {processor.py:830} INFO - Processing file /opt/airflow/dags/minio-snowflake.py for tasks to queue
[2026-02-03T20:13:27.586+0000] {logging_mixin.py:188} INFO - [2026-02-03T20:13:27.586+0000] {dagbag.py:545} INFO - Filling up the DagBag from /opt/airflow/dags/minio-snowflake.py
[2026-02-03T20:13:28.872+0000] {processor.py:840} INFO - DAG(s) 'minio_to_snowflake' retrieved from /opt/airflow/dags/minio-snowflake.py
[2026-02-03T20:13:28.908+0000] {logging_mixin.py:188} INFO - [2026-02-03T20:13:28.908+0000] {dag.py:3089} INFO - Sync 1 DAGs
[2026-02-03T20:13:28.943+0000] {logging_mixin.py:188} INFO - [2026-02-03T20:13:28.943+0000] {dag.py:3947} INFO - Setting next_dagrun for minio_to_snowflake to 2026-02-03 20:13:00+00:00, run_after=2026-02-03 20:14:00+00:00
[2026-02-03T20:13:28.978+0000] {processor.py:183} INFO - Processing /opt/airflow/dags/minio-snowflake.py took 1.414 seconds
[2026-02-03T20:13:59.232+0000] {processor.py:161} INFO - Started process (PID=97736) to work on /opt/airflow/dags/minio-snowflake.py
[2026-02-03T20:13:59.233+0000] {processor.py:830} INFO - Processing file /opt/airflow/dags/minio-snowflake.py for tasks to queue
[2026-02-03T20:13:59.241+0000] {logging_mixin.py:188} INFO - [2026-02-03T20:13:59.240+0000] {dagbag.py:545} INFO - Filling up the DagBag from /opt/airflow/dags/minio-snowflake.py
[2026-02-03T20:14:00.586+0000] {processor.py:840} INFO - DAG(s) 'minio_to_snowflake' retrieved from /opt/airflow/dags/minio-snowflake.py
[2026-02-03T20:14:00.625+0000] {logging_mixin.py:188} INFO - [2026-02-03T20:14:00.624+0000] {dag.py:3089} INFO - Sync 1 DAGs
[2026-02-03T20:14:00.664+0000] {logging_mixin.py:188} INFO - [2026-02-03T20:14:00.663+0000] {dag.py:3947} INFO - Setting next_dagrun for minio_to_snowflake to 2026-02-03 20:13:00+00:00, run_after=2026-02-03 20:14:00+00:00
[2026-02-03T20:14:00.693+0000] {processor.py:183} INFO - Processing /opt/airflow/dags/minio-snowflake.py took 1.471 seconds
[2026-02-03T20:14:31.129+0000] {processor.py:161} INFO - Started process (PID=98363) to work on /opt/airflow/dags/minio-snowflake.py
[2026-02-03T20:14:31.134+0000] {processor.py:830} INFO - Processing file /opt/airflow/dags/minio-snowflake.py for tasks to queue
[2026-02-03T20:14:31.139+0000] {logging_mixin.py:188} INFO - [2026-02-03T20:14:31.138+0000] {dagbag.py:545} INFO - Filling up the DagBag from /opt/airflow/dags/minio-snowflake.py
[2026-02-03T20:14:32.398+0000] {processor.py:840} INFO - DAG(s) 'minio_to_snowflake' retrieved from /opt/airflow/dags/minio-snowflake.py
[2026-02-03T20:14:32.436+0000] {logging_mixin.py:188} INFO - [2026-02-03T20:14:32.435+0000] {dag.py:3089} INFO - Sync 1 DAGs
[2026-02-03T20:14:32.471+0000] {logging_mixin.py:188} INFO - [2026-02-03T20:14:32.471+0000] {dag.py:3947} INFO - Setting next_dagrun for minio_to_snowflake to 2026-02-03 20:14:00+00:00, run_after=2026-02-03 20:15:00+00:00
[2026-02-03T20:14:32.504+0000] {processor.py:183} INFO - Processing /opt/airflow/dags/minio-snowflake.py took 1.423 seconds
[2026-02-03T20:15:02.862+0000] {processor.py:161} INFO - Started process (PID=98533) to work on /opt/airflow/dags/minio-snowflake.py
[2026-02-03T20:15:02.864+0000] {processor.py:830} INFO - Processing file /opt/airflow/dags/minio-snowflake.py for tasks to queue
[2026-02-03T20:15:02.868+0000] {logging_mixin.py:188} INFO - [2026-02-03T20:15:02.867+0000] {dagbag.py:545} INFO - Filling up the DagBag from /opt/airflow/dags/minio-snowflake.py
[2026-02-03T20:15:04.022+0000] {processor.py:840} INFO - DAG(s) 'minio_to_snowflake' retrieved from /opt/airflow/dags/minio-snowflake.py
[2026-02-03T20:15:04.058+0000] {logging_mixin.py:188} INFO - [2026-02-03T20:15:04.058+0000] {dag.py:3089} INFO - Sync 1 DAGs
[2026-02-03T20:15:04.093+0000] {logging_mixin.py:188} INFO - [2026-02-03T20:15:04.093+0000] {dag.py:3947} INFO - Setting next_dagrun for minio_to_snowflake to 2026-02-03 20:15:00+00:00, run_after=2026-02-03 20:16:00+00:00
[2026-02-03T20:15:04.123+0000] {processor.py:183} INFO - Processing /opt/airflow/dags/minio-snowflake.py took 1.270 seconds
[2026-02-03T20:15:34.233+0000] {processor.py:161} INFO - Started process (PID=99167) to work on /opt/airflow/dags/minio-snowflake.py
[2026-02-03T20:15:34.236+0000] {processor.py:830} INFO - Processing file /opt/airflow/dags/minio-snowflake.py for tasks to queue
[2026-02-03T20:15:34.239+0000] {logging_mixin.py:188} INFO - [2026-02-03T20:15:34.239+0000] {dagbag.py:545} INFO - Filling up the DagBag from /opt/airflow/dags/minio-snowflake.py
[2026-02-03T20:15:35.519+0000] {processor.py:840} INFO - DAG(s) 'minio_to_snowflake' retrieved from /opt/airflow/dags/minio-snowflake.py
[2026-02-03T20:15:35.556+0000] {logging_mixin.py:188} INFO - [2026-02-03T20:15:35.554+0000] {dag.py:3089} INFO - Sync 1 DAGs
[2026-02-03T20:15:35.594+0000] {logging_mixin.py:188} INFO - [2026-02-03T20:15:35.594+0000] {dag.py:3947} INFO - Setting next_dagrun for minio_to_snowflake to 2026-02-03 20:15:00+00:00, run_after=2026-02-03 20:16:00+00:00
[2026-02-03T20:15:35.623+0000] {processor.py:183} INFO - Processing /opt/airflow/dags/minio-snowflake.py took 1.402 seconds
[2026-02-03T20:16:05.919+0000] {processor.py:161} INFO - Started process (PID=99350) to work on /opt/airflow/dags/minio-snowflake.py
[2026-02-03T20:16:05.922+0000] {processor.py:830} INFO - Processing file /opt/airflow/dags/minio-snowflake.py for tasks to queue
[2026-02-03T20:16:05.928+0000] {logging_mixin.py:188} INFO - [2026-02-03T20:16:05.927+0000] {dagbag.py:545} INFO - Filling up the DagBag from /opt/airflow/dags/minio-snowflake.py
[2026-02-03T20:16:07.313+0000] {processor.py:840} INFO - DAG(s) 'minio_to_snowflake' retrieved from /opt/airflow/dags/minio-snowflake.py
[2026-02-03T20:16:07.354+0000] {logging_mixin.py:188} INFO - [2026-02-03T20:16:07.354+0000] {dag.py:3089} INFO - Sync 1 DAGs
[2026-02-03T20:16:07.392+0000] {logging_mixin.py:188} INFO - [2026-02-03T20:16:07.391+0000] {dag.py:3947} INFO - Setting next_dagrun for minio_to_snowflake to 2026-02-03 20:16:00+00:00, run_after=2026-02-03 20:17:00+00:00
[2026-02-03T20:16:07.425+0000] {processor.py:183} INFO - Processing /opt/airflow/dags/minio-snowflake.py took 1.520 seconds
[2026-02-03T20:16:37.877+0000] {processor.py:161} INFO - Started process (PID=99982) to work on /opt/airflow/dags/minio-snowflake.py
[2026-02-03T20:16:37.882+0000] {processor.py:830} INFO - Processing file /opt/airflow/dags/minio-snowflake.py for tasks to queue
[2026-02-03T20:16:37.892+0000] {logging_mixin.py:188} INFO - [2026-02-03T20:16:37.891+0000] {dagbag.py:545} INFO - Filling up the DagBag from /opt/airflow/dags/minio-snowflake.py
[2026-02-03T20:16:39.155+0000] {processor.py:840} INFO - DAG(s) 'minio_to_snowflake' retrieved from /opt/airflow/dags/minio-snowflake.py
[2026-02-03T20:16:39.198+0000] {logging_mixin.py:188} INFO - [2026-02-03T20:16:39.196+0000] {dag.py:3089} INFO - Sync 1 DAGs
[2026-02-03T20:16:39.244+0000] {logging_mixin.py:188} INFO - [2026-02-03T20:16:39.243+0000] {dag.py:3947} INFO - Setting next_dagrun for minio_to_snowflake to 2026-02-03 20:16:00+00:00, run_after=2026-02-03 20:17:00+00:00
[2026-02-03T20:16:39.272+0000] {processor.py:183} INFO - Processing /opt/airflow/dags/minio-snowflake.py took 1.415 seconds
[2026-02-03T20:17:09.555+0000] {processor.py:161} INFO - Started process (PID=742) to work on /opt/airflow/dags/minio-snowflake.py
[2026-02-03T20:17:09.558+0000] {processor.py:830} INFO - Processing file /opt/airflow/dags/minio-snowflake.py for tasks to queue
[2026-02-03T20:17:09.561+0000] {logging_mixin.py:188} INFO - [2026-02-03T20:17:09.561+0000] {dagbag.py:545} INFO - Filling up the DagBag from /opt/airflow/dags/minio-snowflake.py
[2026-02-03T20:17:10.887+0000] {processor.py:840} INFO - DAG(s) 'minio_to_snowflake' retrieved from /opt/airflow/dags/minio-snowflake.py
[2026-02-03T20:17:10.924+0000] {logging_mixin.py:188} INFO - [2026-02-03T20:17:10.923+0000] {dag.py:3089} INFO - Sync 1 DAGs
[2026-02-03T20:17:10.959+0000] {logging_mixin.py:188} INFO - [2026-02-03T20:17:10.958+0000] {dag.py:3947} INFO - Setting next_dagrun for minio_to_snowflake to 2026-02-03 20:17:00+00:00, run_after=2026-02-03 20:18:00+00:00
[2026-02-03T20:17:10.988+0000] {processor.py:183} INFO - Processing /opt/airflow/dags/minio-snowflake.py took 1.447 seconds
[2026-02-03T20:17:41.477+0000] {processor.py:161} INFO - Started process (PID=1120) to work on /opt/airflow/dags/minio-snowflake.py
[2026-02-03T20:17:41.479+0000] {processor.py:830} INFO - Processing file /opt/airflow/dags/minio-snowflake.py for tasks to queue
[2026-02-03T20:17:41.483+0000] {logging_mixin.py:188} INFO - [2026-02-03T20:17:41.483+0000] {dagbag.py:545} INFO - Filling up the DagBag from /opt/airflow/dags/minio-snowflake.py
[2026-02-03T20:17:42.858+0000] {processor.py:840} INFO - DAG(s) 'minio_to_snowflake' retrieved from /opt/airflow/dags/minio-snowflake.py
[2026-02-03T20:17:42.907+0000] {logging_mixin.py:188} INFO - [2026-02-03T20:17:42.906+0000] {dag.py:3089} INFO - Sync 1 DAGs
[2026-02-03T20:17:42.958+0000] {logging_mixin.py:188} INFO - [2026-02-03T20:17:42.958+0000] {dag.py:3947} INFO - Setting next_dagrun for minio_to_snowflake to 2026-02-03 20:17:00+00:00, run_after=2026-02-03 20:18:00+00:00
[2026-02-03T20:17:42.992+0000] {processor.py:183} INFO - Processing /opt/airflow/dags/minio-snowflake.py took 1.529 seconds
[2026-02-03T20:18:13.398+0000] {processor.py:161} INFO - Started process (PID=1741) to work on /opt/airflow/dags/minio-snowflake.py
[2026-02-03T20:18:13.406+0000] {processor.py:830} INFO - Processing file /opt/airflow/dags/minio-snowflake.py for tasks to queue
[2026-02-03T20:18:13.421+0000] {logging_mixin.py:188} INFO - [2026-02-03T20:18:13.420+0000] {dagbag.py:545} INFO - Filling up the DagBag from /opt/airflow/dags/minio-snowflake.py
[2026-02-03T20:18:14.382+0000] {processor.py:840} INFO - DAG(s) 'minio_to_snowflake' retrieved from /opt/airflow/dags/minio-snowflake.py
[2026-02-03T20:18:14.528+0000] {logging_mixin.py:188} INFO - [2026-02-03T20:18:14.524+0000] {dag.py:3089} INFO - Sync 1 DAGs
[2026-02-03T20:18:14.560+0000] {logging_mixin.py:188} INFO - [2026-02-03T20:18:14.560+0000] {dag.py:3947} INFO - Setting next_dagrun for minio_to_snowflake to 2026-02-03 20:18:00+00:00, run_after=2026-02-03 20:19:00+00:00
[2026-02-03T20:18:14.585+0000] {processor.py:183} INFO - Processing /opt/airflow/dags/minio-snowflake.py took 1.195 seconds
[2026-02-03T20:18:45.007+0000] {processor.py:161} INFO - Started process (PID=1971) to work on /opt/airflow/dags/minio-snowflake.py
[2026-02-03T20:18:45.009+0000] {processor.py:830} INFO - Processing file /opt/airflow/dags/minio-snowflake.py for tasks to queue
[2026-02-03T20:18:45.013+0000] {logging_mixin.py:188} INFO - [2026-02-03T20:18:45.012+0000] {dagbag.py:545} INFO - Filling up the DagBag from /opt/airflow/dags/minio-snowflake.py
[2026-02-03T20:18:46.252+0000] {processor.py:840} INFO - DAG(s) 'minio_to_snowflake' retrieved from /opt/airflow/dags/minio-snowflake.py
[2026-02-03T20:18:46.300+0000] {logging_mixin.py:188} INFO - [2026-02-03T20:18:46.299+0000] {dag.py:3089} INFO - Sync 1 DAGs
[2026-02-03T20:18:46.337+0000] {logging_mixin.py:188} INFO - [2026-02-03T20:18:46.337+0000] {dag.py:3947} INFO - Setting next_dagrun for minio_to_snowflake to 2026-02-03 20:18:00+00:00, run_after=2026-02-03 20:19:00+00:00
[2026-02-03T20:18:46.369+0000] {processor.py:183} INFO - Processing /opt/airflow/dags/minio-snowflake.py took 1.374 seconds
[2026-02-03T20:19:16.727+0000] {processor.py:161} INFO - Started process (PID=2557) to work on /opt/airflow/dags/minio-snowflake.py
[2026-02-03T20:19:16.730+0000] {processor.py:830} INFO - Processing file /opt/airflow/dags/minio-snowflake.py for tasks to queue
[2026-02-03T20:19:16.735+0000] {logging_mixin.py:188} INFO - [2026-02-03T20:19:16.734+0000] {dagbag.py:545} INFO - Filling up the DagBag from /opt/airflow/dags/minio-snowflake.py
[2026-02-03T20:19:18.004+0000] {processor.py:840} INFO - DAG(s) 'minio_to_snowflake' retrieved from /opt/airflow/dags/minio-snowflake.py
[2026-02-03T20:19:18.047+0000] {logging_mixin.py:188} INFO - [2026-02-03T20:19:18.046+0000] {dag.py:3089} INFO - Sync 1 DAGs
[2026-02-03T20:19:18.087+0000] {logging_mixin.py:188} INFO - [2026-02-03T20:19:18.086+0000] {dag.py:3947} INFO - Setting next_dagrun for minio_to_snowflake to 2026-02-03 20:19:00+00:00, run_after=2026-02-03 20:20:00+00:00
[2026-02-03T20:19:18.122+0000] {processor.py:183} INFO - Processing /opt/airflow/dags/minio-snowflake.py took 1.405 seconds
[2026-02-03T20:19:48.503+0000] {processor.py:161} INFO - Started process (PID=2783) to work on /opt/airflow/dags/minio-snowflake.py
[2026-02-03T20:19:48.507+0000] {processor.py:830} INFO - Processing file /opt/airflow/dags/minio-snowflake.py for tasks to queue
[2026-02-03T20:19:48.512+0000] {logging_mixin.py:188} INFO - [2026-02-03T20:19:48.511+0000] {dagbag.py:545} INFO - Filling up the DagBag from /opt/airflow/dags/minio-snowflake.py
[2026-02-03T20:19:49.575+0000] {processor.py:840} INFO - DAG(s) 'minio_to_snowflake' retrieved from /opt/airflow/dags/minio-snowflake.py
[2026-02-03T20:19:49.607+0000] {logging_mixin.py:188} INFO - [2026-02-03T20:19:49.606+0000] {dag.py:3089} INFO - Sync 1 DAGs
[2026-02-03T20:19:49.636+0000] {logging_mixin.py:188} INFO - [2026-02-03T20:19:49.636+0000] {dag.py:3947} INFO - Setting next_dagrun for minio_to_snowflake to 2026-02-03 20:19:00+00:00, run_after=2026-02-03 20:20:00+00:00
[2026-02-03T20:19:49.667+0000] {processor.py:183} INFO - Processing /opt/airflow/dags/minio-snowflake.py took 1.179 seconds
[2026-02-03T20:20:19.796+0000] {processor.py:161} INFO - Started process (PID=3358) to work on /opt/airflow/dags/minio-snowflake.py
[2026-02-03T20:20:19.799+0000] {processor.py:830} INFO - Processing file /opt/airflow/dags/minio-snowflake.py for tasks to queue
[2026-02-03T20:20:19.803+0000] {logging_mixin.py:188} INFO - [2026-02-03T20:20:19.802+0000] {dagbag.py:545} INFO - Filling up the DagBag from /opt/airflow/dags/minio-snowflake.py
[2026-02-03T20:20:21.007+0000] {processor.py:840} INFO - DAG(s) 'minio_to_snowflake' retrieved from /opt/airflow/dags/minio-snowflake.py
[2026-02-03T20:20:21.046+0000] {logging_mixin.py:188} INFO - [2026-02-03T20:20:21.045+0000] {dag.py:3089} INFO - Sync 1 DAGs
[2026-02-03T20:20:21.085+0000] {logging_mixin.py:188} INFO - [2026-02-03T20:20:21.084+0000] {dag.py:3947} INFO - Setting next_dagrun for minio_to_snowflake to 2026-02-03 20:20:00+00:00, run_after=2026-02-03 20:21:00+00:00
[2026-02-03T20:20:21.122+0000] {processor.py:183} INFO - Processing /opt/airflow/dags/minio-snowflake.py took 1.398 seconds
[2026-02-03T20:20:51.244+0000] {processor.py:161} INFO - Started process (PID=3599) to work on /opt/airflow/dags/minio-snowflake.py
[2026-02-03T20:20:51.246+0000] {processor.py:830} INFO - Processing file /opt/airflow/dags/minio-snowflake.py for tasks to queue
[2026-02-03T20:20:51.250+0000] {logging_mixin.py:188} INFO - [2026-02-03T20:20:51.249+0000] {dagbag.py:545} INFO - Filling up the DagBag from /opt/airflow/dags/minio-snowflake.py
[2026-02-03T20:20:52.507+0000] {processor.py:840} INFO - DAG(s) 'minio_to_snowflake' retrieved from /opt/airflow/dags/minio-snowflake.py
[2026-02-03T20:20:52.549+0000] {logging_mixin.py:188} INFO - [2026-02-03T20:20:52.548+0000] {dag.py:3089} INFO - Sync 1 DAGs
[2026-02-03T20:20:52.590+0000] {logging_mixin.py:188} INFO - [2026-02-03T20:20:52.589+0000] {dag.py:3947} INFO - Setting next_dagrun for minio_to_snowflake to 2026-02-03 20:20:00+00:00, run_after=2026-02-03 20:21:00+00:00
[2026-02-03T20:20:52.631+0000] {processor.py:183} INFO - Processing /opt/airflow/dags/minio-snowflake.py took 1.402 seconds
[2026-02-03T20:21:22.800+0000] {processor.py:161} INFO - Started process (PID=4182) to work on /opt/airflow/dags/minio-snowflake.py
[2026-02-03T20:21:22.802+0000] {processor.py:830} INFO - Processing file /opt/airflow/dags/minio-snowflake.py for tasks to queue
[2026-02-03T20:21:22.806+0000] {logging_mixin.py:188} INFO - [2026-02-03T20:21:22.806+0000] {dagbag.py:545} INFO - Filling up the DagBag from /opt/airflow/dags/minio-snowflake.py
[2026-02-03T20:21:24.026+0000] {processor.py:840} INFO - DAG(s) 'minio_to_snowflake' retrieved from /opt/airflow/dags/minio-snowflake.py
[2026-02-03T20:21:24.064+0000] {logging_mixin.py:188} INFO - [2026-02-03T20:21:24.062+0000] {dag.py:3089} INFO - Sync 1 DAGs
[2026-02-03T20:21:24.098+0000] {logging_mixin.py:188} INFO - [2026-02-03T20:21:24.098+0000] {dag.py:3947} INFO - Setting next_dagrun for minio_to_snowflake to 2026-02-03 20:21:00+00:00, run_after=2026-02-03 20:22:00+00:00
[2026-02-03T20:21:24.128+0000] {processor.py:183} INFO - Processing /opt/airflow/dags/minio-snowflake.py took 1.342 seconds
[2026-02-03T20:21:54.375+0000] {processor.py:161} INFO - Started process (PID=4402) to work on /opt/airflow/dags/minio-snowflake.py
[2026-02-03T20:21:54.377+0000] {processor.py:830} INFO - Processing file /opt/airflow/dags/minio-snowflake.py for tasks to queue
[2026-02-03T20:21:54.381+0000] {logging_mixin.py:188} INFO - [2026-02-03T20:21:54.380+0000] {dagbag.py:545} INFO - Filling up the DagBag from /opt/airflow/dags/minio-snowflake.py
[2026-02-03T20:21:55.537+0000] {processor.py:840} INFO - DAG(s) 'minio_to_snowflake' retrieved from /opt/airflow/dags/minio-snowflake.py
[2026-02-03T20:21:55.570+0000] {logging_mixin.py:188} INFO - [2026-02-03T20:21:55.569+0000] {dag.py:3089} INFO - Sync 1 DAGs
[2026-02-03T20:21:55.600+0000] {logging_mixin.py:188} INFO - [2026-02-03T20:21:55.599+0000] {dag.py:3947} INFO - Setting next_dagrun for minio_to_snowflake to 2026-02-03 20:21:00+00:00, run_after=2026-02-03 20:22:00+00:00
[2026-02-03T20:21:55.639+0000] {processor.py:183} INFO - Processing /opt/airflow/dags/minio-snowflake.py took 1.273 seconds
[2026-02-03T20:22:25.852+0000] {processor.py:161} INFO - Started process (PID=4997) to work on /opt/airflow/dags/minio-snowflake.py
[2026-02-03T20:22:25.855+0000] {processor.py:830} INFO - Processing file /opt/airflow/dags/minio-snowflake.py for tasks to queue
[2026-02-03T20:22:25.860+0000] {logging_mixin.py:188} INFO - [2026-02-03T20:22:25.859+0000] {dagbag.py:545} INFO - Filling up the DagBag from /opt/airflow/dags/minio-snowflake.py
[2026-02-03T20:22:27.133+0000] {processor.py:840} INFO - DAG(s) 'minio_to_snowflake' retrieved from /opt/airflow/dags/minio-snowflake.py
[2026-02-03T20:22:27.170+0000] {logging_mixin.py:188} INFO - [2026-02-03T20:22:27.170+0000] {dag.py:3089} INFO - Sync 1 DAGs
[2026-02-03T20:22:27.208+0000] {logging_mixin.py:188} INFO - [2026-02-03T20:22:27.207+0000] {dag.py:3947} INFO - Setting next_dagrun for minio_to_snowflake to 2026-02-03 20:22:00+00:00, run_after=2026-02-03 20:23:00+00:00
[2026-02-03T20:22:27.239+0000] {processor.py:183} INFO - Processing /opt/airflow/dags/minio-snowflake.py took 1.400 seconds
[2026-02-03T20:22:57.551+0000] {processor.py:161} INFO - Started process (PID=5198) to work on /opt/airflow/dags/minio-snowflake.py
[2026-02-03T20:22:57.553+0000] {processor.py:830} INFO - Processing file /opt/airflow/dags/minio-snowflake.py for tasks to queue
[2026-02-03T20:22:57.556+0000] {logging_mixin.py:188} INFO - [2026-02-03T20:22:57.555+0000] {dagbag.py:545} INFO - Filling up the DagBag from /opt/airflow/dags/minio-snowflake.py
[2026-02-03T20:22:58.767+0000] {processor.py:840} INFO - DAG(s) 'minio_to_snowflake' retrieved from /opt/airflow/dags/minio-snowflake.py
[2026-02-03T20:22:58.801+0000] {logging_mixin.py:188} INFO - [2026-02-03T20:22:58.800+0000] {dag.py:3089} INFO - Sync 1 DAGs
[2026-02-03T20:22:58.838+0000] {logging_mixin.py:188} INFO - [2026-02-03T20:22:58.837+0000] {dag.py:3947} INFO - Setting next_dagrun for minio_to_snowflake to 2026-02-03 20:22:00+00:00, run_after=2026-02-03 20:23:00+00:00
[2026-02-03T20:22:58.872+0000] {processor.py:183} INFO - Processing /opt/airflow/dags/minio-snowflake.py took 1.332 seconds
[2026-02-03T20:23:28.984+0000] {processor.py:161} INFO - Started process (PID=5809) to work on /opt/airflow/dags/minio-snowflake.py
[2026-02-03T20:23:28.986+0000] {processor.py:830} INFO - Processing file /opt/airflow/dags/minio-snowflake.py for tasks to queue
[2026-02-03T20:23:28.992+0000] {logging_mixin.py:188} INFO - [2026-02-03T20:23:28.991+0000] {dagbag.py:545} INFO - Filling up the DagBag from /opt/airflow/dags/minio-snowflake.py
[2026-02-03T20:23:30.256+0000] {processor.py:840} INFO - DAG(s) 'minio_to_snowflake' retrieved from /opt/airflow/dags/minio-snowflake.py
[2026-02-03T20:23:30.301+0000] {logging_mixin.py:188} INFO - [2026-02-03T20:23:30.300+0000] {dag.py:3089} INFO - Sync 1 DAGs
[2026-02-03T20:23:30.339+0000] {logging_mixin.py:188} INFO - [2026-02-03T20:23:30.339+0000] {dag.py:3947} INFO - Setting next_dagrun for minio_to_snowflake to 2026-02-03 20:23:00+00:00, run_after=2026-02-03 20:24:00+00:00
[2026-02-03T20:23:30.374+0000] {processor.py:183} INFO - Processing /opt/airflow/dags/minio-snowflake.py took 1.402 seconds
[2026-02-03T20:24:00.509+0000] {processor.py:161} INFO - Started process (PID=5995) to work on /opt/airflow/dags/minio-snowflake.py
[2026-02-03T20:24:00.511+0000] {processor.py:830} INFO - Processing file /opt/airflow/dags/minio-snowflake.py for tasks to queue
[2026-02-03T20:24:00.514+0000] {logging_mixin.py:188} INFO - [2026-02-03T20:24:00.514+0000] {dagbag.py:545} INFO - Filling up the DagBag from /opt/airflow/dags/minio-snowflake.py
[2026-02-03T20:24:01.692+0000] {processor.py:840} INFO - DAG(s) 'minio_to_snowflake' retrieved from /opt/airflow/dags/minio-snowflake.py
[2026-02-03T20:24:01.730+0000] {logging_mixin.py:188} INFO - [2026-02-03T20:24:01.729+0000] {dag.py:3089} INFO - Sync 1 DAGs
[2026-02-03T20:24:01.766+0000] {logging_mixin.py:188} INFO - [2026-02-03T20:24:01.765+0000] {dag.py:3947} INFO - Setting next_dagrun for minio_to_snowflake to 2026-02-03 20:24:00+00:00, run_after=2026-02-03 20:25:00+00:00
[2026-02-03T20:24:01.798+0000] {processor.py:183} INFO - Processing /opt/airflow/dags/minio-snowflake.py took 1.298 seconds
[2026-02-03T20:24:32.101+0000] {processor.py:161} INFO - Started process (PID=6637) to work on /opt/airflow/dags/minio-snowflake.py
[2026-02-03T20:24:32.104+0000] {processor.py:830} INFO - Processing file /opt/airflow/dags/minio-snowflake.py for tasks to queue
[2026-02-03T20:24:32.109+0000] {logging_mixin.py:188} INFO - [2026-02-03T20:24:32.108+0000] {dagbag.py:545} INFO - Filling up the DagBag from /opt/airflow/dags/minio-snowflake.py
[2026-02-03T20:24:33.361+0000] {processor.py:840} INFO - DAG(s) 'minio_to_snowflake' retrieved from /opt/airflow/dags/minio-snowflake.py
[2026-02-03T20:24:33.398+0000] {logging_mixin.py:188} INFO - [2026-02-03T20:24:33.397+0000] {dag.py:3089} INFO - Sync 1 DAGs
[2026-02-03T20:24:33.433+0000] {logging_mixin.py:188} INFO - [2026-02-03T20:24:33.433+0000] {dag.py:3947} INFO - Setting next_dagrun for minio_to_snowflake to 2026-02-03 20:24:00+00:00, run_after=2026-02-03 20:25:00+00:00
[2026-02-03T20:24:33.465+0000] {processor.py:183} INFO - Processing /opt/airflow/dags/minio-snowflake.py took 1.378 seconds
[2026-02-03T20:25:03.818+0000] {processor.py:161} INFO - Started process (PID=6791) to work on /opt/airflow/dags/minio-snowflake.py
[2026-02-03T20:25:03.819+0000] {processor.py:830} INFO - Processing file /opt/airflow/dags/minio-snowflake.py for tasks to queue
[2026-02-03T20:25:03.825+0000] {logging_mixin.py:188} INFO - [2026-02-03T20:25:03.823+0000] {dagbag.py:545} INFO - Filling up the DagBag from /opt/airflow/dags/minio-snowflake.py
[2026-02-03T20:25:05.294+0000] {processor.py:840} INFO - DAG(s) 'minio_to_snowflake' retrieved from /opt/airflow/dags/minio-snowflake.py
[2026-02-03T20:25:05.338+0000] {logging_mixin.py:188} INFO - [2026-02-03T20:25:05.337+0000] {dag.py:3089} INFO - Sync 1 DAGs
[2026-02-03T20:25:05.382+0000] {logging_mixin.py:188} INFO - [2026-02-03T20:25:05.381+0000] {dag.py:3947} INFO - Setting next_dagrun for minio_to_snowflake to 2026-02-03 20:25:00+00:00, run_after=2026-02-03 20:26:00+00:00
[2026-02-03T20:25:05.419+0000] {processor.py:183} INFO - Processing /opt/airflow/dags/minio-snowflake.py took 1.611 seconds
[2026-02-03T20:25:35.756+0000] {processor.py:161} INFO - Started process (PID=7454) to work on /opt/airflow/dags/minio-snowflake.py
[2026-02-03T20:25:35.759+0000] {processor.py:830} INFO - Processing file /opt/airflow/dags/minio-snowflake.py for tasks to queue
[2026-02-03T20:25:35.764+0000] {logging_mixin.py:188} INFO - [2026-02-03T20:25:35.763+0000] {dagbag.py:545} INFO - Filling up the DagBag from /opt/airflow/dags/minio-snowflake.py
[2026-02-03T20:25:37.109+0000] {processor.py:840} INFO - DAG(s) 'minio_to_snowflake' retrieved from /opt/airflow/dags/minio-snowflake.py
[2026-02-03T20:25:37.150+0000] {logging_mixin.py:188} INFO - [2026-02-03T20:25:37.149+0000] {dag.py:3089} INFO - Sync 1 DAGs
[2026-02-03T20:25:37.191+0000] {logging_mixin.py:188} INFO - [2026-02-03T20:25:37.191+0000] {dag.py:3947} INFO - Setting next_dagrun for minio_to_snowflake to 2026-02-03 20:25:00+00:00, run_after=2026-02-03 20:26:00+00:00
[2026-02-03T20:25:37.229+0000] {processor.py:183} INFO - Processing /opt/airflow/dags/minio-snowflake.py took 1.487 seconds
[2026-02-03T20:26:07.623+0000] {processor.py:161} INFO - Started process (PID=7697) to work on /opt/airflow/dags/minio-snowflake.py
[2026-02-03T20:26:07.626+0000] {processor.py:830} INFO - Processing file /opt/airflow/dags/minio-snowflake.py for tasks to queue
[2026-02-03T20:26:07.631+0000] {logging_mixin.py:188} INFO - [2026-02-03T20:26:07.630+0000] {dagbag.py:545} INFO - Filling up the DagBag from /opt/airflow/dags/minio-snowflake.py
[2026-02-03T20:26:08.908+0000] {processor.py:840} INFO - DAG(s) 'minio_to_snowflake' retrieved from /opt/airflow/dags/minio-snowflake.py
[2026-02-03T20:26:08.944+0000] {logging_mixin.py:188} INFO - [2026-02-03T20:26:08.943+0000] {dag.py:3089} INFO - Sync 1 DAGs
[2026-02-03T20:26:08.987+0000] {logging_mixin.py:188} INFO - [2026-02-03T20:26:08.986+0000] {dag.py:3947} INFO - Setting next_dagrun for minio_to_snowflake to 2026-02-03 20:26:00+00:00, run_after=2026-02-03 20:27:00+00:00
[2026-02-03T20:26:09.019+0000] {processor.py:183} INFO - Processing /opt/airflow/dags/minio-snowflake.py took 1.413 seconds
[2026-02-03T20:26:39.392+0000] {processor.py:161} INFO - Started process (PID=8271) to work on /opt/airflow/dags/minio-snowflake.py
[2026-02-03T20:26:39.395+0000] {processor.py:830} INFO - Processing file /opt/airflow/dags/minio-snowflake.py for tasks to queue
[2026-02-03T20:26:39.400+0000] {logging_mixin.py:188} INFO - [2026-02-03T20:26:39.399+0000] {dagbag.py:545} INFO - Filling up the DagBag from /opt/airflow/dags/minio-snowflake.py
[2026-02-03T20:26:40.804+0000] {processor.py:840} INFO - DAG(s) 'minio_to_snowflake' retrieved from /opt/airflow/dags/minio-snowflake.py
[2026-02-03T20:26:40.853+0000] {logging_mixin.py:188} INFO - [2026-02-03T20:26:40.851+0000] {dag.py:3089} INFO - Sync 1 DAGs
[2026-02-03T20:26:40.908+0000] {logging_mixin.py:188} INFO - [2026-02-03T20:26:40.907+0000] {dag.py:3947} INFO - Setting next_dagrun for minio_to_snowflake to 2026-02-03 20:26:00+00:00, run_after=2026-02-03 20:27:00+00:00
[2026-02-03T20:26:40.953+0000] {processor.py:183} INFO - Processing /opt/airflow/dags/minio-snowflake.py took 1.579 seconds
[2026-02-03T20:27:11.432+0000] {processor.py:161} INFO - Started process (PID=8902) to work on /opt/airflow/dags/minio-snowflake.py
[2026-02-03T20:27:11.435+0000] {processor.py:830} INFO - Processing file /opt/airflow/dags/minio-snowflake.py for tasks to queue
[2026-02-03T20:27:11.438+0000] {logging_mixin.py:188} INFO - [2026-02-03T20:27:11.438+0000] {dagbag.py:545} INFO - Filling up the DagBag from /opt/airflow/dags/minio-snowflake.py
[2026-02-03T20:27:12.621+0000] {processor.py:840} INFO - DAG(s) 'minio_to_snowflake' retrieved from /opt/airflow/dags/minio-snowflake.py
[2026-02-03T20:27:12.662+0000] {logging_mixin.py:188} INFO - [2026-02-03T20:27:12.660+0000] {dag.py:3089} INFO - Sync 1 DAGs
[2026-02-03T20:27:12.698+0000] {logging_mixin.py:188} INFO - [2026-02-03T20:27:12.697+0000] {dag.py:3947} INFO - Setting next_dagrun for minio_to_snowflake to 2026-02-03 20:27:00+00:00, run_after=2026-02-03 20:28:00+00:00
[2026-02-03T20:27:12.733+0000] {processor.py:183} INFO - Processing /opt/airflow/dags/minio-snowflake.py took 1.313 seconds
[2026-02-03T20:27:43.061+0000] {processor.py:161} INFO - Started process (PID=9112) to work on /opt/airflow/dags/minio-snowflake.py
[2026-02-03T20:27:43.063+0000] {processor.py:830} INFO - Processing file /opt/airflow/dags/minio-snowflake.py for tasks to queue
[2026-02-03T20:27:43.068+0000] {logging_mixin.py:188} INFO - [2026-02-03T20:27:43.067+0000] {dagbag.py:545} INFO - Filling up the DagBag from /opt/airflow/dags/minio-snowflake.py
[2026-02-03T20:27:44.367+0000] {processor.py:840} INFO - DAG(s) 'minio_to_snowflake' retrieved from /opt/airflow/dags/minio-snowflake.py
[2026-02-03T20:27:44.407+0000] {logging_mixin.py:188} INFO - [2026-02-03T20:27:44.406+0000] {dag.py:3089} INFO - Sync 1 DAGs
[2026-02-03T20:27:44.446+0000] {logging_mixin.py:188} INFO - [2026-02-03T20:27:44.446+0000] {dag.py:3947} INFO - Setting next_dagrun for minio_to_snowflake to 2026-02-03 20:27:00+00:00, run_after=2026-02-03 20:28:00+00:00
[2026-02-03T20:27:44.483+0000] {processor.py:183} INFO - Processing /opt/airflow/dags/minio-snowflake.py took 1.434 seconds
[2026-02-03T20:28:15.063+0000] {processor.py:161} INFO - Started process (PID=9698) to work on /opt/airflow/dags/minio-snowflake.py
[2026-02-03T20:28:15.065+0000] {processor.py:830} INFO - Processing file /opt/airflow/dags/minio-snowflake.py for tasks to queue
[2026-02-03T20:28:15.069+0000] {logging_mixin.py:188} INFO - [2026-02-03T20:28:15.068+0000] {dagbag.py:545} INFO - Filling up the DagBag from /opt/airflow/dags/minio-snowflake.py
[2026-02-03T20:28:16.369+0000] {processor.py:840} INFO - DAG(s) 'minio_to_snowflake' retrieved from /opt/airflow/dags/minio-snowflake.py
[2026-02-03T20:28:16.410+0000] {logging_mixin.py:188} INFO - [2026-02-03T20:28:16.409+0000] {dag.py:3089} INFO - Sync 1 DAGs
[2026-02-03T20:28:16.445+0000] {logging_mixin.py:188} INFO - [2026-02-03T20:28:16.445+0000] {dag.py:3947} INFO - Setting next_dagrun for minio_to_snowflake to 2026-02-03 20:28:00+00:00, run_after=2026-02-03 20:29:00+00:00
[2026-02-03T20:28:16.480+0000] {processor.py:183} INFO - Processing /opt/airflow/dags/minio-snowflake.py took 1.426 seconds
[2026-02-03T20:28:46.797+0000] {processor.py:161} INFO - Started process (PID=9914) to work on /opt/airflow/dags/minio-snowflake.py
[2026-02-03T20:28:46.799+0000] {processor.py:830} INFO - Processing file /opt/airflow/dags/minio-snowflake.py for tasks to queue
[2026-02-03T20:28:46.802+0000] {logging_mixin.py:188} INFO - [2026-02-03T20:28:46.802+0000] {dagbag.py:545} INFO - Filling up the DagBag from /opt/airflow/dags/minio-snowflake.py
[2026-02-03T20:28:48.030+0000] {processor.py:840} INFO - DAG(s) 'minio_to_snowflake' retrieved from /opt/airflow/dags/minio-snowflake.py
[2026-02-03T20:28:48.072+0000] {logging_mixin.py:188} INFO - [2026-02-03T20:28:48.071+0000] {dag.py:3089} INFO - Sync 1 DAGs
[2026-02-03T20:28:48.109+0000] {logging_mixin.py:188} INFO - [2026-02-03T20:28:48.108+0000] {dag.py:3947} INFO - Setting next_dagrun for minio_to_snowflake to 2026-02-03 20:28:00+00:00, run_after=2026-02-03 20:29:00+00:00
[2026-02-03T20:28:48.143+0000] {processor.py:183} INFO - Processing /opt/airflow/dags/minio-snowflake.py took 1.358 seconds
[2026-02-03T20:29:18.601+0000] {processor.py:161} INFO - Started process (PID=10515) to work on /opt/airflow/dags/minio-snowflake.py
[2026-02-03T20:29:18.612+0000] {processor.py:830} INFO - Processing file /opt/airflow/dags/minio-snowflake.py for tasks to queue
[2026-02-03T20:29:18.624+0000] {logging_mixin.py:188} INFO - [2026-02-03T20:29:18.623+0000] {dagbag.py:545} INFO - Filling up the DagBag from /opt/airflow/dags/minio-snowflake.py
[2026-02-03T20:29:19.952+0000] {processor.py:840} INFO - DAG(s) 'minio_to_snowflake' retrieved from /opt/airflow/dags/minio-snowflake.py
[2026-02-03T20:29:19.998+0000] {logging_mixin.py:188} INFO - [2026-02-03T20:29:19.997+0000] {dag.py:3089} INFO - Sync 1 DAGs
[2026-02-03T20:29:19.988+0000] {logging_mixin.py:188} INFO - [2026-02-03T20:29:19.988+0000] {dag.py:3947} INFO - Setting next_dagrun for minio_to_snowflake to 2026-02-03 20:29:00+00:00, run_after=2026-02-03 20:30:00+00:00
[2026-02-03T20:29:20.017+0000] {processor.py:183} INFO - Processing /opt/airflow/dags/minio-snowflake.py took 1.480 seconds
[2026-02-03T20:29:50.503+0000] {processor.py:161} INFO - Started process (PID=10751) to work on /opt/airflow/dags/minio-snowflake.py
[2026-02-03T20:29:50.506+0000] {processor.py:830} INFO - Processing file /opt/airflow/dags/minio-snowflake.py for tasks to queue
[2026-02-03T20:29:50.512+0000] {logging_mixin.py:188} INFO - [2026-02-03T20:29:50.511+0000] {dagbag.py:545} INFO - Filling up the DagBag from /opt/airflow/dags/minio-snowflake.py
[2026-02-03T20:29:51.759+0000] {processor.py:840} INFO - DAG(s) 'minio_to_snowflake' retrieved from /opt/airflow/dags/minio-snowflake.py
[2026-02-03T20:29:51.796+0000] {logging_mixin.py:188} INFO - [2026-02-03T20:29:51.794+0000] {dag.py:3089} INFO - Sync 1 DAGs
[2026-02-03T20:29:51.832+0000] {logging_mixin.py:188} INFO - [2026-02-03T20:29:51.832+0000] {dag.py:3947} INFO - Setting next_dagrun for minio_to_snowflake to 2026-02-03 20:29:00+00:00, run_after=2026-02-03 20:30:00+00:00
[2026-02-03T20:29:51.860+0000] {processor.py:183} INFO - Processing /opt/airflow/dags/minio-snowflake.py took 1.370 seconds
[2026-02-03T20:30:22.134+0000] {processor.py:161} INFO - Started process (PID=11322) to work on /opt/airflow/dags/minio-snowflake.py
[2026-02-03T20:30:22.136+0000] {processor.py:830} INFO - Processing file /opt/airflow/dags/minio-snowflake.py for tasks to queue
[2026-02-03T20:30:22.141+0000] {logging_mixin.py:188} INFO - [2026-02-03T20:30:22.140+0000] {dagbag.py:545} INFO - Filling up the DagBag from /opt/airflow/dags/minio-snowflake.py
[2026-02-03T20:30:23.327+0000] {processor.py:840} INFO - DAG(s) 'minio_to_snowflake' retrieved from /opt/airflow/dags/minio-snowflake.py
[2026-02-03T20:30:23.363+0000] {logging_mixin.py:188} INFO - [2026-02-03T20:30:23.362+0000] {dag.py:3089} INFO - Sync 1 DAGs
[2026-02-03T20:30:23.397+0000] {logging_mixin.py:188} INFO - [2026-02-03T20:30:23.397+0000] {dag.py:3947} INFO - Setting next_dagrun for minio_to_snowflake to 2026-02-03 20:30:00+00:00, run_after=2026-02-03 20:31:00+00:00
[2026-02-03T20:30:23.429+0000] {processor.py:183} INFO - Processing /opt/airflow/dags/minio-snowflake.py took 1.309 seconds
[2026-02-03T20:30:53.979+0000] {processor.py:161} INFO - Started process (PID=11553) to work on /opt/airflow/dags/minio-snowflake.py
[2026-02-03T20:30:53.982+0000] {processor.py:830} INFO - Processing file /opt/airflow/dags/minio-snowflake.py for tasks to queue
[2026-02-03T20:30:53.986+0000] {logging_mixin.py:188} INFO - [2026-02-03T20:30:53.985+0000] {dagbag.py:545} INFO - Filling up the DagBag from /opt/airflow/dags/minio-snowflake.py
[2026-02-03T20:30:55.411+0000] {processor.py:840} INFO - DAG(s) 'minio_to_snowflake' retrieved from /opt/airflow/dags/minio-snowflake.py
[2026-02-03T20:30:55.460+0000] {logging_mixin.py:188} INFO - [2026-02-03T20:30:55.459+0000] {dag.py:3089} INFO - Sync 1 DAGs
[2026-02-03T20:30:55.497+0000] {logging_mixin.py:188} INFO - [2026-02-03T20:30:55.497+0000] {dag.py:3947} INFO - Setting next_dagrun for minio_to_snowflake to 2026-02-03 20:30:00+00:00, run_after=2026-02-03 20:31:00+00:00
[2026-02-03T20:30:55.532+0000] {processor.py:183} INFO - Processing /opt/airflow/dags/minio-snowflake.py took 1.570 seconds
[2026-02-03T20:31:25.794+0000] {processor.py:161} INFO - Started process (PID=12134) to work on /opt/airflow/dags/minio-snowflake.py
[2026-02-03T20:31:25.798+0000] {processor.py:830} INFO - Processing file /opt/airflow/dags/minio-snowflake.py for tasks to queue
[2026-02-03T20:31:25.804+0000] {logging_mixin.py:188} INFO - [2026-02-03T20:31:25.803+0000] {dagbag.py:545} INFO - Filling up the DagBag from /opt/airflow/dags/minio-snowflake.py
[2026-02-03T20:31:27.117+0000] {processor.py:840} INFO - DAG(s) 'minio_to_snowflake' retrieved from /opt/airflow/dags/minio-snowflake.py
[2026-02-03T20:31:27.168+0000] {logging_mixin.py:188} INFO - [2026-02-03T20:31:27.167+0000] {dag.py:3089} INFO - Sync 1 DAGs
[2026-02-03T20:31:27.215+0000] {logging_mixin.py:188} INFO - [2026-02-03T20:31:27.215+0000] {dag.py:3947} INFO - Setting next_dagrun for minio_to_snowflake to 2026-02-03 20:31:00+00:00, run_after=2026-02-03 20:32:00+00:00
[2026-02-03T20:31:27.250+0000] {processor.py:183} INFO - Processing /opt/airflow/dags/minio-snowflake.py took 1.472 seconds
[2026-02-03T20:31:57.752+0000] {processor.py:161} INFO - Started process (PID=12359) to work on /opt/airflow/dags/minio-snowflake.py
[2026-02-03T20:31:57.754+0000] {processor.py:830} INFO - Processing file /opt/airflow/dags/minio-snowflake.py for tasks to queue
[2026-02-03T20:31:57.759+0000] {logging_mixin.py:188} INFO - [2026-02-03T20:31:57.758+0000] {dagbag.py:545} INFO - Filling up the DagBag from /opt/airflow/dags/minio-snowflake.py
[2026-02-03T20:31:59.179+0000] {processor.py:840} INFO - DAG(s) 'minio_to_snowflake' retrieved from /opt/airflow/dags/minio-snowflake.py
[2026-02-03T20:31:59.220+0000] {logging_mixin.py:188} INFO - [2026-02-03T20:31:59.219+0000] {dag.py:3089} INFO - Sync 1 DAGs
[2026-02-03T20:31:59.258+0000] {logging_mixin.py:188} INFO - [2026-02-03T20:31:59.258+0000] {dag.py:3947} INFO - Setting next_dagrun for minio_to_snowflake to 2026-02-03 20:31:00+00:00, run_after=2026-02-03 20:32:00+00:00
[2026-02-03T20:31:59.288+0000] {processor.py:183} INFO - Processing /opt/airflow/dags/minio-snowflake.py took 1.553 seconds
[2026-02-03T20:32:29.540+0000] {processor.py:161} INFO - Started process (PID=12975) to work on /opt/airflow/dags/minio-snowflake.py
[2026-02-03T20:32:29.543+0000] {processor.py:830} INFO - Processing file /opt/airflow/dags/minio-snowflake.py for tasks to queue
[2026-02-03T20:32:29.548+0000] {logging_mixin.py:188} INFO - [2026-02-03T20:32:29.547+0000] {dagbag.py:545} INFO - Filling up the DagBag from /opt/airflow/dags/minio-snowflake.py
[2026-02-03T20:32:31.108+0000] {processor.py:840} INFO - DAG(s) 'minio_to_snowflake' retrieved from /opt/airflow/dags/minio-snowflake.py
[2026-02-03T20:32:31.159+0000] {logging_mixin.py:188} INFO - [2026-02-03T20:32:31.158+0000] {dag.py:3089} INFO - Sync 1 DAGs
[2026-02-03T20:32:31.202+0000] {logging_mixin.py:188} INFO - [2026-02-03T20:32:31.202+0000] {dag.py:3947} INFO - Setting next_dagrun for minio_to_snowflake to 2026-02-03 20:32:00+00:00, run_after=2026-02-03 20:33:00+00:00
[2026-02-03T20:32:31.251+0000] {processor.py:183} INFO - Processing /opt/airflow/dags/minio-snowflake.py took 1.727 seconds
[2026-02-03T20:33:01.638+0000] {processor.py:161} INFO - Started process (PID=13156) to work on /opt/airflow/dags/minio-snowflake.py
[2026-02-03T20:33:01.640+0000] {processor.py:830} INFO - Processing file /opt/airflow/dags/minio-snowflake.py for tasks to queue
[2026-02-03T20:33:01.644+0000] {logging_mixin.py:188} INFO - [2026-02-03T20:33:01.643+0000] {dagbag.py:545} INFO - Filling up the DagBag from /opt/airflow/dags/minio-snowflake.py
[2026-02-03T20:33:02.830+0000] {processor.py:840} INFO - DAG(s) 'minio_to_snowflake' retrieved from /opt/airflow/dags/minio-snowflake.py
[2026-02-03T20:33:02.868+0000] {logging_mixin.py:188} INFO - [2026-02-03T20:33:02.867+0000] {dag.py:3089} INFO - Sync 1 DAGs
[2026-02-03T20:33:02.903+0000] {logging_mixin.py:188} INFO - [2026-02-03T20:33:02.903+0000] {dag.py:3947} INFO - Setting next_dagrun for minio_to_snowflake to 2026-02-03 20:33:00+00:00, run_after=2026-02-03 20:34:00+00:00
[2026-02-03T20:33:02.936+0000] {processor.py:183} INFO - Processing /opt/airflow/dags/minio-snowflake.py took 1.306 seconds
[2026-02-03T20:33:33.304+0000] {processor.py:161} INFO - Started process (PID=13801) to work on /opt/airflow/dags/minio-snowflake.py
[2026-02-03T20:33:33.306+0000] {processor.py:830} INFO - Processing file /opt/airflow/dags/minio-snowflake.py for tasks to queue
[2026-02-03T20:33:33.311+0000] {logging_mixin.py:188} INFO - [2026-02-03T20:33:33.310+0000] {dagbag.py:545} INFO - Filling up the DagBag from /opt/airflow/dags/minio-snowflake.py
[2026-02-03T20:33:34.513+0000] {processor.py:840} INFO - DAG(s) 'minio_to_snowflake' retrieved from /opt/airflow/dags/minio-snowflake.py
[2026-02-03T20:33:34.548+0000] {logging_mixin.py:188} INFO - [2026-02-03T20:33:34.548+0000] {dag.py:3089} INFO - Sync 1 DAGs
[2026-02-03T20:33:34.582+0000] {logging_mixin.py:188} INFO - [2026-02-03T20:33:34.582+0000] {dag.py:3947} INFO - Setting next_dagrun for minio_to_snowflake to 2026-02-03 20:33:00+00:00, run_after=2026-02-03 20:34:00+00:00
[2026-02-03T20:33:34.613+0000] {processor.py:183} INFO - Processing /opt/airflow/dags/minio-snowflake.py took 1.321 seconds
[2026-02-03T20:34:04.742+0000] {processor.py:161} INFO - Started process (PID=13952) to work on /opt/airflow/dags/minio-snowflake.py
[2026-02-03T20:34:04.744+0000] {processor.py:830} INFO - Processing file /opt/airflow/dags/minio-snowflake.py for tasks to queue
[2026-02-03T20:34:04.747+0000] {logging_mixin.py:188} INFO - [2026-02-03T20:34:04.747+0000] {dagbag.py:545} INFO - Filling up the DagBag from /opt/airflow/dags/minio-snowflake.py
[2026-02-03T20:34:06.096+0000] {processor.py:840} INFO - DAG(s) 'minio_to_snowflake' retrieved from /opt/airflow/dags/minio-snowflake.py
[2026-02-03T20:34:06.135+0000] {logging_mixin.py:188} INFO - [2026-02-03T20:34:06.134+0000] {dag.py:3089} INFO - Sync 1 DAGs
[2026-02-03T20:34:06.171+0000] {logging_mixin.py:188} INFO - [2026-02-03T20:34:06.171+0000] {dag.py:3947} INFO - Setting next_dagrun for minio_to_snowflake to 2026-02-03 20:34:00+00:00, run_after=2026-02-03 20:35:00+00:00
[2026-02-03T20:34:06.204+0000] {processor.py:183} INFO - Processing /opt/airflow/dags/minio-snowflake.py took 1.473 seconds
[2026-02-03T20:34:36.345+0000] {processor.py:161} INFO - Started process (PID=14605) to work on /opt/airflow/dags/minio-snowflake.py
[2026-02-03T20:34:36.349+0000] {processor.py:830} INFO - Processing file /opt/airflow/dags/minio-snowflake.py for tasks to queue
[2026-02-03T20:34:36.353+0000] {logging_mixin.py:188} INFO - [2026-02-03T20:34:36.352+0000] {dagbag.py:545} INFO - Filling up the DagBag from /opt/airflow/dags/minio-snowflake.py
[2026-02-03T20:34:37.607+0000] {processor.py:840} INFO - DAG(s) 'minio_to_snowflake' retrieved from /opt/airflow/dags/minio-snowflake.py
[2026-02-03T20:34:37.643+0000] {logging_mixin.py:188} INFO - [2026-02-03T20:34:37.642+0000] {dag.py:3089} INFO - Sync 1 DAGs
[2026-02-03T20:34:37.680+0000] {logging_mixin.py:188} INFO - [2026-02-03T20:34:37.679+0000] {dag.py:3947} INFO - Setting next_dagrun for minio_to_snowflake to 2026-02-03 20:34:00+00:00, run_after=2026-02-03 20:35:00+00:00
[2026-02-03T20:34:37.718+0000] {processor.py:183} INFO - Processing /opt/airflow/dags/minio-snowflake.py took 1.387 seconds
[2026-02-03T20:35:08.115+0000] {processor.py:161} INFO - Started process (PID=14843) to work on /opt/airflow/dags/minio-snowflake.py
[2026-02-03T20:35:08.117+0000] {processor.py:830} INFO - Processing file /opt/airflow/dags/minio-snowflake.py for tasks to queue
[2026-02-03T20:35:08.121+0000] {logging_mixin.py:188} INFO - [2026-02-03T20:35:08.120+0000] {dagbag.py:545} INFO - Filling up the DagBag from /opt/airflow/dags/minio-snowflake.py
[2026-02-03T20:35:09.435+0000] {processor.py:840} INFO - DAG(s) 'minio_to_snowflake' retrieved from /opt/airflow/dags/minio-snowflake.py
[2026-02-03T20:35:09.475+0000] {logging_mixin.py:188} INFO - [2026-02-03T20:35:09.474+0000] {dag.py:3089} INFO - Sync 1 DAGs
[2026-02-03T20:35:09.519+0000] {logging_mixin.py:188} INFO - [2026-02-03T20:35:09.518+0000] {dag.py:3947} INFO - Setting next_dagrun for minio_to_snowflake to 2026-02-03 20:35:00+00:00, run_after=2026-02-03 20:36:00+00:00
[2026-02-03T20:35:09.559+0000] {processor.py:183} INFO - Processing /opt/airflow/dags/minio-snowflake.py took 1.458 seconds
[2026-02-03T20:35:39.941+0000] {processor.py:161} INFO - Started process (PID=15442) to work on /opt/airflow/dags/minio-snowflake.py
[2026-02-03T20:35:39.944+0000] {processor.py:830} INFO - Processing file /opt/airflow/dags/minio-snowflake.py for tasks to queue
[2026-02-03T20:35:39.947+0000] {logging_mixin.py:188} INFO - [2026-02-03T20:35:39.947+0000] {dagbag.py:545} INFO - Filling up the DagBag from /opt/airflow/dags/minio-snowflake.py
[2026-02-03T20:35:41.194+0000] {processor.py:840} INFO - DAG(s) 'minio_to_snowflake' retrieved from /opt/airflow/dags/minio-snowflake.py
[2026-02-03T20:35:41.229+0000] {logging_mixin.py:188} INFO - [2026-02-03T20:35:41.229+0000] {dag.py:3089} INFO - Sync 1 DAGs
[2026-02-03T20:35:41.262+0000] {logging_mixin.py:188} INFO - [2026-02-03T20:35:41.262+0000] {dag.py:3947} INFO - Setting next_dagrun for minio_to_snowflake to 2026-02-03 20:35:00+00:00, run_after=2026-02-03 20:36:00+00:00
[2026-02-03T20:35:41.297+0000] {processor.py:183} INFO - Processing /opt/airflow/dags/minio-snowflake.py took 1.370 seconds
[2026-02-03T20:36:11.664+0000] {processor.py:161} INFO - Started process (PID=16063) to work on /opt/airflow/dags/minio-snowflake.py
[2026-02-03T20:36:11.666+0000] {processor.py:830} INFO - Processing file /opt/airflow/dags/minio-snowflake.py for tasks to queue
[2026-02-03T20:36:11.670+0000] {logging_mixin.py:188} INFO - [2026-02-03T20:36:11.670+0000] {dagbag.py:545} INFO - Filling up the DagBag from /opt/airflow/dags/minio-snowflake.py
[2026-02-03T20:36:12.889+0000] {processor.py:840} INFO - DAG(s) 'minio_to_snowflake' retrieved from /opt/airflow/dags/minio-snowflake.py
[2026-02-03T20:36:12.933+0000] {logging_mixin.py:188} INFO - [2026-02-03T20:36:12.932+0000] {dag.py:3089} INFO - Sync 1 DAGs
[2026-02-03T20:36:12.970+0000] {logging_mixin.py:188} INFO - [2026-02-03T20:36:12.969+0000] {dag.py:3947} INFO - Setting next_dagrun for minio_to_snowflake to 2026-02-03 20:36:00+00:00, run_after=2026-02-03 20:37:00+00:00
[2026-02-03T20:36:13.006+0000] {processor.py:183} INFO - Processing /opt/airflow/dags/minio-snowflake.py took 1.352 seconds
[2026-02-03T20:36:43.364+0000] {processor.py:161} INFO - Started process (PID=16277) to work on /opt/airflow/dags/minio-snowflake.py
[2026-02-03T20:36:43.366+0000] {processor.py:830} INFO - Processing file /opt/airflow/dags/minio-snowflake.py for tasks to queue
[2026-02-03T20:36:43.372+0000] {logging_mixin.py:188} INFO - [2026-02-03T20:36:43.371+0000] {dagbag.py:545} INFO - Filling up the DagBag from /opt/airflow/dags/minio-snowflake.py
[2026-02-03T20:36:44.898+0000] {processor.py:840} INFO - DAG(s) 'minio_to_snowflake' retrieved from /opt/airflow/dags/minio-snowflake.py
[2026-02-03T20:36:44.937+0000] {logging_mixin.py:188} INFO - [2026-02-03T20:36:44.936+0000] {dag.py:3089} INFO - Sync 1 DAGs
[2026-02-03T20:36:44.975+0000] {logging_mixin.py:188} INFO - [2026-02-03T20:36:44.974+0000] {dag.py:3947} INFO - Setting next_dagrun for minio_to_snowflake to 2026-02-03 20:36:00+00:00, run_after=2026-02-03 20:37:00+00:00
[2026-02-03T20:36:45.012+0000] {processor.py:183} INFO - Processing /opt/airflow/dags/minio-snowflake.py took 1.661 seconds
[2026-02-03T20:37:15.223+0000] {processor.py:161} INFO - Started process (PID=16859) to work on /opt/airflow/dags/minio-snowflake.py
[2026-02-03T20:37:15.224+0000] {processor.py:830} INFO - Processing file /opt/airflow/dags/minio-snowflake.py for tasks to queue
[2026-02-03T20:37:15.228+0000] {logging_mixin.py:188} INFO - [2026-02-03T20:37:15.227+0000] {dagbag.py:545} INFO - Filling up the DagBag from /opt/airflow/dags/minio-snowflake.py
[2026-02-03T20:37:16.581+0000] {processor.py:840} INFO - DAG(s) 'minio_to_snowflake' retrieved from /opt/airflow/dags/minio-snowflake.py
[2026-02-03T20:37:16.624+0000] {logging_mixin.py:188} INFO - [2026-02-03T20:37:16.623+0000] {dag.py:3089} INFO - Sync 1 DAGs
[2026-02-03T20:37:16.660+0000] {logging_mixin.py:188} INFO - [2026-02-03T20:37:16.660+0000] {dag.py:3947} INFO - Setting next_dagrun for minio_to_snowflake to 2026-02-03 20:37:00+00:00, run_after=2026-02-03 20:38:00+00:00
[2026-02-03T20:37:16.692+0000] {processor.py:183} INFO - Processing /opt/airflow/dags/minio-snowflake.py took 1.479 seconds
[2026-02-03T20:37:47.025+0000] {processor.py:161} INFO - Started process (PID=17087) to work on /opt/airflow/dags/minio-snowflake.py
[2026-02-03T20:37:47.027+0000] {processor.py:830} INFO - Processing file /opt/airflow/dags/minio-snowflake.py for tasks to queue
[2026-02-03T20:37:47.030+0000] {logging_mixin.py:188} INFO - [2026-02-03T20:37:47.030+0000] {dagbag.py:545} INFO - Filling up the DagBag from /opt/airflow/dags/minio-snowflake.py
[2026-02-03T20:37:48.303+0000] {processor.py:840} INFO - DAG(s) 'minio_to_snowflake' retrieved from /opt/airflow/dags/minio-snowflake.py
[2026-02-03T20:37:48.345+0000] {logging_mixin.py:188} INFO - [2026-02-03T20:37:48.344+0000] {dag.py:3089} INFO - Sync 1 DAGs
[2026-02-03T20:37:48.383+0000] {logging_mixin.py:188} INFO - [2026-02-03T20:37:48.383+0000] {dag.py:3947} INFO - Setting next_dagrun for minio_to_snowflake to 2026-02-03 20:37:00+00:00, run_after=2026-02-03 20:38:00+00:00
[2026-02-03T20:37:48.417+0000] {processor.py:183} INFO - Processing /opt/airflow/dags/minio-snowflake.py took 1.402 seconds
[2026-02-03T20:38:18.714+0000] {processor.py:161} INFO - Started process (PID=17682) to work on /opt/airflow/dags/minio-snowflake.py
[2026-02-03T20:38:18.716+0000] {processor.py:830} INFO - Processing file /opt/airflow/dags/minio-snowflake.py for tasks to queue
[2026-02-03T20:38:18.720+0000] {logging_mixin.py:188} INFO - [2026-02-03T20:38:18.719+0000] {dagbag.py:545} INFO - Filling up the DagBag from /opt/airflow/dags/minio-snowflake.py
[2026-02-03T20:38:19.915+0000] {processor.py:840} INFO - DAG(s) 'minio_to_snowflake' retrieved from /opt/airflow/dags/minio-snowflake.py
[2026-02-03T20:38:19.958+0000] {logging_mixin.py:188} INFO - [2026-02-03T20:38:19.955+0000] {dag.py:3089} INFO - Sync 1 DAGs
[2026-02-03T20:38:19.999+0000] {logging_mixin.py:188} INFO - [2026-02-03T20:38:19.998+0000] {dag.py:3947} INFO - Setting next_dagrun for minio_to_snowflake to 2026-02-03 20:38:00+00:00, run_after=2026-02-03 20:39:00+00:00
[2026-02-03T20:38:20.036+0000] {processor.py:183} INFO - Processing /opt/airflow/dags/minio-snowflake.py took 1.386 seconds
[2026-02-03T20:38:50.386+0000] {processor.py:161} INFO - Started process (PID=17923) to work on /opt/airflow/dags/minio-snowflake.py
[2026-02-03T20:38:50.401+0000] {processor.py:830} INFO - Processing file /opt/airflow/dags/minio-snowflake.py for tasks to queue
[2026-02-03T20:38:50.405+0000] {logging_mixin.py:188} INFO - [2026-02-03T20:38:50.404+0000] {dagbag.py:545} INFO - Filling up the DagBag from /opt/airflow/dags/minio-snowflake.py
[2026-02-03T20:38:51.629+0000] {processor.py:840} INFO - DAG(s) 'minio_to_snowflake' retrieved from /opt/airflow/dags/minio-snowflake.py
[2026-02-03T20:38:51.666+0000] {logging_mixin.py:188} INFO - [2026-02-03T20:38:51.666+0000] {dag.py:3089} INFO - Sync 1 DAGs
[2026-02-03T20:38:51.700+0000] {logging_mixin.py:188} INFO - [2026-02-03T20:38:51.700+0000] {dag.py:3947} INFO - Setting next_dagrun for minio_to_snowflake to 2026-02-03 20:38:00+00:00, run_after=2026-02-03 20:39:00+00:00
[2026-02-03T20:38:51.730+0000] {processor.py:183} INFO - Processing /opt/airflow/dags/minio-snowflake.py took 1.354 seconds
[2026-02-03T20:39:22.206+0000] {processor.py:161} INFO - Started process (PID=18499) to work on /opt/airflow/dags/minio-snowflake.py
[2026-02-03T20:39:22.208+0000] {processor.py:830} INFO - Processing file /opt/airflow/dags/minio-snowflake.py for tasks to queue
[2026-02-03T20:39:22.213+0000] {logging_mixin.py:188} INFO - [2026-02-03T20:39:22.212+0000] {dagbag.py:545} INFO - Filling up the DagBag from /opt/airflow/dags/minio-snowflake.py
[2026-02-03T20:39:23.596+0000] {processor.py:840} INFO - DAG(s) 'minio_to_snowflake' retrieved from /opt/airflow/dags/minio-snowflake.py
[2026-02-03T20:39:23.641+0000] {logging_mixin.py:188} INFO - [2026-02-03T20:39:23.640+0000] {dag.py:3089} INFO - Sync 1 DAGs
[2026-02-03T20:39:23.681+0000] {logging_mixin.py:188} INFO - [2026-02-03T20:39:23.680+0000] {dag.py:3947} INFO - Setting next_dagrun for minio_to_snowflake to 2026-02-03 20:39:00+00:00, run_after=2026-02-03 20:40:00+00:00
[2026-02-03T20:39:23.716+0000] {processor.py:183} INFO - Processing /opt/airflow/dags/minio-snowflake.py took 1.522 seconds
[2026-02-03T20:39:54.121+0000] {processor.py:161} INFO - Started process (PID=18724) to work on /opt/airflow/dags/minio-snowflake.py
[2026-02-03T20:39:54.132+0000] {processor.py:830} INFO - Processing file /opt/airflow/dags/minio-snowflake.py for tasks to queue
[2026-02-03T20:39:54.137+0000] {logging_mixin.py:188} INFO - [2026-02-03T20:39:54.136+0000] {dagbag.py:545} INFO - Filling up the DagBag from /opt/airflow/dags/minio-snowflake.py
[2026-02-03T20:39:55.415+0000] {processor.py:840} INFO - DAG(s) 'minio_to_snowflake' retrieved from /opt/airflow/dags/minio-snowflake.py
[2026-02-03T20:39:55.453+0000] {logging_mixin.py:188} INFO - [2026-02-03T20:39:55.453+0000] {dag.py:3089} INFO - Sync 1 DAGs
[2026-02-03T20:39:55.490+0000] {logging_mixin.py:188} INFO - [2026-02-03T20:39:55.489+0000] {dag.py:3947} INFO - Setting next_dagrun for minio_to_snowflake to 2026-02-03 20:39:00+00:00, run_after=2026-02-03 20:40:00+00:00
[2026-02-03T20:39:55.522+0000] {processor.py:183} INFO - Processing /opt/airflow/dags/minio-snowflake.py took 1.411 seconds
[2026-02-03T20:40:25.866+0000] {processor.py:161} INFO - Started process (PID=19310) to work on /opt/airflow/dags/minio-snowflake.py
[2026-02-03T20:40:25.869+0000] {processor.py:830} INFO - Processing file /opt/airflow/dags/minio-snowflake.py for tasks to queue
[2026-02-03T20:40:25.873+0000] {logging_mixin.py:188} INFO - [2026-02-03T20:40:25.872+0000] {dagbag.py:545} INFO - Filling up the DagBag from /opt/airflow/dags/minio-snowflake.py
[2026-02-03T20:40:27.220+0000] {processor.py:840} INFO - DAG(s) 'minio_to_snowflake' retrieved from /opt/airflow/dags/minio-snowflake.py
[2026-02-03T20:40:27.268+0000] {logging_mixin.py:188} INFO - [2026-02-03T20:40:27.266+0000] {dag.py:3089} INFO - Sync 1 DAGs
[2026-02-03T20:40:27.311+0000] {logging_mixin.py:188} INFO - [2026-02-03T20:40:27.310+0000] {dag.py:3947} INFO - Setting next_dagrun for minio_to_snowflake to 2026-02-03 20:40:00+00:00, run_after=2026-02-03 20:41:00+00:00
[2026-02-03T20:40:27.341+0000] {processor.py:183} INFO - Processing /opt/airflow/dags/minio-snowflake.py took 1.490 seconds
[2026-02-03T20:40:57.815+0000] {processor.py:161} INFO - Started process (PID=19520) to work on /opt/airflow/dags/minio-snowflake.py
[2026-02-03T20:40:57.817+0000] {processor.py:830} INFO - Processing file /opt/airflow/dags/minio-snowflake.py for tasks to queue
[2026-02-03T20:40:57.821+0000] {logging_mixin.py:188} INFO - [2026-02-03T20:40:57.820+0000] {dagbag.py:545} INFO - Filling up the DagBag from /opt/airflow/dags/minio-snowflake.py
[2026-02-03T20:40:59.040+0000] {processor.py:840} INFO - DAG(s) 'minio_to_snowflake' retrieved from /opt/airflow/dags/minio-snowflake.py
[2026-02-03T20:40:59.079+0000] {logging_mixin.py:188} INFO - [2026-02-03T20:40:59.078+0000] {dag.py:3089} INFO - Sync 1 DAGs
[2026-02-03T20:40:59.119+0000] {logging_mixin.py:188} INFO - [2026-02-03T20:40:59.119+0000] {dag.py:3947} INFO - Setting next_dagrun for minio_to_snowflake to 2026-02-03 20:40:00+00:00, run_after=2026-02-03 20:41:00+00:00
[2026-02-03T20:40:59.148+0000] {processor.py:183} INFO - Processing /opt/airflow/dags/minio-snowflake.py took 1.345 seconds
[2026-02-03T20:41:29.471+0000] {processor.py:161} INFO - Started process (PID=20147) to work on /opt/airflow/dags/minio-snowflake.py
[2026-02-03T20:41:29.474+0000] {processor.py:830} INFO - Processing file /opt/airflow/dags/minio-snowflake.py for tasks to queue
[2026-02-03T20:41:29.477+0000] {logging_mixin.py:188} INFO - [2026-02-03T20:41:29.477+0000] {dagbag.py:545} INFO - Filling up the DagBag from /opt/airflow/dags/minio-snowflake.py
[2026-02-03T20:41:30.719+0000] {processor.py:840} INFO - DAG(s) 'minio_to_snowflake' retrieved from /opt/airflow/dags/minio-snowflake.py
[2026-02-03T20:41:30.759+0000] {logging_mixin.py:188} INFO - [2026-02-03T20:41:30.758+0000] {dag.py:3089} INFO - Sync 1 DAGs
[2026-02-03T20:41:30.799+0000] {logging_mixin.py:188} INFO - [2026-02-03T20:41:30.798+0000] {dag.py:3947} INFO - Setting next_dagrun for minio_to_snowflake to 2026-02-03 20:41:00+00:00, run_after=2026-02-03 20:42:00+00:00
[2026-02-03T20:41:30.826+0000] {processor.py:183} INFO - Processing /opt/airflow/dags/minio-snowflake.py took 1.364 seconds
[2026-02-03T20:42:01.238+0000] {processor.py:161} INFO - Started process (PID=20317) to work on /opt/airflow/dags/minio-snowflake.py
[2026-02-03T20:42:01.240+0000] {processor.py:830} INFO - Processing file /opt/airflow/dags/minio-snowflake.py for tasks to queue
[2026-02-03T20:42:01.244+0000] {logging_mixin.py:188} INFO - [2026-02-03T20:42:01.243+0000] {dagbag.py:545} INFO - Filling up the DagBag from /opt/airflow/dags/minio-snowflake.py
[2026-02-03T20:42:02.408+0000] {processor.py:840} INFO - DAG(s) 'minio_to_snowflake' retrieved from /opt/airflow/dags/minio-snowflake.py
[2026-02-03T20:42:02.449+0000] {logging_mixin.py:188} INFO - [2026-02-03T20:42:02.448+0000] {dag.py:3089} INFO - Sync 1 DAGs
[2026-02-03T20:42:02.484+0000] {logging_mixin.py:188} INFO - [2026-02-03T20:42:02.484+0000] {dag.py:3947} INFO - Setting next_dagrun for minio_to_snowflake to 2026-02-03 20:42:00+00:00, run_after=2026-02-03 20:43:00+00:00
[2026-02-03T20:42:02.517+0000] {processor.py:183} INFO - Processing /opt/airflow/dags/minio-snowflake.py took 1.288 seconds
[2026-02-03T20:42:32.853+0000] {processor.py:161} INFO - Started process (PID=20973) to work on /opt/airflow/dags/minio-snowflake.py
[2026-02-03T20:42:32.856+0000] {processor.py:830} INFO - Processing file /opt/airflow/dags/minio-snowflake.py for tasks to queue
[2026-02-03T20:42:32.860+0000] {logging_mixin.py:188} INFO - [2026-02-03T20:42:32.859+0000] {dagbag.py:545} INFO - Filling up the DagBag from /opt/airflow/dags/minio-snowflake.py
[2026-02-03T20:42:34.095+0000] {processor.py:840} INFO - DAG(s) 'minio_to_snowflake' retrieved from /opt/airflow/dags/minio-snowflake.py
[2026-02-03T20:42:34.133+0000] {logging_mixin.py:188} INFO - [2026-02-03T20:42:34.133+0000] {dag.py:3089} INFO - Sync 1 DAGs
[2026-02-03T20:42:34.168+0000] {logging_mixin.py:188} INFO - [2026-02-03T20:42:34.168+0000] {dag.py:3947} INFO - Setting next_dagrun for minio_to_snowflake to 2026-02-03 20:42:00+00:00, run_after=2026-02-03 20:43:00+00:00
[2026-02-03T20:42:34.202+0000] {processor.py:183} INFO - Processing /opt/airflow/dags/minio-snowflake.py took 1.360 seconds
[2026-02-03T20:43:04.744+0000] {processor.py:161} INFO - Started process (PID=21133) to work on /opt/airflow/dags/minio-snowflake.py
[2026-02-03T20:43:04.747+0000] {processor.py:830} INFO - Processing file /opt/airflow/dags/minio-snowflake.py for tasks to queue
[2026-02-03T20:43:04.752+0000] {logging_mixin.py:188} INFO - [2026-02-03T20:43:04.751+0000] {dagbag.py:545} INFO - Filling up the DagBag from /opt/airflow/dags/minio-snowflake.py
[2026-02-03T20:43:05.986+0000] {processor.py:840} INFO - DAG(s) 'minio_to_snowflake' retrieved from /opt/airflow/dags/minio-snowflake.py
[2026-02-03T20:43:06.023+0000] {logging_mixin.py:188} INFO - [2026-02-03T20:43:06.022+0000] {dag.py:3089} INFO - Sync 1 DAGs
[2026-02-03T20:43:06.059+0000] {logging_mixin.py:188} INFO - [2026-02-03T20:43:06.058+0000] {dag.py:3947} INFO - Setting next_dagrun for minio_to_snowflake to 2026-02-03 20:43:00+00:00, run_after=2026-02-03 20:44:00+00:00
[2026-02-03T20:43:06.091+0000] {processor.py:183} INFO - Processing /opt/airflow/dags/minio-snowflake.py took 1.361 seconds
[2026-02-03T20:43:36.399+0000] {processor.py:161} INFO - Started process (PID=21794) to work on /opt/airflow/dags/minio-snowflake.py
[2026-02-03T20:43:36.401+0000] {processor.py:830} INFO - Processing file /opt/airflow/dags/minio-snowflake.py for tasks to queue
[2026-02-03T20:43:36.405+0000] {logging_mixin.py:188} INFO - [2026-02-03T20:43:36.404+0000] {dagbag.py:545} INFO - Filling up the DagBag from /opt/airflow/dags/minio-snowflake.py
[2026-02-03T20:43:37.669+0000] {processor.py:840} INFO - DAG(s) 'minio_to_snowflake' retrieved from /opt/airflow/dags/minio-snowflake.py
[2026-02-03T20:43:37.722+0000] {logging_mixin.py:188} INFO - [2026-02-03T20:43:37.721+0000] {dag.py:3089} INFO - Sync 1 DAGs
[2026-02-03T20:43:37.760+0000] {logging_mixin.py:188} INFO - [2026-02-03T20:43:37.760+0000] {dag.py:3947} INFO - Setting next_dagrun for minio_to_snowflake to 2026-02-03 20:43:00+00:00, run_after=2026-02-03 20:44:00+00:00
[2026-02-03T20:43:37.791+0000] {processor.py:183} INFO - Processing /opt/airflow/dags/minio-snowflake.py took 1.401 seconds
[2026-02-03T20:44:08.139+0000] {processor.py:161} INFO - Started process (PID=22083) to work on /opt/airflow/dags/minio-snowflake.py
[2026-02-03T20:44:08.141+0000] {processor.py:830} INFO - Processing file /opt/airflow/dags/minio-snowflake.py for tasks to queue
[2026-02-03T20:44:08.146+0000] {logging_mixin.py:188} INFO - [2026-02-03T20:44:08.146+0000] {dagbag.py:545} INFO - Filling up the DagBag from /opt/airflow/dags/minio-snowflake.py
[2026-02-03T20:44:09.492+0000] {processor.py:840} INFO - DAG(s) 'minio_to_snowflake' retrieved from /opt/airflow/dags/minio-snowflake.py
[2026-02-03T20:44:09.534+0000] {logging_mixin.py:188} INFO - [2026-02-03T20:44:09.531+0000] {dag.py:3089} INFO - Sync 1 DAGs
[2026-02-03T20:44:09.573+0000] {logging_mixin.py:188} INFO - [2026-02-03T20:44:09.572+0000] {dag.py:3947} INFO - Setting next_dagrun for minio_to_snowflake to 2026-02-03 20:44:00+00:00, run_after=2026-02-03 20:45:00+00:00
[2026-02-03T20:44:09.605+0000] {processor.py:183} INFO - Processing /opt/airflow/dags/minio-snowflake.py took 1.480 seconds
[2026-02-03T20:44:39.980+0000] {processor.py:161} INFO - Started process (PID=22603) to work on /opt/airflow/dags/minio-snowflake.py
[2026-02-03T20:44:39.982+0000] {processor.py:830} INFO - Processing file /opt/airflow/dags/minio-snowflake.py for tasks to queue
[2026-02-03T20:44:39.986+0000] {logging_mixin.py:188} INFO - [2026-02-03T20:44:39.985+0000] {dagbag.py:545} INFO - Filling up the DagBag from /opt/airflow/dags/minio-snowflake.py
[2026-02-03T20:44:41.206+0000] {processor.py:840} INFO - DAG(s) 'minio_to_snowflake' retrieved from /opt/airflow/dags/minio-snowflake.py
[2026-02-03T20:44:41.248+0000] {logging_mixin.py:188} INFO - [2026-02-03T20:44:41.248+0000] {dag.py:3089} INFO - Sync 1 DAGs
[2026-02-03T20:44:41.283+0000] {logging_mixin.py:188} INFO - [2026-02-03T20:44:41.283+0000] {dag.py:3947} INFO - Setting next_dagrun for minio_to_snowflake to 2026-02-03 20:44:00+00:00, run_after=2026-02-03 20:45:00+00:00
[2026-02-03T20:44:41.315+0000] {processor.py:183} INFO - Processing /opt/airflow/dags/minio-snowflake.py took 1.346 seconds
[2026-02-03T20:45:11.663+0000] {processor.py:161} INFO - Started process (PID=23223) to work on /opt/airflow/dags/minio-snowflake.py
[2026-02-03T20:45:11.665+0000] {processor.py:830} INFO - Processing file /opt/airflow/dags/minio-snowflake.py for tasks to queue
[2026-02-03T20:45:11.669+0000] {logging_mixin.py:188} INFO - [2026-02-03T20:45:11.668+0000] {dagbag.py:545} INFO - Filling up the DagBag from /opt/airflow/dags/minio-snowflake.py
[2026-02-03T20:45:12.843+0000] {processor.py:840} INFO - DAG(s) 'minio_to_snowflake' retrieved from /opt/airflow/dags/minio-snowflake.py
[2026-02-03T20:45:12.877+0000] {logging_mixin.py:188} INFO - [2026-02-03T20:45:12.877+0000] {dag.py:3089} INFO - Sync 1 DAGs
[2026-02-03T20:45:12.910+0000] {logging_mixin.py:188} INFO - [2026-02-03T20:45:12.910+0000] {dag.py:3947} INFO - Setting next_dagrun for minio_to_snowflake to 2026-02-03 20:45:00+00:00, run_after=2026-02-03 20:46:00+00:00
[2026-02-03T20:45:12.940+0000] {processor.py:183} INFO - Processing /opt/airflow/dags/minio-snowflake.py took 1.287 seconds
[2026-02-03T20:45:43.272+0000] {processor.py:161} INFO - Started process (PID=23421) to work on /opt/airflow/dags/minio-snowflake.py
[2026-02-03T20:45:43.275+0000] {processor.py:830} INFO - Processing file /opt/airflow/dags/minio-snowflake.py for tasks to queue
[2026-02-03T20:45:43.280+0000] {logging_mixin.py:188} INFO - [2026-02-03T20:45:43.279+0000] {dagbag.py:545} INFO - Filling up the DagBag from /opt/airflow/dags/minio-snowflake.py
[2026-02-03T20:45:44.527+0000] {processor.py:840} INFO - DAG(s) 'minio_to_snowflake' retrieved from /opt/airflow/dags/minio-snowflake.py
[2026-02-03T20:45:44.564+0000] {logging_mixin.py:188} INFO - [2026-02-03T20:45:44.563+0000] {dag.py:3089} INFO - Sync 1 DAGs
[2026-02-03T20:45:44.599+0000] {logging_mixin.py:188} INFO - [2026-02-03T20:45:44.599+0000] {dag.py:3947} INFO - Setting next_dagrun for minio_to_snowflake to 2026-02-03 20:45:00+00:00, run_after=2026-02-03 20:46:00+00:00
[2026-02-03T20:45:44.634+0000] {processor.py:183} INFO - Processing /opt/airflow/dags/minio-snowflake.py took 1.376 seconds
[2026-02-03T20:46:15.130+0000] {processor.py:161} INFO - Started process (PID=24020) to work on /opt/airflow/dags/minio-snowflake.py
[2026-02-03T20:46:15.133+0000] {processor.py:830} INFO - Processing file /opt/airflow/dags/minio-snowflake.py for tasks to queue
[2026-02-03T20:46:15.138+0000] {logging_mixin.py:188} INFO - [2026-02-03T20:46:15.137+0000] {dagbag.py:545} INFO - Filling up the DagBag from /opt/airflow/dags/minio-snowflake.py
[2026-02-03T20:46:16.432+0000] {processor.py:840} INFO - DAG(s) 'minio_to_snowflake' retrieved from /opt/airflow/dags/minio-snowflake.py
[2026-02-03T20:46:16.490+0000] {logging_mixin.py:188} INFO - [2026-02-03T20:46:16.489+0000] {dag.py:3089} INFO - Sync 1 DAGs
[2026-02-03T20:46:16.532+0000] {logging_mixin.py:188} INFO - [2026-02-03T20:46:16.532+0000] {dag.py:3947} INFO - Setting next_dagrun for minio_to_snowflake to 2026-02-03 20:46:00+00:00, run_after=2026-02-03 20:47:00+00:00
[2026-02-03T20:46:16.573+0000] {processor.py:183} INFO - Processing /opt/airflow/dags/minio-snowflake.py took 1.458 seconds
[2026-02-03T20:46:46.880+0000] {processor.py:161} INFO - Started process (PID=24217) to work on /opt/airflow/dags/minio-snowflake.py
[2026-02-03T20:46:46.884+0000] {processor.py:830} INFO - Processing file /opt/airflow/dags/minio-snowflake.py for tasks to queue
[2026-02-03T20:46:46.888+0000] {logging_mixin.py:188} INFO - [2026-02-03T20:46:46.887+0000] {dagbag.py:545} INFO - Filling up the DagBag from /opt/airflow/dags/minio-snowflake.py
[2026-02-03T20:46:48.122+0000] {processor.py:840} INFO - DAG(s) 'minio_to_snowflake' retrieved from /opt/airflow/dags/minio-snowflake.py
[2026-02-03T20:46:48.100+0000] {logging_mixin.py:188} INFO - [2026-02-03T20:46:48.099+0000] {dag.py:3089} INFO - Sync 1 DAGs
[2026-02-03T20:46:48.136+0000] {logging_mixin.py:188} INFO - [2026-02-03T20:46:48.136+0000] {dag.py:3947} INFO - Setting next_dagrun for minio_to_snowflake to 2026-02-03 20:46:00+00:00, run_after=2026-02-03 20:47:00+00:00
[2026-02-03T20:46:48.166+0000] {processor.py:183} INFO - Processing /opt/airflow/dags/minio-snowflake.py took 1.359 seconds
[2026-02-03T20:47:18.508+0000] {processor.py:161} INFO - Started process (PID=24838) to work on /opt/airflow/dags/minio-snowflake.py
[2026-02-03T20:47:18.511+0000] {processor.py:830} INFO - Processing file /opt/airflow/dags/minio-snowflake.py for tasks to queue
[2026-02-03T20:47:18.515+0000] {logging_mixin.py:188} INFO - [2026-02-03T20:47:18.514+0000] {dagbag.py:545} INFO - Filling up the DagBag from /opt/airflow/dags/minio-snowflake.py
[2026-02-03T20:47:19.704+0000] {processor.py:840} INFO - DAG(s) 'minio_to_snowflake' retrieved from /opt/airflow/dags/minio-snowflake.py
[2026-02-03T20:47:19.742+0000] {logging_mixin.py:188} INFO - [2026-02-03T20:47:19.741+0000] {dag.py:3089} INFO - Sync 1 DAGs
[2026-02-03T20:47:19.774+0000] {logging_mixin.py:188} INFO - [2026-02-03T20:47:19.773+0000] {dag.py:3947} INFO - Setting next_dagrun for minio_to_snowflake to 2026-02-03 20:47:00+00:00, run_after=2026-02-03 20:48:00+00:00
[2026-02-03T20:47:19.808+0000] {processor.py:183} INFO - Processing /opt/airflow/dags/minio-snowflake.py took 1.314 seconds
[2026-02-03T20:47:50.175+0000] {processor.py:161} INFO - Started process (PID=25069) to work on /opt/airflow/dags/minio-snowflake.py
[2026-02-03T20:47:50.177+0000] {processor.py:830} INFO - Processing file /opt/airflow/dags/minio-snowflake.py for tasks to queue
[2026-02-03T20:47:50.180+0000] {logging_mixin.py:188} INFO - [2026-02-03T20:47:50.180+0000] {dagbag.py:545} INFO - Filling up the DagBag from /opt/airflow/dags/minio-snowflake.py
[2026-02-03T20:47:51.381+0000] {processor.py:840} INFO - DAG(s) 'minio_to_snowflake' retrieved from /opt/airflow/dags/minio-snowflake.py
[2026-02-03T20:47:51.416+0000] {logging_mixin.py:188} INFO - [2026-02-03T20:47:51.415+0000] {dag.py:3089} INFO - Sync 1 DAGs
[2026-02-03T20:47:51.453+0000] {logging_mixin.py:188} INFO - [2026-02-03T20:47:51.453+0000] {dag.py:3947} INFO - Setting next_dagrun for minio_to_snowflake to 2026-02-03 20:47:00+00:00, run_after=2026-02-03 20:48:00+00:00
[2026-02-03T20:47:51.479+0000] {processor.py:183} INFO - Processing /opt/airflow/dags/minio-snowflake.py took 1.318 seconds
[2026-02-03T20:48:21.877+0000] {processor.py:161} INFO - Started process (PID=25648) to work on /opt/airflow/dags/minio-snowflake.py
[2026-02-03T20:48:21.880+0000] {processor.py:830} INFO - Processing file /opt/airflow/dags/minio-snowflake.py for tasks to queue
[2026-02-03T20:48:21.885+0000] {logging_mixin.py:188} INFO - [2026-02-03T20:48:21.884+0000] {dagbag.py:545} INFO - Filling up the DagBag from /opt/airflow/dags/minio-snowflake.py
[2026-02-03T20:48:23.093+0000] {processor.py:840} INFO - DAG(s) 'minio_to_snowflake' retrieved from /opt/airflow/dags/minio-snowflake.py
[2026-02-03T20:48:23.125+0000] {logging_mixin.py:188} INFO - [2026-02-03T20:48:23.125+0000] {dag.py:3089} INFO - Sync 1 DAGs
[2026-02-03T20:48:23.161+0000] {logging_mixin.py:188} INFO - [2026-02-03T20:48:23.161+0000] {dag.py:3947} INFO - Setting next_dagrun for minio_to_snowflake to 2026-02-03 20:48:00+00:00, run_after=2026-02-03 20:49:00+00:00
[2026-02-03T20:48:23.193+0000] {processor.py:183} INFO - Processing /opt/airflow/dags/minio-snowflake.py took 1.326 seconds
[2026-02-03T20:48:53.553+0000] {processor.py:161} INFO - Started process (PID=25878) to work on /opt/airflow/dags/minio-snowflake.py
[2026-02-03T20:48:53.556+0000] {processor.py:830} INFO - Processing file /opt/airflow/dags/minio-snowflake.py for tasks to queue
[2026-02-03T20:48:53.560+0000] {logging_mixin.py:188} INFO - [2026-02-03T20:48:53.559+0000] {dagbag.py:545} INFO - Filling up the DagBag from /opt/airflow/dags/minio-snowflake.py
[2026-02-03T20:48:54.807+0000] {processor.py:840} INFO - DAG(s) 'minio_to_snowflake' retrieved from /opt/airflow/dags/minio-snowflake.py
[2026-02-03T20:48:54.846+0000] {logging_mixin.py:188} INFO - [2026-02-03T20:48:54.845+0000] {dag.py:3089} INFO - Sync 1 DAGs
[2026-02-03T20:48:54.889+0000] {logging_mixin.py:188} INFO - [2026-02-03T20:48:54.889+0000] {dag.py:3947} INFO - Setting next_dagrun for minio_to_snowflake to 2026-02-03 20:48:00+00:00, run_after=2026-02-03 20:49:00+00:00
[2026-02-03T20:48:54.920+0000] {processor.py:183} INFO - Processing /opt/airflow/dags/minio-snowflake.py took 1.381 seconds
[2026-02-03T20:49:25.287+0000] {processor.py:161} INFO - Started process (PID=26467) to work on /opt/airflow/dags/minio-snowflake.py
[2026-02-03T20:49:25.289+0000] {processor.py:830} INFO - Processing file /opt/airflow/dags/minio-snowflake.py for tasks to queue
[2026-02-03T20:49:25.293+0000] {logging_mixin.py:188} INFO - [2026-02-03T20:49:25.293+0000] {dagbag.py:545} INFO - Filling up the DagBag from /opt/airflow/dags/minio-snowflake.py
[2026-02-03T20:49:26.528+0000] {processor.py:840} INFO - DAG(s) 'minio_to_snowflake' retrieved from /opt/airflow/dags/minio-snowflake.py
[2026-02-03T20:49:26.570+0000] {logging_mixin.py:188} INFO - [2026-02-03T20:49:26.569+0000] {dag.py:3089} INFO - Sync 1 DAGs
[2026-02-03T20:49:26.610+0000] {logging_mixin.py:188} INFO - [2026-02-03T20:49:26.610+0000] {dag.py:3947} INFO - Setting next_dagrun for minio_to_snowflake to 2026-02-03 20:49:00+00:00, run_after=2026-02-03 20:50:00+00:00
[2026-02-03T20:49:26.644+0000] {processor.py:183} INFO - Processing /opt/airflow/dags/minio-snowflake.py took 1.367 seconds
[2026-02-03T20:49:57.003+0000] {processor.py:161} INFO - Started process (PID=26681) to work on /opt/airflow/dags/minio-snowflake.py
[2026-02-03T20:49:57.005+0000] {processor.py:830} INFO - Processing file /opt/airflow/dags/minio-snowflake.py for tasks to queue
[2026-02-03T20:49:57.009+0000] {logging_mixin.py:188} INFO - [2026-02-03T20:49:57.008+0000] {dagbag.py:545} INFO - Filling up the DagBag from /opt/airflow/dags/minio-snowflake.py
[2026-02-03T20:49:58.081+0000] {processor.py:840} INFO - DAG(s) 'minio_to_snowflake' retrieved from /opt/airflow/dags/minio-snowflake.py
[2026-02-03T20:49:58.115+0000] {logging_mixin.py:188} INFO - [2026-02-03T20:49:58.114+0000] {dag.py:3089} INFO - Sync 1 DAGs
[2026-02-03T20:49:58.148+0000] {logging_mixin.py:188} INFO - [2026-02-03T20:49:58.148+0000] {dag.py:3947} INFO - Setting next_dagrun for minio_to_snowflake to 2026-02-03 20:49:00+00:00, run_after=2026-02-03 20:50:00+00:00
[2026-02-03T20:49:58.180+0000] {processor.py:183} INFO - Processing /opt/airflow/dags/minio-snowflake.py took 1.186 seconds
[2026-02-03T20:50:28.311+0000] {processor.py:161} INFO - Started process (PID=27296) to work on /opt/airflow/dags/minio-snowflake.py
[2026-02-03T20:50:28.313+0000] {processor.py:830} INFO - Processing file /opt/airflow/dags/minio-snowflake.py for tasks to queue
[2026-02-03T20:50:28.317+0000] {logging_mixin.py:188} INFO - [2026-02-03T20:50:28.316+0000] {dagbag.py:545} INFO - Filling up the DagBag from /opt/airflow/dags/minio-snowflake.py
[2026-02-03T20:50:29.541+0000] {processor.py:840} INFO - DAG(s) 'minio_to_snowflake' retrieved from /opt/airflow/dags/minio-snowflake.py
[2026-02-03T20:50:29.580+0000] {logging_mixin.py:188} INFO - [2026-02-03T20:50:29.579+0000] {dag.py:3089} INFO - Sync 1 DAGs
[2026-02-03T20:50:29.617+0000] {logging_mixin.py:188} INFO - [2026-02-03T20:50:29.616+0000] {dag.py:3947} INFO - Setting next_dagrun for minio_to_snowflake to 2026-02-03 20:50:00+00:00, run_after=2026-02-03 20:51:00+00:00
[2026-02-03T20:50:29.649+0000] {processor.py:183} INFO - Processing /opt/airflow/dags/minio-snowflake.py took 1.348 seconds
[2026-02-03T20:50:59.876+0000] {processor.py:161} INFO - Started process (PID=27477) to work on /opt/airflow/dags/minio-snowflake.py
[2026-02-03T20:50:59.879+0000] {processor.py:830} INFO - Processing file /opt/airflow/dags/minio-snowflake.py for tasks to queue
[2026-02-03T20:50:59.882+0000] {logging_mixin.py:188} INFO - [2026-02-03T20:50:59.882+0000] {dagbag.py:545} INFO - Filling up the DagBag from /opt/airflow/dags/minio-snowflake.py
[2026-02-03T20:51:01.015+0000] {processor.py:840} INFO - DAG(s) 'minio_to_snowflake' retrieved from /opt/airflow/dags/minio-snowflake.py
[2026-02-03T20:51:01.054+0000] {logging_mixin.py:188} INFO - [2026-02-03T20:51:01.053+0000] {dag.py:3089} INFO - Sync 1 DAGs
[2026-02-03T20:51:01.092+0000] {logging_mixin.py:188} INFO - [2026-02-03T20:51:01.092+0000] {dag.py:3947} INFO - Setting next_dagrun for minio_to_snowflake to 2026-02-03 20:51:00+00:00, run_after=2026-02-03 20:52:00+00:00
[2026-02-03T20:51:01.126+0000] {processor.py:183} INFO - Processing /opt/airflow/dags/minio-snowflake.py took 1.262 seconds
[2026-02-03T20:51:31.321+0000] {processor.py:161} INFO - Started process (PID=28111) to work on /opt/airflow/dags/minio-snowflake.py
[2026-02-03T20:51:31.324+0000] {processor.py:830} INFO - Processing file /opt/airflow/dags/minio-snowflake.py for tasks to queue
[2026-02-03T20:51:31.329+0000] {logging_mixin.py:188} INFO - [2026-02-03T20:51:31.328+0000] {dagbag.py:545} INFO - Filling up the DagBag from /opt/airflow/dags/minio-snowflake.py
[2026-02-03T20:51:32.667+0000] {processor.py:840} INFO - DAG(s) 'minio_to_snowflake' retrieved from /opt/airflow/dags/minio-snowflake.py
[2026-02-03T20:51:32.712+0000] {logging_mixin.py:188} INFO - [2026-02-03T20:51:32.711+0000] {dag.py:3089} INFO - Sync 1 DAGs
[2026-02-03T20:51:32.746+0000] {logging_mixin.py:188} INFO - [2026-02-03T20:51:32.746+0000] {dag.py:3947} INFO - Setting next_dagrun for minio_to_snowflake to 2026-02-03 20:51:00+00:00, run_after=2026-02-03 20:52:00+00:00
[2026-02-03T20:51:32.776+0000] {processor.py:183} INFO - Processing /opt/airflow/dags/minio-snowflake.py took 1.469 seconds
[2026-02-03T20:52:03.130+0000] {processor.py:161} INFO - Started process (PID=28274) to work on /opt/airflow/dags/minio-snowflake.py
[2026-02-03T20:52:03.133+0000] {processor.py:830} INFO - Processing file /opt/airflow/dags/minio-snowflake.py for tasks to queue
[2026-02-03T20:52:03.138+0000] {logging_mixin.py:188} INFO - [2026-02-03T20:52:03.137+0000] {dagbag.py:545} INFO - Filling up the DagBag from /opt/airflow/dags/minio-snowflake.py
[2026-02-03T20:52:04.468+0000] {processor.py:840} INFO - DAG(s) 'minio_to_snowflake' retrieved from /opt/airflow/dags/minio-snowflake.py
[2026-02-03T20:52:04.503+0000] {logging_mixin.py:188} INFO - [2026-02-03T20:52:04.502+0000] {dag.py:3089} INFO - Sync 1 DAGs
[2026-02-03T20:52:04.545+0000] {logging_mixin.py:188} INFO - [2026-02-03T20:52:04.544+0000] {dag.py:3947} INFO - Setting next_dagrun for minio_to_snowflake to 2026-02-03 20:52:00+00:00, run_after=2026-02-03 20:53:00+00:00
[2026-02-03T20:52:04.581+0000] {processor.py:183} INFO - Processing /opt/airflow/dags/minio-snowflake.py took 1.460 seconds
[2026-02-03T20:52:34.945+0000] {processor.py:161} INFO - Started process (PID=28937) to work on /opt/airflow/dags/minio-snowflake.py
[2026-02-03T20:52:34.947+0000] {processor.py:830} INFO - Processing file /opt/airflow/dags/minio-snowflake.py for tasks to queue
[2026-02-03T20:52:34.951+0000] {logging_mixin.py:188} INFO - [2026-02-03T20:52:34.951+0000] {dagbag.py:545} INFO - Filling up the DagBag from /opt/airflow/dags/minio-snowflake.py
[2026-02-03T20:52:36.236+0000] {processor.py:840} INFO - DAG(s) 'minio_to_snowflake' retrieved from /opt/airflow/dags/minio-snowflake.py
[2026-02-03T20:52:36.284+0000] {logging_mixin.py:188} INFO - [2026-02-03T20:52:36.281+0000] {dag.py:3089} INFO - Sync 1 DAGs
[2026-02-03T20:52:36.324+0000] {logging_mixin.py:188} INFO - [2026-02-03T20:52:36.324+0000] {dag.py:3947} INFO - Setting next_dagrun for minio_to_snowflake to 2026-02-03 20:52:00+00:00, run_after=2026-02-03 20:53:00+00:00
[2026-02-03T20:52:36.358+0000] {processor.py:183} INFO - Processing /opt/airflow/dags/minio-snowflake.py took 1.428 seconds
[2026-02-03T20:53:06.797+0000] {processor.py:161} INFO - Started process (PID=29091) to work on /opt/airflow/dags/minio-snowflake.py
[2026-02-03T20:53:06.800+0000] {processor.py:830} INFO - Processing file /opt/airflow/dags/minio-snowflake.py for tasks to queue
[2026-02-03T20:53:06.806+0000] {logging_mixin.py:188} INFO - [2026-02-03T20:53:06.805+0000] {dagbag.py:545} INFO - Filling up the DagBag from /opt/airflow/dags/minio-snowflake.py
[2026-02-03T20:53:08.156+0000] {processor.py:840} INFO - DAG(s) 'minio_to_snowflake' retrieved from /opt/airflow/dags/minio-snowflake.py
[2026-02-03T20:53:08.197+0000] {logging_mixin.py:188} INFO - [2026-02-03T20:53:08.196+0000] {dag.py:3089} INFO - Sync 1 DAGs
[2026-02-03T20:53:08.238+0000] {logging_mixin.py:188} INFO - [2026-02-03T20:53:08.238+0000] {dag.py:3947} INFO - Setting next_dagrun for minio_to_snowflake to 2026-02-03 20:53:00+00:00, run_after=2026-02-03 20:54:00+00:00
[2026-02-03T20:53:08.284+0000] {processor.py:183} INFO - Processing /opt/airflow/dags/minio-snowflake.py took 1.500 seconds
[2026-02-03T20:53:38.630+0000] {processor.py:161} INFO - Started process (PID=29739) to work on /opt/airflow/dags/minio-snowflake.py
[2026-02-03T20:53:38.632+0000] {processor.py:830} INFO - Processing file /opt/airflow/dags/minio-snowflake.py for tasks to queue
[2026-02-03T20:53:38.636+0000] {logging_mixin.py:188} INFO - [2026-02-03T20:53:38.636+0000] {dagbag.py:545} INFO - Filling up the DagBag from /opt/airflow/dags/minio-snowflake.py
[2026-02-03T20:53:39.963+0000] {processor.py:840} INFO - DAG(s) 'minio_to_snowflake' retrieved from /opt/airflow/dags/minio-snowflake.py
[2026-02-03T20:53:40.002+0000] {logging_mixin.py:188} INFO - [2026-02-03T20:53:40.001+0000] {dag.py:3089} INFO - Sync 1 DAGs
[2026-02-03T20:53:40.040+0000] {logging_mixin.py:188} INFO - [2026-02-03T20:53:40.039+0000] {dag.py:3947} INFO - Setting next_dagrun for minio_to_snowflake to 2026-02-03 20:53:00+00:00, run_after=2026-02-03 20:54:00+00:00
[2026-02-03T20:53:40.072+0000] {processor.py:183} INFO - Processing /opt/airflow/dags/minio-snowflake.py took 1.452 seconds
[2026-02-03T20:54:10.474+0000] {processor.py:161} INFO - Started process (PID=30384) to work on /opt/airflow/dags/minio-snowflake.py
[2026-02-03T20:54:10.476+0000] {processor.py:830} INFO - Processing file /opt/airflow/dags/minio-snowflake.py for tasks to queue
[2026-02-03T20:54:10.481+0000] {logging_mixin.py:188} INFO - [2026-02-03T20:54:10.480+0000] {dagbag.py:545} INFO - Filling up the DagBag from /opt/airflow/dags/minio-snowflake.py
[2026-02-03T20:54:11.705+0000] {processor.py:840} INFO - DAG(s) 'minio_to_snowflake' retrieved from /opt/airflow/dags/minio-snowflake.py
[2026-02-03T20:54:11.750+0000] {logging_mixin.py:188} INFO - [2026-02-03T20:54:11.749+0000] {dag.py:3089} INFO - Sync 1 DAGs
[2026-02-03T20:54:11.785+0000] {logging_mixin.py:188} INFO - [2026-02-03T20:54:11.785+0000] {dag.py:3947} INFO - Setting next_dagrun for minio_to_snowflake to 2026-02-03 20:54:00+00:00, run_after=2026-02-03 20:55:00+00:00
[2026-02-03T20:54:11.819+0000] {processor.py:183} INFO - Processing /opt/airflow/dags/minio-snowflake.py took 1.366 seconds
[2026-02-03T20:54:42.251+0000] {processor.py:161} INFO - Started process (PID=30593) to work on /opt/airflow/dags/minio-snowflake.py
[2026-02-03T20:54:42.253+0000] {processor.py:830} INFO - Processing file /opt/airflow/dags/minio-snowflake.py for tasks to queue
[2026-02-03T20:54:42.257+0000] {logging_mixin.py:188} INFO - [2026-02-03T20:54:42.256+0000] {dagbag.py:545} INFO - Filling up the DagBag from /opt/airflow/dags/minio-snowflake.py
[2026-02-03T20:54:43.562+0000] {processor.py:840} INFO - DAG(s) 'minio_to_snowflake' retrieved from /opt/airflow/dags/minio-snowflake.py
[2026-02-03T20:54:43.597+0000] {logging_mixin.py:188} INFO - [2026-02-03T20:54:43.596+0000] {dag.py:3089} INFO - Sync 1 DAGs
[2026-02-03T20:54:43.640+0000] {logging_mixin.py:188} INFO - [2026-02-03T20:54:43.640+0000] {dag.py:3947} INFO - Setting next_dagrun for minio_to_snowflake to 2026-02-03 20:54:00+00:00, run_after=2026-02-03 20:55:00+00:00
[2026-02-03T20:54:43.670+0000] {processor.py:183} INFO - Processing /opt/airflow/dags/minio-snowflake.py took 1.430 seconds
[2026-02-03T20:55:14.040+0000] {processor.py:161} INFO - Started process (PID=31181) to work on /opt/airflow/dags/minio-snowflake.py
[2026-02-03T20:55:14.042+0000] {processor.py:830} INFO - Processing file /opt/airflow/dags/minio-snowflake.py for tasks to queue
[2026-02-03T20:55:14.046+0000] {logging_mixin.py:188} INFO - [2026-02-03T20:55:14.046+0000] {dagbag.py:545} INFO - Filling up the DagBag from /opt/airflow/dags/minio-snowflake.py
[2026-02-03T20:55:15.307+0000] {processor.py:840} INFO - DAG(s) 'minio_to_snowflake' retrieved from /opt/airflow/dags/minio-snowflake.py
[2026-02-03T20:55:15.343+0000] {logging_mixin.py:188} INFO - [2026-02-03T20:55:15.342+0000] {dag.py:3089} INFO - Sync 1 DAGs
[2026-02-03T20:55:15.379+0000] {logging_mixin.py:188} INFO - [2026-02-03T20:55:15.379+0000] {dag.py:3947} INFO - Setting next_dagrun for minio_to_snowflake to 2026-02-03 20:55:00+00:00, run_after=2026-02-03 20:56:00+00:00
[2026-02-03T20:55:15.412+0000] {processor.py:183} INFO - Processing /opt/airflow/dags/minio-snowflake.py took 1.381 seconds
[2026-02-03T20:55:45.753+0000] {processor.py:161} INFO - Started process (PID=31402) to work on /opt/airflow/dags/minio-snowflake.py
[2026-02-03T20:55:45.755+0000] {processor.py:830} INFO - Processing file /opt/airflow/dags/minio-snowflake.py for tasks to queue
[2026-02-03T20:55:45.759+0000] {logging_mixin.py:188} INFO - [2026-02-03T20:55:45.759+0000] {dagbag.py:545} INFO - Filling up the DagBag from /opt/airflow/dags/minio-snowflake.py
[2026-02-03T20:55:47.020+0000] {processor.py:840} INFO - DAG(s) 'minio_to_snowflake' retrieved from /opt/airflow/dags/minio-snowflake.py
[2026-02-03T20:55:47.062+0000] {logging_mixin.py:188} INFO - [2026-02-03T20:55:47.061+0000] {dag.py:3089} INFO - Sync 1 DAGs
[2026-02-03T20:55:47.038+0000] {logging_mixin.py:188} INFO - [2026-02-03T20:55:47.037+0000] {dag.py:3947} INFO - Setting next_dagrun for minio_to_snowflake to 2026-02-03 20:55:00+00:00, run_after=2026-02-03 20:56:00+00:00
[2026-02-03T20:55:47.070+0000] {processor.py:183} INFO - Processing /opt/airflow/dags/minio-snowflake.py took 1.390 seconds
[2026-02-03T20:56:17.409+0000] {processor.py:161} INFO - Started process (PID=31999) to work on /opt/airflow/dags/minio-snowflake.py
[2026-02-03T20:56:17.412+0000] {processor.py:830} INFO - Processing file /opt/airflow/dags/minio-snowflake.py for tasks to queue
[2026-02-03T20:56:17.416+0000] {logging_mixin.py:188} INFO - [2026-02-03T20:56:17.415+0000] {dagbag.py:545} INFO - Filling up the DagBag from /opt/airflow/dags/minio-snowflake.py
[2026-02-03T20:56:18.735+0000] {processor.py:840} INFO - DAG(s) 'minio_to_snowflake' retrieved from /opt/airflow/dags/minio-snowflake.py
[2026-02-03T20:56:18.781+0000] {logging_mixin.py:188} INFO - [2026-02-03T20:56:18.780+0000] {dag.py:3089} INFO - Sync 1 DAGs
[2026-02-03T20:56:18.817+0000] {logging_mixin.py:188} INFO - [2026-02-03T20:56:18.817+0000] {dag.py:3947} INFO - Setting next_dagrun for minio_to_snowflake to 2026-02-03 20:56:00+00:00, run_after=2026-02-03 20:57:00+00:00
[2026-02-03T20:56:18.851+0000] {processor.py:183} INFO - Processing /opt/airflow/dags/minio-snowflake.py took 1.454 seconds
[2026-02-03T20:56:49.203+0000] {processor.py:161} INFO - Started process (PID=32233) to work on /opt/airflow/dags/minio-snowflake.py
[2026-02-03T20:56:49.205+0000] {processor.py:830} INFO - Processing file /opt/airflow/dags/minio-snowflake.py for tasks to queue
[2026-02-03T20:56:49.209+0000] {logging_mixin.py:188} INFO - [2026-02-03T20:56:49.208+0000] {dagbag.py:545} INFO - Filling up the DagBag from /opt/airflow/dags/minio-snowflake.py
[2026-02-03T20:56:50.427+0000] {processor.py:840} INFO - DAG(s) 'minio_to_snowflake' retrieved from /opt/airflow/dags/minio-snowflake.py
[2026-02-03T20:56:50.463+0000] {logging_mixin.py:188} INFO - [2026-02-03T20:56:50.463+0000] {dag.py:3089} INFO - Sync 1 DAGs
[2026-02-03T20:56:50.498+0000] {logging_mixin.py:188} INFO - [2026-02-03T20:56:50.497+0000] {dag.py:3947} INFO - Setting next_dagrun for minio_to_snowflake to 2026-02-03 20:56:00+00:00, run_after=2026-02-03 20:57:00+00:00
[2026-02-03T20:56:50.526+0000] {processor.py:183} INFO - Processing /opt/airflow/dags/minio-snowflake.py took 1.338 seconds
[2026-02-03T20:57:20.857+0000] {processor.py:161} INFO - Started process (PID=32804) to work on /opt/airflow/dags/minio-snowflake.py
[2026-02-03T20:57:20.859+0000] {processor.py:830} INFO - Processing file /opt/airflow/dags/minio-snowflake.py for tasks to queue
[2026-02-03T20:57:20.864+0000] {logging_mixin.py:188} INFO - [2026-02-03T20:57:20.863+0000] {dagbag.py:545} INFO - Filling up the DagBag from /opt/airflow/dags/minio-snowflake.py
[2026-02-03T20:57:22.145+0000] {processor.py:840} INFO - DAG(s) 'minio_to_snowflake' retrieved from /opt/airflow/dags/minio-snowflake.py
[2026-02-03T20:57:22.188+0000] {logging_mixin.py:188} INFO - [2026-02-03T20:57:22.187+0000] {dag.py:3089} INFO - Sync 1 DAGs
[2026-02-03T20:57:22.230+0000] {logging_mixin.py:188} INFO - [2026-02-03T20:57:22.229+0000] {dag.py:3947} INFO - Setting next_dagrun for minio_to_snowflake to 2026-02-03 20:57:00+00:00, run_after=2026-02-03 20:58:00+00:00
[2026-02-03T20:57:22.265+0000] {processor.py:183} INFO - Processing /opt/airflow/dags/minio-snowflake.py took 1.420 seconds
[2026-02-03T20:57:52.585+0000] {processor.py:161} INFO - Started process (PID=33046) to work on /opt/airflow/dags/minio-snowflake.py
[2026-02-03T20:57:52.587+0000] {processor.py:830} INFO - Processing file /opt/airflow/dags/minio-snowflake.py for tasks to queue
[2026-02-03T20:57:52.590+0000] {logging_mixin.py:188} INFO - [2026-02-03T20:57:52.589+0000] {dagbag.py:545} INFO - Filling up the DagBag from /opt/airflow/dags/minio-snowflake.py
[2026-02-03T20:57:53.542+0000] {processor.py:840} INFO - DAG(s) 'minio_to_snowflake' retrieved from /opt/airflow/dags/minio-snowflake.py
[2026-02-03T20:57:53.570+0000] {logging_mixin.py:188} INFO - [2026-02-03T20:57:53.569+0000] {dag.py:3089} INFO - Sync 1 DAGs
[2026-02-03T20:57:53.603+0000] {logging_mixin.py:188} INFO - [2026-02-03T20:57:53.603+0000] {dag.py:3947} INFO - Setting next_dagrun for minio_to_snowflake to 2026-02-03 20:57:00+00:00, run_after=2026-02-03 20:58:00+00:00
[2026-02-03T20:57:53.631+0000] {processor.py:183} INFO - Processing /opt/airflow/dags/minio-snowflake.py took 1.057 seconds
[2026-02-03T20:58:24.020+0000] {processor.py:161} INFO - Started process (PID=33646) to work on /opt/airflow/dags/minio-snowflake.py
[2026-02-03T20:58:24.050+0000] {processor.py:830} INFO - Processing file /opt/airflow/dags/minio-snowflake.py for tasks to queue
[2026-02-03T20:58:24.056+0000] {logging_mixin.py:188} INFO - [2026-02-03T20:58:24.055+0000] {dagbag.py:545} INFO - Filling up the DagBag from /opt/airflow/dags/minio-snowflake.py
[2026-02-03T20:58:25.273+0000] {processor.py:840} INFO - DAG(s) 'minio_to_snowflake' retrieved from /opt/airflow/dags/minio-snowflake.py
[2026-02-03T20:58:25.311+0000] {logging_mixin.py:188} INFO - [2026-02-03T20:58:25.310+0000] {dag.py:3089} INFO - Sync 1 DAGs
[2026-02-03T20:58:25.348+0000] {logging_mixin.py:188} INFO - [2026-02-03T20:58:25.347+0000] {dag.py:3947} INFO - Setting next_dagrun for minio_to_snowflake to 2026-02-03 20:58:00+00:00, run_after=2026-02-03 20:59:00+00:00
[2026-02-03T20:58:25.381+0000] {processor.py:183} INFO - Processing /opt/airflow/dags/minio-snowflake.py took 1.376 seconds
[2026-02-03T20:58:55.775+0000] {processor.py:161} INFO - Started process (PID=33842) to work on /opt/airflow/dags/minio-snowflake.py
[2026-02-03T20:58:55.778+0000] {processor.py:830} INFO - Processing file /opt/airflow/dags/minio-snowflake.py for tasks to queue
[2026-02-03T20:58:55.782+0000] {logging_mixin.py:188} INFO - [2026-02-03T20:58:55.781+0000] {dagbag.py:545} INFO - Filling up the DagBag from /opt/airflow/dags/minio-snowflake.py
[2026-02-03T20:58:56.982+0000] {processor.py:840} INFO - DAG(s) 'minio_to_snowflake' retrieved from /opt/airflow/dags/minio-snowflake.py
[2026-02-03T20:58:57.021+0000] {logging_mixin.py:188} INFO - [2026-02-03T20:58:57.020+0000] {dag.py:3089} INFO - Sync 1 DAGs
[2026-02-03T20:58:57.055+0000] {logging_mixin.py:188} INFO - [2026-02-03T20:58:57.054+0000] {dag.py:3947} INFO - Setting next_dagrun for minio_to_snowflake to 2026-02-03 20:58:00+00:00, run_after=2026-02-03 20:59:00+00:00
[2026-02-03T20:58:57.086+0000] {processor.py:183} INFO - Processing /opt/airflow/dags/minio-snowflake.py took 1.323 seconds
[2026-02-03T20:59:27.446+0000] {processor.py:161} INFO - Started process (PID=34444) to work on /opt/airflow/dags/minio-snowflake.py
[2026-02-03T20:59:27.449+0000] {processor.py:830} INFO - Processing file /opt/airflow/dags/minio-snowflake.py for tasks to queue
[2026-02-03T20:59:27.453+0000] {logging_mixin.py:188} INFO - [2026-02-03T20:59:27.452+0000] {dagbag.py:545} INFO - Filling up the DagBag from /opt/airflow/dags/minio-snowflake.py
[2026-02-03T20:59:28.871+0000] {processor.py:840} INFO - DAG(s) 'minio_to_snowflake' retrieved from /opt/airflow/dags/minio-snowflake.py
[2026-02-03T20:59:28.916+0000] {logging_mixin.py:188} INFO - [2026-02-03T20:59:28.915+0000] {dag.py:3089} INFO - Sync 1 DAGs
[2026-02-03T20:59:28.956+0000] {logging_mixin.py:188} INFO - [2026-02-03T20:59:28.955+0000] {dag.py:3947} INFO - Setting next_dagrun for minio_to_snowflake to 2026-02-03 20:59:00+00:00, run_after=2026-02-03 21:00:00+00:00
[2026-02-03T20:59:28.992+0000] {processor.py:183} INFO - Processing /opt/airflow/dags/minio-snowflake.py took 1.559 seconds
[2026-02-03T20:59:59.330+0000] {processor.py:161} INFO - Started process (PID=34638) to work on /opt/airflow/dags/minio-snowflake.py
[2026-02-03T20:59:59.333+0000] {processor.py:830} INFO - Processing file /opt/airflow/dags/minio-snowflake.py for tasks to queue
[2026-02-03T20:59:59.338+0000] {logging_mixin.py:188} INFO - [2026-02-03T20:59:59.337+0000] {dagbag.py:545} INFO - Filling up the DagBag from /opt/airflow/dags/minio-snowflake.py
[2026-02-03T21:00:00.831+0000] {processor.py:840} INFO - DAG(s) 'minio_to_snowflake' retrieved from /opt/airflow/dags/minio-snowflake.py
[2026-02-03T21:00:00.872+0000] {logging_mixin.py:188} INFO - [2026-02-03T21:00:00.871+0000] {dag.py:3089} INFO - Sync 1 DAGs
[2026-02-03T21:00:00.910+0000] {logging_mixin.py:188} INFO - [2026-02-03T21:00:00.910+0000] {dag.py:3947} INFO - Setting next_dagrun for minio_to_snowflake to 2026-02-03 21:00:00+00:00, run_after=2026-02-03 21:01:00+00:00
[2026-02-03T21:00:00.948+0000] {processor.py:183} INFO - Processing /opt/airflow/dags/minio-snowflake.py took 1.636 seconds
[2026-02-03T21:00:31.264+0000] {processor.py:161} INFO - Started process (PID=35263) to work on /opt/airflow/dags/minio-snowflake.py
[2026-02-03T21:00:31.266+0000] {processor.py:830} INFO - Processing file /opt/airflow/dags/minio-snowflake.py for tasks to queue
[2026-02-03T21:00:31.270+0000] {logging_mixin.py:188} INFO - [2026-02-03T21:00:31.269+0000] {dagbag.py:545} INFO - Filling up the DagBag from /opt/airflow/dags/minio-snowflake.py
[2026-02-03T21:00:32.404+0000] {processor.py:840} INFO - DAG(s) 'minio_to_snowflake' retrieved from /opt/airflow/dags/minio-snowflake.py
[2026-02-03T21:00:32.432+0000] {logging_mixin.py:188} INFO - [2026-02-03T21:00:32.431+0000] {dag.py:3089} INFO - Sync 1 DAGs
[2026-02-03T21:00:32.460+0000] {logging_mixin.py:188} INFO - [2026-02-03T21:00:32.459+0000] {dag.py:3947} INFO - Setting next_dagrun for minio_to_snowflake to 2026-02-03 21:00:00+00:00, run_after=2026-02-03 21:01:00+00:00
[2026-02-03T21:00:32.487+0000] {processor.py:183} INFO - Processing /opt/airflow/dags/minio-snowflake.py took 1.231 seconds
[2026-02-03T21:01:02.607+0000] {processor.py:161} INFO - Started process (PID=35435) to work on /opt/airflow/dags/minio-snowflake.py
[2026-02-03T21:01:02.609+0000] {processor.py:830} INFO - Processing file /opt/airflow/dags/minio-snowflake.py for tasks to queue
[2026-02-03T21:01:02.615+0000] {logging_mixin.py:188} INFO - [2026-02-03T21:01:02.615+0000] {dagbag.py:545} INFO - Filling up the DagBag from /opt/airflow/dags/minio-snowflake.py
[2026-02-03T21:01:03.727+0000] {processor.py:840} INFO - DAG(s) 'minio_to_snowflake' retrieved from /opt/airflow/dags/minio-snowflake.py
[2026-02-03T21:01:03.758+0000] {logging_mixin.py:188} INFO - [2026-02-03T21:01:03.756+0000] {dag.py:3089} INFO - Sync 1 DAGs
[2026-02-03T21:01:03.787+0000] {logging_mixin.py:188} INFO - [2026-02-03T21:01:03.787+0000] {dag.py:3947} INFO - Setting next_dagrun for minio_to_snowflake to 2026-02-03 21:01:00+00:00, run_after=2026-02-03 21:02:00+00:00
[2026-02-03T21:01:03.812+0000] {processor.py:183} INFO - Processing /opt/airflow/dags/minio-snowflake.py took 1.213 seconds
[2026-02-03T21:01:34.023+0000] {processor.py:161} INFO - Started process (PID=36104) to work on /opt/airflow/dags/minio-snowflake.py
[2026-02-03T21:01:34.025+0000] {processor.py:830} INFO - Processing file /opt/airflow/dags/minio-snowflake.py for tasks to queue
[2026-02-03T21:01:34.028+0000] {logging_mixin.py:188} INFO - [2026-02-03T21:01:34.028+0000] {dagbag.py:545} INFO - Filling up the DagBag from /opt/airflow/dags/minio-snowflake.py
[2026-02-03T21:01:34.885+0000] {processor.py:840} INFO - DAG(s) 'minio_to_snowflake' retrieved from /opt/airflow/dags/minio-snowflake.py
[2026-02-03T21:01:34.912+0000] {logging_mixin.py:188} INFO - [2026-02-03T21:01:34.911+0000] {dag.py:3089} INFO - Sync 1 DAGs
[2026-02-03T21:01:34.938+0000] {logging_mixin.py:188} INFO - [2026-02-03T21:01:34.938+0000] {dag.py:3947} INFO - Setting next_dagrun for minio_to_snowflake to 2026-02-03 21:01:00+00:00, run_after=2026-02-03 21:02:00+00:00
[2026-02-03T21:01:34.960+0000] {processor.py:183} INFO - Processing /opt/airflow/dags/minio-snowflake.py took 0.953 seconds
[2026-02-03T21:02:05.279+0000] {processor.py:161} INFO - Started process (PID=36312) to work on /opt/airflow/dags/minio-snowflake.py
[2026-02-03T21:02:05.280+0000] {processor.py:830} INFO - Processing file /opt/airflow/dags/minio-snowflake.py for tasks to queue
[2026-02-03T21:02:05.283+0000] {logging_mixin.py:188} INFO - [2026-02-03T21:02:05.283+0000] {dagbag.py:545} INFO - Filling up the DagBag from /opt/airflow/dags/minio-snowflake.py
[2026-02-03T21:02:06.055+0000] {processor.py:840} INFO - DAG(s) 'minio_to_snowflake' retrieved from /opt/airflow/dags/minio-snowflake.py
[2026-02-03T21:02:06.079+0000] {logging_mixin.py:188} INFO - [2026-02-03T21:02:06.079+0000] {dag.py:3089} INFO - Sync 1 DAGs
[2026-02-03T21:02:06.103+0000] {logging_mixin.py:188} INFO - [2026-02-03T21:02:06.102+0000] {dag.py:3947} INFO - Setting next_dagrun for minio_to_snowflake to 2026-02-03 21:02:00+00:00, run_after=2026-02-03 21:03:00+00:00
[2026-02-03T21:02:06.122+0000] {processor.py:183} INFO - Processing /opt/airflow/dags/minio-snowflake.py took 0.850 seconds
[2026-02-03T21:02:36.469+0000] {processor.py:161} INFO - Started process (PID=36939) to work on /opt/airflow/dags/minio-snowflake.py
[2026-02-03T21:02:36.471+0000] {processor.py:830} INFO - Processing file /opt/airflow/dags/minio-snowflake.py for tasks to queue
[2026-02-03T21:02:36.476+0000] {logging_mixin.py:188} INFO - [2026-02-03T21:02:36.475+0000] {dagbag.py:545} INFO - Filling up the DagBag from /opt/airflow/dags/minio-snowflake.py
[2026-02-03T21:02:37.283+0000] {processor.py:840} INFO - DAG(s) 'minio_to_snowflake' retrieved from /opt/airflow/dags/minio-snowflake.py
[2026-02-03T21:02:37.306+0000] {logging_mixin.py:188} INFO - [2026-02-03T21:02:37.306+0000] {dag.py:3089} INFO - Sync 1 DAGs
[2026-02-03T21:02:37.328+0000] {logging_mixin.py:188} INFO - [2026-02-03T21:02:37.328+0000] {dag.py:3947} INFO - Setting next_dagrun for minio_to_snowflake to 2026-02-03 21:02:00+00:00, run_after=2026-02-03 21:03:00+00:00
[2026-02-03T21:02:37.347+0000] {processor.py:183} INFO - Processing /opt/airflow/dags/minio-snowflake.py took 0.890 seconds
[2026-02-03T21:03:07.824+0000] {processor.py:161} INFO - Started process (PID=37456) to work on /opt/airflow/dags/minio-snowflake.py
[2026-02-03T21:03:07.826+0000] {processor.py:830} INFO - Processing file /opt/airflow/dags/minio-snowflake.py for tasks to queue
[2026-02-03T21:03:07.830+0000] {logging_mixin.py:188} INFO - [2026-02-03T21:03:07.829+0000] {dagbag.py:545} INFO - Filling up the DagBag from /opt/airflow/dags/minio-snowflake.py
[2026-02-03T21:03:08.624+0000] {processor.py:840} INFO - DAG(s) 'minio_to_snowflake' retrieved from /opt/airflow/dags/minio-snowflake.py
[2026-02-03T21:03:08.648+0000] {logging_mixin.py:188} INFO - [2026-02-03T21:03:08.647+0000] {dag.py:3089} INFO - Sync 1 DAGs
[2026-02-03T21:03:08.671+0000] {logging_mixin.py:188} INFO - [2026-02-03T21:03:08.671+0000] {dag.py:3947} INFO - Setting next_dagrun for minio_to_snowflake to 2026-02-03 21:03:00+00:00, run_after=2026-02-03 21:04:00+00:00
[2026-02-03T21:03:08.694+0000] {processor.py:183} INFO - Processing /opt/airflow/dags/minio-snowflake.py took 0.880 seconds
[2026-02-03T21:03:39.126+0000] {processor.py:161} INFO - Started process (PID=37753) to work on /opt/airflow/dags/minio-snowflake.py
[2026-02-03T21:03:39.130+0000] {processor.py:830} INFO - Processing file /opt/airflow/dags/minio-snowflake.py for tasks to queue
[2026-02-03T21:03:39.136+0000] {logging_mixin.py:188} INFO - [2026-02-03T21:03:39.135+0000] {dagbag.py:545} INFO - Filling up the DagBag from /opt/airflow/dags/minio-snowflake.py
[2026-02-03T21:03:40.104+0000] {processor.py:840} INFO - DAG(s) 'minio_to_snowflake' retrieved from /opt/airflow/dags/minio-snowflake.py
[2026-02-03T21:03:40.132+0000] {logging_mixin.py:188} INFO - [2026-02-03T21:03:40.131+0000] {dag.py:3089} INFO - Sync 1 DAGs
[2026-02-03T21:03:40.163+0000] {logging_mixin.py:188} INFO - [2026-02-03T21:03:40.163+0000] {dag.py:3947} INFO - Setting next_dagrun for minio_to_snowflake to 2026-02-03 21:03:00+00:00, run_after=2026-02-03 21:04:00+00:00
[2026-02-03T21:03:40.195+0000] {processor.py:183} INFO - Processing /opt/airflow/dags/minio-snowflake.py took 1.086 seconds
[2026-02-03T21:04:10.424+0000] {processor.py:161} INFO - Started process (PID=38342) to work on /opt/airflow/dags/minio-snowflake.py
[2026-02-03T21:04:10.426+0000] {processor.py:830} INFO - Processing file /opt/airflow/dags/minio-snowflake.py for tasks to queue
[2026-02-03T21:04:10.428+0000] {logging_mixin.py:188} INFO - [2026-02-03T21:04:10.428+0000] {dagbag.py:545} INFO - Filling up the DagBag from /opt/airflow/dags/minio-snowflake.py
[2026-02-03T21:04:11.181+0000] {processor.py:840} INFO - DAG(s) 'minio_to_snowflake' retrieved from /opt/airflow/dags/minio-snowflake.py
[2026-02-03T21:04:11.205+0000] {logging_mixin.py:188} INFO - [2026-02-03T21:04:11.205+0000] {dag.py:3089} INFO - Sync 1 DAGs
[2026-02-03T21:04:11.225+0000] {logging_mixin.py:188} INFO - [2026-02-03T21:04:11.225+0000] {dag.py:3947} INFO - Setting next_dagrun for minio_to_snowflake to 2026-02-03 21:04:00+00:00, run_after=2026-02-03 21:05:00+00:00
[2026-02-03T21:04:11.246+0000] {processor.py:183} INFO - Processing /opt/airflow/dags/minio-snowflake.py took 0.828 seconds
[2026-02-03T21:04:41.592+0000] {processor.py:161} INFO - Started process (PID=38559) to work on /opt/airflow/dags/minio-snowflake.py
[2026-02-03T21:04:41.595+0000] {processor.py:830} INFO - Processing file /opt/airflow/dags/minio-snowflake.py for tasks to queue
[2026-02-03T21:04:41.599+0000] {logging_mixin.py:188} INFO - [2026-02-03T21:04:41.598+0000] {dagbag.py:545} INFO - Filling up the DagBag from /opt/airflow/dags/minio-snowflake.py
[2026-02-03T21:04:42.635+0000] {processor.py:840} INFO - DAG(s) 'minio_to_snowflake' retrieved from /opt/airflow/dags/minio-snowflake.py
[2026-02-03T21:04:42.667+0000] {logging_mixin.py:188} INFO - [2026-02-03T21:04:42.666+0000] {dag.py:3089} INFO - Sync 1 DAGs
[2026-02-03T21:04:42.700+0000] {logging_mixin.py:188} INFO - [2026-02-03T21:04:42.700+0000] {dag.py:3947} INFO - Setting next_dagrun for minio_to_snowflake to 2026-02-03 21:04:00+00:00, run_after=2026-02-03 21:05:00+00:00
[2026-02-03T21:04:42.739+0000] {processor.py:183} INFO - Processing /opt/airflow/dags/minio-snowflake.py took 1.158 seconds
[2026-02-03T21:05:13.069+0000] {processor.py:161} INFO - Started process (PID=39160) to work on /opt/airflow/dags/minio-snowflake.py
[2026-02-03T21:05:13.071+0000] {processor.py:830} INFO - Processing file /opt/airflow/dags/minio-snowflake.py for tasks to queue
[2026-02-03T21:05:13.073+0000] {logging_mixin.py:188} INFO - [2026-02-03T21:05:13.073+0000] {dagbag.py:545} INFO - Filling up the DagBag from /opt/airflow/dags/minio-snowflake.py
[2026-02-03T21:05:13.857+0000] {processor.py:840} INFO - DAG(s) 'minio_to_snowflake' retrieved from /opt/airflow/dags/minio-snowflake.py
[2026-02-03T21:05:13.887+0000] {logging_mixin.py:188} INFO - [2026-02-03T21:05:13.887+0000] {dag.py:3089} INFO - Sync 1 DAGs
[2026-02-03T21:05:13.911+0000] {logging_mixin.py:188} INFO - [2026-02-03T21:05:13.911+0000] {dag.py:3947} INFO - Setting next_dagrun for minio_to_snowflake to 2026-02-03 21:05:00+00:00, run_after=2026-02-03 21:06:00+00:00
[2026-02-03T21:05:13.932+0000] {processor.py:183} INFO - Processing /opt/airflow/dags/minio-snowflake.py took 0.872 seconds
[2026-02-03T21:05:44.276+0000] {processor.py:161} INFO - Started process (PID=39378) to work on /opt/airflow/dags/minio-snowflake.py
[2026-02-03T21:05:44.277+0000] {processor.py:830} INFO - Processing file /opt/airflow/dags/minio-snowflake.py for tasks to queue
[2026-02-03T21:05:44.279+0000] {logging_mixin.py:188} INFO - [2026-02-03T21:05:44.279+0000] {dagbag.py:545} INFO - Filling up the DagBag from /opt/airflow/dags/minio-snowflake.py
[2026-02-03T21:05:45.043+0000] {processor.py:840} INFO - DAG(s) 'minio_to_snowflake' retrieved from /opt/airflow/dags/minio-snowflake.py
[2026-02-03T21:05:45.066+0000] {logging_mixin.py:188} INFO - [2026-02-03T21:05:45.066+0000] {dag.py:3089} INFO - Sync 1 DAGs
[2026-02-03T21:05:45.089+0000] {logging_mixin.py:188} INFO - [2026-02-03T21:05:45.088+0000] {dag.py:3947} INFO - Setting next_dagrun for minio_to_snowflake to 2026-02-03 21:05:00+00:00, run_after=2026-02-03 21:06:00+00:00
[2026-02-03T21:05:45.113+0000] {processor.py:183} INFO - Processing /opt/airflow/dags/minio-snowflake.py took 0.843 seconds
[2026-02-03T21:06:15.457+0000] {processor.py:161} INFO - Started process (PID=39956) to work on /opt/airflow/dags/minio-snowflake.py
[2026-02-03T21:06:15.460+0000] {processor.py:830} INFO - Processing file /opt/airflow/dags/minio-snowflake.py for tasks to queue
[2026-02-03T21:06:15.464+0000] {logging_mixin.py:188} INFO - [2026-02-03T21:06:15.463+0000] {dagbag.py:545} INFO - Filling up the DagBag from /opt/airflow/dags/minio-snowflake.py
[2026-02-03T21:06:16.387+0000] {processor.py:840} INFO - DAG(s) 'minio_to_snowflake' retrieved from /opt/airflow/dags/minio-snowflake.py
[2026-02-03T21:06:16.421+0000] {logging_mixin.py:188} INFO - [2026-02-03T21:06:16.420+0000] {dag.py:3089} INFO - Sync 1 DAGs
[2026-02-03T21:06:16.462+0000] {logging_mixin.py:188} INFO - [2026-02-03T21:06:16.461+0000] {dag.py:3947} INFO - Setting next_dagrun for minio_to_snowflake to 2026-02-03 21:06:00+00:00, run_after=2026-02-03 21:07:00+00:00
[2026-02-03T21:06:16.505+0000] {processor.py:183} INFO - Processing /opt/airflow/dags/minio-snowflake.py took 1.130 seconds
[2026-02-03T21:06:46.752+0000] {processor.py:161} INFO - Started process (PID=40193) to work on /opt/airflow/dags/minio-snowflake.py
[2026-02-03T21:06:46.755+0000] {processor.py:830} INFO - Processing file /opt/airflow/dags/minio-snowflake.py for tasks to queue
[2026-02-03T21:06:46.758+0000] {logging_mixin.py:188} INFO - [2026-02-03T21:06:46.757+0000] {dagbag.py:545} INFO - Filling up the DagBag from /opt/airflow/dags/minio-snowflake.py
[2026-02-03T21:06:47.753+0000] {processor.py:840} INFO - DAG(s) 'minio_to_snowflake' retrieved from /opt/airflow/dags/minio-snowflake.py
[2026-02-03T21:06:47.783+0000] {logging_mixin.py:188} INFO - [2026-02-03T21:06:47.781+0000] {dag.py:3089} INFO - Sync 1 DAGs
[2026-02-03T21:06:47.819+0000] {logging_mixin.py:188} INFO - [2026-02-03T21:06:47.819+0000] {dag.py:3947} INFO - Setting next_dagrun for minio_to_snowflake to 2026-02-03 21:06:00+00:00, run_after=2026-02-03 21:07:00+00:00
[2026-02-03T21:06:47.851+0000] {processor.py:183} INFO - Processing /opt/airflow/dags/minio-snowflake.py took 1.108 seconds
[2026-02-03T21:07:18.112+0000] {processor.py:161} INFO - Started process (PID=40778) to work on /opt/airflow/dags/minio-snowflake.py
[2026-02-03T21:07:18.114+0000] {processor.py:830} INFO - Processing file /opt/airflow/dags/minio-snowflake.py for tasks to queue
[2026-02-03T21:07:18.119+0000] {logging_mixin.py:188} INFO - [2026-02-03T21:07:18.118+0000] {dagbag.py:545} INFO - Filling up the DagBag from /opt/airflow/dags/minio-snowflake.py
[2026-02-03T21:07:19.068+0000] {processor.py:840} INFO - DAG(s) 'minio_to_snowflake' retrieved from /opt/airflow/dags/minio-snowflake.py
[2026-02-03T21:07:19.098+0000] {logging_mixin.py:188} INFO - [2026-02-03T21:07:19.097+0000] {dag.py:3089} INFO - Sync 1 DAGs
[2026-02-03T21:07:19.126+0000] {logging_mixin.py:188} INFO - [2026-02-03T21:07:19.126+0000] {dag.py:3947} INFO - Setting next_dagrun for minio_to_snowflake to 2026-02-03 21:07:00+00:00, run_after=2026-02-03 21:08:00+00:00
[2026-02-03T21:07:19.150+0000] {processor.py:183} INFO - Processing /opt/airflow/dags/minio-snowflake.py took 1.052 seconds
[2026-02-03T21:07:49.452+0000] {processor.py:161} INFO - Started process (PID=41003) to work on /opt/airflow/dags/minio-snowflake.py
[2026-02-03T21:07:49.455+0000] {processor.py:830} INFO - Processing file /opt/airflow/dags/minio-snowflake.py for tasks to queue
[2026-02-03T21:07:49.461+0000] {logging_mixin.py:188} INFO - [2026-02-03T21:07:49.460+0000] {dagbag.py:545} INFO - Filling up the DagBag from /opt/airflow/dags/minio-snowflake.py
[2026-02-03T21:07:50.460+0000] {processor.py:840} INFO - DAG(s) 'minio_to_snowflake' retrieved from /opt/airflow/dags/minio-snowflake.py
[2026-02-03T21:07:50.486+0000] {logging_mixin.py:188} INFO - [2026-02-03T21:07:50.485+0000] {dag.py:3089} INFO - Sync 1 DAGs
[2026-02-03T21:07:50.510+0000] {logging_mixin.py:188} INFO - [2026-02-03T21:07:50.510+0000] {dag.py:3947} INFO - Setting next_dagrun for minio_to_snowflake to 2026-02-03 21:07:00+00:00, run_after=2026-02-03 21:08:00+00:00
[2026-02-03T21:07:50.531+0000] {processor.py:183} INFO - Processing /opt/airflow/dags/minio-snowflake.py took 1.093 seconds
[2026-02-03T21:08:20.811+0000] {processor.py:161} INFO - Started process (PID=41585) to work on /opt/airflow/dags/minio-snowflake.py
[2026-02-03T21:08:20.813+0000] {processor.py:830} INFO - Processing file /opt/airflow/dags/minio-snowflake.py for tasks to queue
[2026-02-03T21:08:20.816+0000] {logging_mixin.py:188} INFO - [2026-02-03T21:08:20.815+0000] {dagbag.py:545} INFO - Filling up the DagBag from /opt/airflow/dags/minio-snowflake.py
[2026-02-03T21:08:21.782+0000] {processor.py:840} INFO - DAG(s) 'minio_to_snowflake' retrieved from /opt/airflow/dags/minio-snowflake.py
[2026-02-03T21:08:21.818+0000] {logging_mixin.py:188} INFO - [2026-02-03T21:08:21.818+0000] {dag.py:3089} INFO - Sync 1 DAGs
[2026-02-03T21:08:21.850+0000] {logging_mixin.py:188} INFO - [2026-02-03T21:08:21.850+0000] {dag.py:3947} INFO - Setting next_dagrun for minio_to_snowflake to 2026-02-03 21:08:00+00:00, run_after=2026-02-03 21:09:00+00:00
[2026-02-03T21:08:21.880+0000] {processor.py:183} INFO - Processing /opt/airflow/dags/minio-snowflake.py took 1.085 seconds
[2026-02-03T21:08:52.123+0000] {processor.py:161} INFO - Started process (PID=41799) to work on /opt/airflow/dags/minio-snowflake.py
[2026-02-03T21:08:52.125+0000] {processor.py:830} INFO - Processing file /opt/airflow/dags/minio-snowflake.py for tasks to queue
[2026-02-03T21:08:52.130+0000] {logging_mixin.py:188} INFO - [2026-02-03T21:08:52.129+0000] {dagbag.py:545} INFO - Filling up the DagBag from /opt/airflow/dags/minio-snowflake.py
[2026-02-03T21:08:53.125+0000] {processor.py:840} INFO - DAG(s) 'minio_to_snowflake' retrieved from /opt/airflow/dags/minio-snowflake.py
[2026-02-03T21:08:53.156+0000] {logging_mixin.py:188} INFO - [2026-02-03T21:08:53.155+0000] {dag.py:3089} INFO - Sync 1 DAGs
[2026-02-03T21:08:53.182+0000] {logging_mixin.py:188} INFO - [2026-02-03T21:08:53.181+0000] {dag.py:3947} INFO - Setting next_dagrun for minio_to_snowflake to 2026-02-03 21:08:00+00:00, run_after=2026-02-03 21:09:00+00:00
[2026-02-03T21:08:53.207+0000] {processor.py:183} INFO - Processing /opt/airflow/dags/minio-snowflake.py took 1.096 seconds
[2026-02-03T21:09:23.477+0000] {processor.py:161} INFO - Started process (PID=42393) to work on /opt/airflow/dags/minio-snowflake.py
[2026-02-03T21:09:23.480+0000] {processor.py:830} INFO - Processing file /opt/airflow/dags/minio-snowflake.py for tasks to queue
[2026-02-03T21:09:23.483+0000] {logging_mixin.py:188} INFO - [2026-02-03T21:09:23.483+0000] {dagbag.py:545} INFO - Filling up the DagBag from /opt/airflow/dags/minio-snowflake.py
[2026-02-03T21:09:24.465+0000] {processor.py:840} INFO - DAG(s) 'minio_to_snowflake' retrieved from /opt/airflow/dags/minio-snowflake.py
[2026-02-03T21:09:24.496+0000] {logging_mixin.py:188} INFO - [2026-02-03T21:09:24.495+0000] {dag.py:3089} INFO - Sync 1 DAGs
[2026-02-03T21:09:24.524+0000] {logging_mixin.py:188} INFO - [2026-02-03T21:09:24.524+0000] {dag.py:3947} INFO - Setting next_dagrun for minio_to_snowflake to 2026-02-03 21:09:00+00:00, run_after=2026-02-03 21:10:00+00:00
[2026-02-03T21:09:24.551+0000] {processor.py:183} INFO - Processing /opt/airflow/dags/minio-snowflake.py took 1.091 seconds
[2026-02-03T21:09:54.801+0000] {processor.py:161} INFO - Started process (PID=42595) to work on /opt/airflow/dags/minio-snowflake.py
[2026-02-03T21:09:54.804+0000] {processor.py:830} INFO - Processing file /opt/airflow/dags/minio-snowflake.py for tasks to queue
[2026-02-03T21:09:54.808+0000] {logging_mixin.py:188} INFO - [2026-02-03T21:09:54.808+0000] {dagbag.py:545} INFO - Filling up the DagBag from /opt/airflow/dags/minio-snowflake.py
[2026-02-03T21:09:55.781+0000] {processor.py:840} INFO - DAG(s) 'minio_to_snowflake' retrieved from /opt/airflow/dags/minio-snowflake.py
[2026-02-03T21:09:55.811+0000] {logging_mixin.py:188} INFO - [2026-02-03T21:09:55.810+0000] {dag.py:3089} INFO - Sync 1 DAGs
[2026-02-03T21:09:55.841+0000] {logging_mixin.py:188} INFO - [2026-02-03T21:09:55.841+0000] {dag.py:3947} INFO - Setting next_dagrun for minio_to_snowflake to 2026-02-03 21:09:00+00:00, run_after=2026-02-03 21:10:00+00:00
[2026-02-03T21:09:55.869+0000] {processor.py:183} INFO - Processing /opt/airflow/dags/minio-snowflake.py took 1.081 seconds
[2026-02-03T21:10:26.140+0000] {processor.py:161} INFO - Started process (PID=43214) to work on /opt/airflow/dags/minio-snowflake.py
[2026-02-03T21:10:26.142+0000] {processor.py:830} INFO - Processing file /opt/airflow/dags/minio-snowflake.py for tasks to queue
[2026-02-03T21:10:26.145+0000] {logging_mixin.py:188} INFO - [2026-02-03T21:10:26.144+0000] {dagbag.py:545} INFO - Filling up the DagBag from /opt/airflow/dags/minio-snowflake.py
[2026-02-03T21:10:27.133+0000] {processor.py:840} INFO - DAG(s) 'minio_to_snowflake' retrieved from /opt/airflow/dags/minio-snowflake.py
[2026-02-03T21:10:27.175+0000] {logging_mixin.py:188} INFO - [2026-02-03T21:10:27.173+0000] {dag.py:3089} INFO - Sync 1 DAGs
[2026-02-03T21:10:27.202+0000] {logging_mixin.py:188} INFO - [2026-02-03T21:10:27.202+0000] {dag.py:3947} INFO - Setting next_dagrun for minio_to_snowflake to 2026-02-03 21:10:00+00:00, run_after=2026-02-03 21:11:00+00:00
[2026-02-03T21:10:27.223+0000] {processor.py:183} INFO - Processing /opt/airflow/dags/minio-snowflake.py took 1.094 seconds
[2026-02-03T21:10:57.468+0000] {processor.py:161} INFO - Started process (PID=43391) to work on /opt/airflow/dags/minio-snowflake.py
[2026-02-03T21:10:57.471+0000] {processor.py:830} INFO - Processing file /opt/airflow/dags/minio-snowflake.py for tasks to queue
[2026-02-03T21:10:57.474+0000] {logging_mixin.py:188} INFO - [2026-02-03T21:10:57.474+0000] {dagbag.py:545} INFO - Filling up the DagBag from /opt/airflow/dags/minio-snowflake.py
[2026-02-03T21:10:58.258+0000] {processor.py:840} INFO - DAG(s) 'minio_to_snowflake' retrieved from /opt/airflow/dags/minio-snowflake.py
[2026-02-03T21:10:58.280+0000] {logging_mixin.py:188} INFO - [2026-02-03T21:10:58.279+0000] {dag.py:3089} INFO - Sync 1 DAGs
[2026-02-03T21:10:58.300+0000] {logging_mixin.py:188} INFO - [2026-02-03T21:10:58.300+0000] {dag.py:3947} INFO - Setting next_dagrun for minio_to_snowflake to 2026-02-03 21:10:00+00:00, run_after=2026-02-03 21:11:00+00:00
[2026-02-03T21:10:58.324+0000] {processor.py:183} INFO - Processing /opt/airflow/dags/minio-snowflake.py took 0.869 seconds
[2026-02-03T21:11:28.642+0000] {processor.py:161} INFO - Started process (PID=44047) to work on /opt/airflow/dags/minio-snowflake.py
[2026-02-03T21:11:28.644+0000] {processor.py:830} INFO - Processing file /opt/airflow/dags/minio-snowflake.py for tasks to queue
[2026-02-03T21:11:28.648+0000] {logging_mixin.py:188} INFO - [2026-02-03T21:11:28.647+0000] {dagbag.py:545} INFO - Filling up the DagBag from /opt/airflow/dags/minio-snowflake.py
[2026-02-03T21:11:29.445+0000] {processor.py:840} INFO - DAG(s) 'minio_to_snowflake' retrieved from /opt/airflow/dags/minio-snowflake.py
[2026-02-03T21:11:29.468+0000] {logging_mixin.py:188} INFO - [2026-02-03T21:11:29.468+0000] {dag.py:3089} INFO - Sync 1 DAGs
[2026-02-03T21:11:29.491+0000] {logging_mixin.py:188} INFO - [2026-02-03T21:11:29.490+0000] {dag.py:3947} INFO - Setting next_dagrun for minio_to_snowflake to 2026-02-03 21:11:00+00:00, run_after=2026-02-03 21:12:00+00:00
[2026-02-03T21:11:29.509+0000] {processor.py:183} INFO - Processing /opt/airflow/dags/minio-snowflake.py took 0.881 seconds
[2026-02-03T21:11:59.853+0000] {processor.py:161} INFO - Started process (PID=44187) to work on /opt/airflow/dags/minio-snowflake.py
[2026-02-03T21:11:59.855+0000] {processor.py:830} INFO - Processing file /opt/airflow/dags/minio-snowflake.py for tasks to queue
[2026-02-03T21:11:59.859+0000] {logging_mixin.py:188} INFO - [2026-02-03T21:11:59.858+0000] {dagbag.py:545} INFO - Filling up the DagBag from /opt/airflow/dags/minio-snowflake.py
[2026-02-03T21:12:00.652+0000] {processor.py:840} INFO - DAG(s) 'minio_to_snowflake' retrieved from /opt/airflow/dags/minio-snowflake.py
[2026-02-03T21:12:00.679+0000] {logging_mixin.py:188} INFO - [2026-02-03T21:12:00.678+0000] {dag.py:3089} INFO - Sync 1 DAGs
[2026-02-03T21:12:00.703+0000] {logging_mixin.py:188} INFO - [2026-02-03T21:12:00.702+0000] {dag.py:3947} INFO - Setting next_dagrun for minio_to_snowflake to 2026-02-03 21:12:00+00:00, run_after=2026-02-03 21:13:00+00:00
[2026-02-03T21:12:00.726+0000] {processor.py:183} INFO - Processing /opt/airflow/dags/minio-snowflake.py took 0.885 seconds
[2026-02-03T21:12:31.066+0000] {processor.py:161} INFO - Started process (PID=44860) to work on /opt/airflow/dags/minio-snowflake.py
[2026-02-03T21:12:31.069+0000] {processor.py:830} INFO - Processing file /opt/airflow/dags/minio-snowflake.py for tasks to queue
[2026-02-03T21:12:31.074+0000] {logging_mixin.py:188} INFO - [2026-02-03T21:12:31.073+0000] {dagbag.py:545} INFO - Filling up the DagBag from /opt/airflow/dags/minio-snowflake.py
[2026-02-03T21:12:31.938+0000] {processor.py:840} INFO - DAG(s) 'minio_to_snowflake' retrieved from /opt/airflow/dags/minio-snowflake.py
[2026-02-03T21:12:31.972+0000] {logging_mixin.py:188} INFO - [2026-02-03T21:12:31.971+0000] {dag.py:3089} INFO - Sync 1 DAGs
[2026-02-03T21:12:32.010+0000] {logging_mixin.py:188} INFO - [2026-02-03T21:12:32.010+0000] {dag.py:3947} INFO - Setting next_dagrun for minio_to_snowflake to 2026-02-03 21:12:00+00:00, run_after=2026-02-03 21:13:00+00:00
[2026-02-03T21:12:32.042+0000] {processor.py:183} INFO - Processing /opt/airflow/dags/minio-snowflake.py took 0.992 seconds
[2026-02-03T21:13:02.445+0000] {processor.py:161} INFO - Started process (PID=44984) to work on /opt/airflow/dags/minio-snowflake.py
[2026-02-03T21:13:02.447+0000] {processor.py:830} INFO - Processing file /opt/airflow/dags/minio-snowflake.py for tasks to queue
[2026-02-03T21:13:02.451+0000] {logging_mixin.py:188} INFO - [2026-02-03T21:13:02.450+0000] {dagbag.py:545} INFO - Filling up the DagBag from /opt/airflow/dags/minio-snowflake.py
[2026-02-03T21:13:03.354+0000] {processor.py:840} INFO - DAG(s) 'minio_to_snowflake' retrieved from /opt/airflow/dags/minio-snowflake.py
[2026-02-03T21:13:03.379+0000] {logging_mixin.py:188} INFO - [2026-02-03T21:13:03.378+0000] {dag.py:3089} INFO - Sync 1 DAGs
[2026-02-03T21:13:03.403+0000] {logging_mixin.py:188} INFO - [2026-02-03T21:13:03.403+0000] {dag.py:3947} INFO - Setting next_dagrun for minio_to_snowflake to 2026-02-03 21:13:00+00:00, run_after=2026-02-03 21:14:00+00:00
[2026-02-03T21:13:03.425+0000] {processor.py:183} INFO - Processing /opt/airflow/dags/minio-snowflake.py took 0.990 seconds
[2026-02-03T21:13:33.664+0000] {processor.py:161} INFO - Started process (PID=45681) to work on /opt/airflow/dags/minio-snowflake.py
[2026-02-03T21:13:33.665+0000] {processor.py:830} INFO - Processing file /opt/airflow/dags/minio-snowflake.py for tasks to queue
[2026-02-03T21:13:33.668+0000] {logging_mixin.py:188} INFO - [2026-02-03T21:13:33.667+0000] {dagbag.py:545} INFO - Filling up the DagBag from /opt/airflow/dags/minio-snowflake.py
[2026-02-03T21:13:34.479+0000] {processor.py:840} INFO - DAG(s) 'minio_to_snowflake' retrieved from /opt/airflow/dags/minio-snowflake.py
[2026-02-03T21:13:34.506+0000] {logging_mixin.py:188} INFO - [2026-02-03T21:13:34.505+0000] {dag.py:3089} INFO - Sync 1 DAGs
[2026-02-03T21:13:34.531+0000] {logging_mixin.py:188} INFO - [2026-02-03T21:13:34.531+0000] {dag.py:3947} INFO - Setting next_dagrun for minio_to_snowflake to 2026-02-03 21:13:00+00:00, run_after=2026-02-03 21:14:00+00:00
[2026-02-03T21:13:34.557+0000] {processor.py:183} INFO - Processing /opt/airflow/dags/minio-snowflake.py took 0.900 seconds
[2026-02-03T21:14:04.896+0000] {processor.py:161} INFO - Started process (PID=45912) to work on /opt/airflow/dags/minio-snowflake.py
[2026-02-03T21:14:04.897+0000] {processor.py:830} INFO - Processing file /opt/airflow/dags/minio-snowflake.py for tasks to queue
[2026-02-03T21:14:04.900+0000] {logging_mixin.py:188} INFO - [2026-02-03T21:14:04.899+0000] {dagbag.py:545} INFO - Filling up the DagBag from /opt/airflow/dags/minio-snowflake.py
[2026-02-03T21:14:05.659+0000] {processor.py:840} INFO - DAG(s) 'minio_to_snowflake' retrieved from /opt/airflow/dags/minio-snowflake.py
[2026-02-03T21:14:05.683+0000] {logging_mixin.py:188} INFO - [2026-02-03T21:14:05.682+0000] {dag.py:3089} INFO - Sync 1 DAGs
[2026-02-03T21:14:05.704+0000] {logging_mixin.py:188} INFO - [2026-02-03T21:14:05.704+0000] {dag.py:3947} INFO - Setting next_dagrun for minio_to_snowflake to 2026-02-03 21:14:00+00:00, run_after=2026-02-03 21:15:00+00:00
[2026-02-03T21:14:05.726+0000] {processor.py:183} INFO - Processing /opt/airflow/dags/minio-snowflake.py took 0.836 seconds
[2026-02-03T21:14:36.092+0000] {processor.py:161} INFO - Started process (PID=46506) to work on /opt/airflow/dags/minio-snowflake.py
[2026-02-03T21:14:36.095+0000] {processor.py:830} INFO - Processing file /opt/airflow/dags/minio-snowflake.py for tasks to queue
[2026-02-03T21:14:36.098+0000] {logging_mixin.py:188} INFO - [2026-02-03T21:14:36.098+0000] {dagbag.py:545} INFO - Filling up the DagBag from /opt/airflow/dags/minio-snowflake.py
[2026-02-03T21:14:36.849+0000] {processor.py:840} INFO - DAG(s) 'minio_to_snowflake' retrieved from /opt/airflow/dags/minio-snowflake.py
[2026-02-03T21:14:36.870+0000] {logging_mixin.py:188} INFO - [2026-02-03T21:14:36.870+0000] {dag.py:3089} INFO - Sync 1 DAGs
[2026-02-03T21:14:36.892+0000] {logging_mixin.py:188} INFO - [2026-02-03T21:14:36.892+0000] {dag.py:3947} INFO - Setting next_dagrun for minio_to_snowflake to 2026-02-03 21:14:00+00:00, run_after=2026-02-03 21:15:00+00:00
[2026-02-03T21:14:36.912+0000] {processor.py:183} INFO - Processing /opt/airflow/dags/minio-snowflake.py took 0.832 seconds
[2026-02-03T21:15:07.270+0000] {processor.py:161} INFO - Started process (PID=47085) to work on /opt/airflow/dags/minio-snowflake.py
[2026-02-03T21:15:07.272+0000] {processor.py:830} INFO - Processing file /opt/airflow/dags/minio-snowflake.py for tasks to queue
[2026-02-03T21:15:07.274+0000] {logging_mixin.py:188} INFO - [2026-02-03T21:15:07.274+0000] {dagbag.py:545} INFO - Filling up the DagBag from /opt/airflow/dags/minio-snowflake.py
[2026-02-03T21:15:08.049+0000] {processor.py:840} INFO - DAG(s) 'minio_to_snowflake' retrieved from /opt/airflow/dags/minio-snowflake.py
[2026-02-03T21:15:08.072+0000] {logging_mixin.py:188} INFO - [2026-02-03T21:15:08.072+0000] {dag.py:3089} INFO - Sync 1 DAGs
[2026-02-03T21:15:08.094+0000] {logging_mixin.py:188} INFO - [2026-02-03T21:15:08.094+0000] {dag.py:3947} INFO - Setting next_dagrun for minio_to_snowflake to 2026-02-03 21:15:00+00:00, run_after=2026-02-03 21:16:00+00:00
[2026-02-03T21:15:08.117+0000] {processor.py:183} INFO - Processing /opt/airflow/dags/minio-snowflake.py took 0.857 seconds
[2026-02-03T21:15:38.482+0000] {processor.py:161} INFO - Started process (PID=47292) to work on /opt/airflow/dags/minio-snowflake.py
[2026-02-03T21:15:38.484+0000] {processor.py:830} INFO - Processing file /opt/airflow/dags/minio-snowflake.py for tasks to queue
[2026-02-03T21:15:38.489+0000] {logging_mixin.py:188} INFO - [2026-02-03T21:15:38.488+0000] {dagbag.py:545} INFO - Filling up the DagBag from /opt/airflow/dags/minio-snowflake.py
[2026-02-03T21:15:39.263+0000] {processor.py:840} INFO - DAG(s) 'minio_to_snowflake' retrieved from /opt/airflow/dags/minio-snowflake.py
[2026-02-03T21:15:39.289+0000] {logging_mixin.py:188} INFO - [2026-02-03T21:15:39.288+0000] {dag.py:3089} INFO - Sync 1 DAGs
[2026-02-03T21:15:39.310+0000] {logging_mixin.py:188} INFO - [2026-02-03T21:15:39.310+0000] {dag.py:3947} INFO - Setting next_dagrun for minio_to_snowflake to 2026-02-03 21:15:00+00:00, run_after=2026-02-03 21:16:00+00:00
[2026-02-03T21:15:39.330+0000] {processor.py:183} INFO - Processing /opt/airflow/dags/minio-snowflake.py took 0.860 seconds
[2026-02-03T21:16:09.657+0000] {processor.py:161} INFO - Started process (PID=47891) to work on /opt/airflow/dags/minio-snowflake.py
[2026-02-03T21:16:09.659+0000] {processor.py:830} INFO - Processing file /opt/airflow/dags/minio-snowflake.py for tasks to queue
[2026-02-03T21:16:09.662+0000] {logging_mixin.py:188} INFO - [2026-02-03T21:16:09.661+0000] {dagbag.py:545} INFO - Filling up the DagBag from /opt/airflow/dags/minio-snowflake.py
[2026-02-03T21:16:10.384+0000] {processor.py:840} INFO - DAG(s) 'minio_to_snowflake' retrieved from /opt/airflow/dags/minio-snowflake.py
[2026-02-03T21:16:10.408+0000] {logging_mixin.py:188} INFO - [2026-02-03T21:16:10.407+0000] {dag.py:3089} INFO - Sync 1 DAGs
[2026-02-03T21:16:10.430+0000] {logging_mixin.py:188} INFO - [2026-02-03T21:16:10.429+0000] {dag.py:3947} INFO - Setting next_dagrun for minio_to_snowflake to 2026-02-03 21:16:00+00:00, run_after=2026-02-03 21:17:00+00:00
[2026-02-03T21:16:10.472+0000] {processor.py:183} INFO - Processing /opt/airflow/dags/minio-snowflake.py took 0.824 seconds
[2026-02-03T21:16:40.831+0000] {processor.py:161} INFO - Started process (PID=48103) to work on /opt/airflow/dags/minio-snowflake.py
[2026-02-03T21:16:40.834+0000] {processor.py:830} INFO - Processing file /opt/airflow/dags/minio-snowflake.py for tasks to queue
[2026-02-03T21:16:40.837+0000] {logging_mixin.py:188} INFO - [2026-02-03T21:16:40.837+0000] {dagbag.py:545} INFO - Filling up the DagBag from /opt/airflow/dags/minio-snowflake.py
[2026-02-03T21:16:41.590+0000] {processor.py:840} INFO - DAG(s) 'minio_to_snowflake' retrieved from /opt/airflow/dags/minio-snowflake.py
[2026-02-03T21:16:41.613+0000] {logging_mixin.py:188} INFO - [2026-02-03T21:16:41.612+0000] {dag.py:3089} INFO - Sync 1 DAGs
[2026-02-03T21:16:41.633+0000] {logging_mixin.py:188} INFO - [2026-02-03T21:16:41.633+0000] {dag.py:3947} INFO - Setting next_dagrun for minio_to_snowflake to 2026-02-03 21:16:00+00:00, run_after=2026-02-03 21:17:00+00:00
[2026-02-03T21:16:41.653+0000] {processor.py:183} INFO - Processing /opt/airflow/dags/minio-snowflake.py took 0.833 seconds
[2026-02-03T21:17:11.985+0000] {processor.py:161} INFO - Started process (PID=48708) to work on /opt/airflow/dags/minio-snowflake.py
[2026-02-03T21:17:11.987+0000] {processor.py:830} INFO - Processing file /opt/airflow/dags/minio-snowflake.py for tasks to queue
[2026-02-03T21:17:11.989+0000] {logging_mixin.py:188} INFO - [2026-02-03T21:17:11.989+0000] {dagbag.py:545} INFO - Filling up the DagBag from /opt/airflow/dags/minio-snowflake.py
[2026-02-03T21:17:12.766+0000] {processor.py:840} INFO - DAG(s) 'minio_to_snowflake' retrieved from /opt/airflow/dags/minio-snowflake.py
[2026-02-03T21:17:12.792+0000] {logging_mixin.py:188} INFO - [2026-02-03T21:17:12.792+0000] {dag.py:3089} INFO - Sync 1 DAGs
[2026-02-03T21:17:12.817+0000] {logging_mixin.py:188} INFO - [2026-02-03T21:17:12.817+0000] {dag.py:3947} INFO - Setting next_dagrun for minio_to_snowflake to 2026-02-03 21:17:00+00:00, run_after=2026-02-03 21:18:00+00:00
[2026-02-03T21:17:12.837+0000] {processor.py:183} INFO - Processing /opt/airflow/dags/minio-snowflake.py took 0.858 seconds
[2026-02-03T21:17:43.171+0000] {processor.py:161} INFO - Started process (PID=48922) to work on /opt/airflow/dags/minio-snowflake.py
[2026-02-03T21:17:43.173+0000] {processor.py:830} INFO - Processing file /opt/airflow/dags/minio-snowflake.py for tasks to queue
[2026-02-03T21:17:43.177+0000] {logging_mixin.py:188} INFO - [2026-02-03T21:17:43.177+0000] {dagbag.py:545} INFO - Filling up the DagBag from /opt/airflow/dags/minio-snowflake.py
[2026-02-03T21:17:43.945+0000] {processor.py:840} INFO - DAG(s) 'minio_to_snowflake' retrieved from /opt/airflow/dags/minio-snowflake.py
[2026-02-03T21:17:43.969+0000] {logging_mixin.py:188} INFO - [2026-02-03T21:17:43.969+0000] {dag.py:3089} INFO - Sync 1 DAGs
[2026-02-03T21:17:43.991+0000] {logging_mixin.py:188} INFO - [2026-02-03T21:17:43.991+0000] {dag.py:3947} INFO - Setting next_dagrun for minio_to_snowflake to 2026-02-03 21:17:00+00:00, run_after=2026-02-03 21:18:00+00:00
[2026-02-03T21:17:44.012+0000] {processor.py:183} INFO - Processing /opt/airflow/dags/minio-snowflake.py took 0.852 seconds
[2026-02-03T21:18:14.226+0000] {processor.py:161} INFO - Started process (PID=49510) to work on /opt/airflow/dags/minio-snowflake.py
[2026-02-03T21:18:14.228+0000] {processor.py:830} INFO - Processing file /opt/airflow/dags/minio-snowflake.py for tasks to queue
[2026-02-03T21:18:14.231+0000] {logging_mixin.py:188} INFO - [2026-02-03T21:18:14.231+0000] {dagbag.py:545} INFO - Filling up the DagBag from /opt/airflow/dags/minio-snowflake.py
[2026-02-03T21:18:15.088+0000] {processor.py:840} INFO - DAG(s) 'minio_to_snowflake' retrieved from /opt/airflow/dags/minio-snowflake.py
[2026-02-03T21:18:15.115+0000] {logging_mixin.py:188} INFO - [2026-02-03T21:18:15.115+0000] {dag.py:3089} INFO - Sync 1 DAGs
[2026-02-03T21:18:15.139+0000] {logging_mixin.py:188} INFO - [2026-02-03T21:18:15.138+0000] {dag.py:3947} INFO - Setting next_dagrun for minio_to_snowflake to 2026-02-03 21:18:00+00:00, run_after=2026-02-03 21:19:00+00:00
[2026-02-03T21:18:15.163+0000] {processor.py:183} INFO - Processing /opt/airflow/dags/minio-snowflake.py took 0.944 seconds
[2026-02-03T21:18:45.506+0000] {processor.py:161} INFO - Started process (PID=49740) to work on /opt/airflow/dags/minio-snowflake.py
[2026-02-03T21:18:45.509+0000] {processor.py:830} INFO - Processing file /opt/airflow/dags/minio-snowflake.py for tasks to queue
[2026-02-03T21:18:45.512+0000] {logging_mixin.py:188} INFO - [2026-02-03T21:18:45.511+0000] {dagbag.py:545} INFO - Filling up the DagBag from /opt/airflow/dags/minio-snowflake.py
[2026-02-03T21:18:46.329+0000] {processor.py:840} INFO - DAG(s) 'minio_to_snowflake' retrieved from /opt/airflow/dags/minio-snowflake.py
[2026-02-03T21:18:46.353+0000] {logging_mixin.py:188} INFO - [2026-02-03T21:18:46.353+0000] {dag.py:3089} INFO - Sync 1 DAGs
[2026-02-03T21:18:46.375+0000] {logging_mixin.py:188} INFO - [2026-02-03T21:18:46.374+0000] {dag.py:3947} INFO - Setting next_dagrun for minio_to_snowflake to 2026-02-03 21:18:00+00:00, run_after=2026-02-03 21:19:00+00:00
[2026-02-03T21:18:46.394+0000] {processor.py:183} INFO - Processing /opt/airflow/dags/minio-snowflake.py took 0.898 seconds
[2026-02-03T21:19:16.744+0000] {processor.py:161} INFO - Started process (PID=50322) to work on /opt/airflow/dags/minio-snowflake.py
[2026-02-03T21:19:16.745+0000] {processor.py:830} INFO - Processing file /opt/airflow/dags/minio-snowflake.py for tasks to queue
[2026-02-03T21:19:16.748+0000] {logging_mixin.py:188} INFO - [2026-02-03T21:19:16.748+0000] {dagbag.py:545} INFO - Filling up the DagBag from /opt/airflow/dags/minio-snowflake.py
[2026-02-03T21:19:17.566+0000] {processor.py:840} INFO - DAG(s) 'minio_to_snowflake' retrieved from /opt/airflow/dags/minio-snowflake.py
[2026-02-03T21:19:17.592+0000] {logging_mixin.py:188} INFO - [2026-02-03T21:19:17.591+0000] {dag.py:3089} INFO - Sync 1 DAGs
[2026-02-03T21:19:17.622+0000] {logging_mixin.py:188} INFO - [2026-02-03T21:19:17.622+0000] {dag.py:3947} INFO - Setting next_dagrun for minio_to_snowflake to 2026-02-03 21:19:00+00:00, run_after=2026-02-03 21:20:00+00:00
[2026-02-03T21:19:17.647+0000] {processor.py:183} INFO - Processing /opt/airflow/dags/minio-snowflake.py took 0.917 seconds
[2026-02-03T21:19:47.967+0000] {processor.py:161} INFO - Started process (PID=50552) to work on /opt/airflow/dags/minio-snowflake.py
[2026-02-03T21:19:47.969+0000] {processor.py:830} INFO - Processing file /opt/airflow/dags/minio-snowflake.py for tasks to queue
[2026-02-03T21:19:47.971+0000] {logging_mixin.py:188} INFO - [2026-02-03T21:19:47.970+0000] {dagbag.py:545} INFO - Filling up the DagBag from /opt/airflow/dags/minio-snowflake.py
[2026-02-03T21:19:48.686+0000] {processor.py:840} INFO - DAG(s) 'minio_to_snowflake' retrieved from /opt/airflow/dags/minio-snowflake.py
[2026-02-03T21:19:48.710+0000] {logging_mixin.py:188} INFO - [2026-02-03T21:19:48.709+0000] {dag.py:3089} INFO - Sync 1 DAGs
[2026-02-03T21:19:48.731+0000] {logging_mixin.py:188} INFO - [2026-02-03T21:19:48.731+0000] {dag.py:3947} INFO - Setting next_dagrun for minio_to_snowflake to 2026-02-03 21:19:00+00:00, run_after=2026-02-03 21:20:00+00:00
[2026-02-03T21:19:48.753+0000] {processor.py:183} INFO - Processing /opt/airflow/dags/minio-snowflake.py took 0.792 seconds
[2026-02-03T21:20:19.079+0000] {processor.py:161} INFO - Started process (PID=51139) to work on /opt/airflow/dags/minio-snowflake.py
[2026-02-03T21:20:19.081+0000] {processor.py:830} INFO - Processing file /opt/airflow/dags/minio-snowflake.py for tasks to queue
[2026-02-03T21:20:19.084+0000] {logging_mixin.py:188} INFO - [2026-02-03T21:20:19.084+0000] {dagbag.py:545} INFO - Filling up the DagBag from /opt/airflow/dags/minio-snowflake.py
[2026-02-03T21:20:19.890+0000] {processor.py:840} INFO - DAG(s) 'minio_to_snowflake' retrieved from /opt/airflow/dags/minio-snowflake.py
[2026-02-03T21:20:19.914+0000] {logging_mixin.py:188} INFO - [2026-02-03T21:20:19.914+0000] {dag.py:3089} INFO - Sync 1 DAGs
[2026-02-03T21:20:19.938+0000] {logging_mixin.py:188} INFO - [2026-02-03T21:20:19.938+0000] {dag.py:3947} INFO - Setting next_dagrun for minio_to_snowflake to 2026-02-03 21:20:00+00:00, run_after=2026-02-03 21:21:00+00:00
[2026-02-03T21:20:19.961+0000] {processor.py:183} INFO - Processing /opt/airflow/dags/minio-snowflake.py took 0.893 seconds
[2026-02-03T21:20:50.274+0000] {processor.py:161} INFO - Started process (PID=51348) to work on /opt/airflow/dags/minio-snowflake.py
[2026-02-03T21:20:50.276+0000] {processor.py:830} INFO - Processing file /opt/airflow/dags/minio-snowflake.py for tasks to queue
[2026-02-03T21:20:50.278+0000] {logging_mixin.py:188} INFO - [2026-02-03T21:20:50.278+0000] {dagbag.py:545} INFO - Filling up the DagBag from /opt/airflow/dags/minio-snowflake.py
[2026-02-03T21:20:51.150+0000] {processor.py:840} INFO - DAG(s) 'minio_to_snowflake' retrieved from /opt/airflow/dags/minio-snowflake.py
[2026-02-03T21:20:51.173+0000] {logging_mixin.py:188} INFO - [2026-02-03T21:20:51.173+0000] {dag.py:3089} INFO - Sync 1 DAGs
[2026-02-03T21:20:51.196+0000] {logging_mixin.py:188} INFO - [2026-02-03T21:20:51.196+0000] {dag.py:3947} INFO - Setting next_dagrun for minio_to_snowflake to 2026-02-03 21:20:00+00:00, run_after=2026-02-03 21:21:00+00:00
[2026-02-03T21:20:51.220+0000] {processor.py:183} INFO - Processing /opt/airflow/dags/minio-snowflake.py took 0.954 seconds
[2026-02-03T21:21:21.552+0000] {processor.py:161} INFO - Started process (PID=51950) to work on /opt/airflow/dags/minio-snowflake.py
[2026-02-03T21:21:21.555+0000] {processor.py:830} INFO - Processing file /opt/airflow/dags/minio-snowflake.py for tasks to queue
[2026-02-03T21:21:21.559+0000] {logging_mixin.py:188} INFO - [2026-02-03T21:21:21.558+0000] {dagbag.py:545} INFO - Filling up the DagBag from /opt/airflow/dags/minio-snowflake.py
[2026-02-03T21:21:22.343+0000] {processor.py:840} INFO - DAG(s) 'minio_to_snowflake' retrieved from /opt/airflow/dags/minio-snowflake.py
[2026-02-03T21:21:22.368+0000] {logging_mixin.py:188} INFO - [2026-02-03T21:21:22.368+0000] {dag.py:3089} INFO - Sync 1 DAGs
[2026-02-03T21:21:22.391+0000] {logging_mixin.py:188} INFO - [2026-02-03T21:21:22.391+0000] {dag.py:3947} INFO - Setting next_dagrun for minio_to_snowflake to 2026-02-03 21:21:00+00:00, run_after=2026-02-03 21:22:00+00:00
[2026-02-03T21:21:22.416+0000] {processor.py:183} INFO - Processing /opt/airflow/dags/minio-snowflake.py took 0.873 seconds
[2026-02-03T21:21:52.789+0000] {processor.py:161} INFO - Started process (PID=52144) to work on /opt/airflow/dags/minio-snowflake.py
[2026-02-03T21:21:52.792+0000] {processor.py:830} INFO - Processing file /opt/airflow/dags/minio-snowflake.py for tasks to queue
[2026-02-03T21:21:52.796+0000] {logging_mixin.py:188} INFO - [2026-02-03T21:21:52.795+0000] {dagbag.py:545} INFO - Filling up the DagBag from /opt/airflow/dags/minio-snowflake.py
[2026-02-03T21:21:53.554+0000] {processor.py:840} INFO - DAG(s) 'minio_to_snowflake' retrieved from /opt/airflow/dags/minio-snowflake.py
[2026-02-03T21:21:53.580+0000] {logging_mixin.py:188} INFO - [2026-02-03T21:21:53.579+0000] {dag.py:3089} INFO - Sync 1 DAGs
[2026-02-03T21:21:53.602+0000] {logging_mixin.py:188} INFO - [2026-02-03T21:21:53.602+0000] {dag.py:3947} INFO - Setting next_dagrun for minio_to_snowflake to 2026-02-03 21:21:00+00:00, run_after=2026-02-03 21:22:00+00:00
[2026-02-03T21:21:53.623+0000] {processor.py:183} INFO - Processing /opt/airflow/dags/minio-snowflake.py took 0.843 seconds
[2026-02-03T21:22:23.986+0000] {processor.py:161} INFO - Started process (PID=52746) to work on /opt/airflow/dags/minio-snowflake.py
[2026-02-03T21:22:23.988+0000] {processor.py:830} INFO - Processing file /opt/airflow/dags/minio-snowflake.py for tasks to queue
[2026-02-03T21:22:23.991+0000] {logging_mixin.py:188} INFO - [2026-02-03T21:22:23.990+0000] {dagbag.py:545} INFO - Filling up the DagBag from /opt/airflow/dags/minio-snowflake.py
[2026-02-03T21:22:24.779+0000] {processor.py:840} INFO - DAG(s) 'minio_to_snowflake' retrieved from /opt/airflow/dags/minio-snowflake.py
[2026-02-03T21:22:24.805+0000] {logging_mixin.py:188} INFO - [2026-02-03T21:22:24.804+0000] {dag.py:3089} INFO - Sync 1 DAGs
[2026-02-03T21:22:24.827+0000] {logging_mixin.py:188} INFO - [2026-02-03T21:22:24.827+0000] {dag.py:3947} INFO - Setting next_dagrun for minio_to_snowflake to 2026-02-03 21:22:00+00:00, run_after=2026-02-03 21:23:00+00:00
[2026-02-03T21:22:24.851+0000] {processor.py:183} INFO - Processing /opt/airflow/dags/minio-snowflake.py took 0.876 seconds
[2026-02-03T21:22:55.319+0000] {processor.py:161} INFO - Started process (PID=52940) to work on /opt/airflow/dags/minio-snowflake.py
[2026-02-03T21:22:55.321+0000] {processor.py:830} INFO - Processing file /opt/airflow/dags/minio-snowflake.py for tasks to queue
[2026-02-03T21:22:55.324+0000] {logging_mixin.py:188} INFO - [2026-02-03T21:22:55.324+0000] {dagbag.py:545} INFO - Filling up the DagBag from /opt/airflow/dags/minio-snowflake.py
[2026-02-03T21:22:56.127+0000] {processor.py:840} INFO - DAG(s) 'minio_to_snowflake' retrieved from /opt/airflow/dags/minio-snowflake.py
[2026-02-03T21:22:56.150+0000] {logging_mixin.py:188} INFO - [2026-02-03T21:22:56.150+0000] {dag.py:3089} INFO - Sync 1 DAGs
[2026-02-03T21:22:56.174+0000] {logging_mixin.py:188} INFO - [2026-02-03T21:22:56.173+0000] {dag.py:3947} INFO - Setting next_dagrun for minio_to_snowflake to 2026-02-03 21:22:00+00:00, run_after=2026-02-03 21:23:00+00:00
[2026-02-03T21:22:56.196+0000] {processor.py:183} INFO - Processing /opt/airflow/dags/minio-snowflake.py took 0.890 seconds
[2026-02-03T21:23:26.553+0000] {processor.py:161} INFO - Started process (PID=53576) to work on /opt/airflow/dags/minio-snowflake.py
[2026-02-03T21:23:26.555+0000] {processor.py:830} INFO - Processing file /opt/airflow/dags/minio-snowflake.py for tasks to queue
[2026-02-03T21:23:26.559+0000] {logging_mixin.py:188} INFO - [2026-02-03T21:23:26.559+0000] {dagbag.py:545} INFO - Filling up the DagBag from /opt/airflow/dags/minio-snowflake.py
[2026-02-03T21:23:27.349+0000] {processor.py:840} INFO - DAG(s) 'minio_to_snowflake' retrieved from /opt/airflow/dags/minio-snowflake.py
[2026-02-03T21:23:27.374+0000] {logging_mixin.py:188} INFO - [2026-02-03T21:23:27.374+0000] {dag.py:3089} INFO - Sync 1 DAGs
[2026-02-03T21:23:27.397+0000] {logging_mixin.py:188} INFO - [2026-02-03T21:23:27.397+0000] {dag.py:3947} INFO - Setting next_dagrun for minio_to_snowflake to 2026-02-03 21:23:00+00:00, run_after=2026-02-03 21:24:00+00:00
[2026-02-03T21:23:27.418+0000] {processor.py:183} INFO - Processing /opt/airflow/dags/minio-snowflake.py took 0.876 seconds
[2026-02-03T21:23:57.787+0000] {processor.py:161} INFO - Started process (PID=53736) to work on /opt/airflow/dags/minio-snowflake.py
[2026-02-03T21:23:57.790+0000] {processor.py:830} INFO - Processing file /opt/airflow/dags/minio-snowflake.py for tasks to queue
[2026-02-03T21:23:57.794+0000] {logging_mixin.py:188} INFO - [2026-02-03T21:23:57.794+0000] {dagbag.py:545} INFO - Filling up the DagBag from /opt/airflow/dags/minio-snowflake.py
[2026-02-03T21:23:58.574+0000] {processor.py:840} INFO - DAG(s) 'minio_to_snowflake' retrieved from /opt/airflow/dags/minio-snowflake.py
[2026-02-03T21:23:58.603+0000] {logging_mixin.py:188} INFO - [2026-02-03T21:23:58.601+0000] {dag.py:3089} INFO - Sync 1 DAGs
[2026-02-03T21:23:58.626+0000] {logging_mixin.py:188} INFO - [2026-02-03T21:23:58.626+0000] {dag.py:3947} INFO - Setting next_dagrun for minio_to_snowflake to 2026-02-03 21:23:00+00:00, run_after=2026-02-03 21:24:00+00:00
[2026-02-03T21:23:58.648+0000] {processor.py:183} INFO - Processing /opt/airflow/dags/minio-snowflake.py took 0.875 seconds
[2026-02-03T21:24:28.983+0000] {processor.py:161} INFO - Started process (PID=54401) to work on /opt/airflow/dags/minio-snowflake.py
[2026-02-03T21:24:28.985+0000] {processor.py:830} INFO - Processing file /opt/airflow/dags/minio-snowflake.py for tasks to queue
[2026-02-03T21:24:28.989+0000] {logging_mixin.py:188} INFO - [2026-02-03T21:24:28.989+0000] {dagbag.py:545} INFO - Filling up the DagBag from /opt/airflow/dags/minio-snowflake.py
[2026-02-03T21:24:29.765+0000] {processor.py:840} INFO - DAG(s) 'minio_to_snowflake' retrieved from /opt/airflow/dags/minio-snowflake.py
[2026-02-03T21:24:29.789+0000] {logging_mixin.py:188} INFO - [2026-02-03T21:24:29.789+0000] {dag.py:3089} INFO - Sync 1 DAGs
[2026-02-03T21:24:29.811+0000] {logging_mixin.py:188} INFO - [2026-02-03T21:24:29.811+0000] {dag.py:3947} INFO - Setting next_dagrun for minio_to_snowflake to 2026-02-03 21:24:00+00:00, run_after=2026-02-03 21:25:00+00:00
[2026-02-03T21:24:29.837+0000] {processor.py:183} INFO - Processing /opt/airflow/dags/minio-snowflake.py took 0.866 seconds
[2026-02-03T21:25:00.197+0000] {processor.py:161} INFO - Started process (PID=54532) to work on /opt/airflow/dags/minio-snowflake.py
[2026-02-03T21:25:00.200+0000] {processor.py:830} INFO - Processing file /opt/airflow/dags/minio-snowflake.py for tasks to queue
[2026-02-03T21:25:00.203+0000] {logging_mixin.py:188} INFO - [2026-02-03T21:25:00.203+0000] {dagbag.py:545} INFO - Filling up the DagBag from /opt/airflow/dags/minio-snowflake.py
[2026-02-03T21:25:00.987+0000] {processor.py:840} INFO - DAG(s) 'minio_to_snowflake' retrieved from /opt/airflow/dags/minio-snowflake.py
[2026-02-03T21:25:01.011+0000] {logging_mixin.py:188} INFO - [2026-02-03T21:25:01.010+0000] {dag.py:3089} INFO - Sync 1 DAGs
[2026-02-03T21:25:01.034+0000] {logging_mixin.py:188} INFO - [2026-02-03T21:25:01.034+0000] {dag.py:3947} INFO - Setting next_dagrun for minio_to_snowflake to 2026-02-03 21:25:00+00:00, run_after=2026-02-03 21:26:00+00:00
[2026-02-03T21:25:01.056+0000] {processor.py:183} INFO - Processing /opt/airflow/dags/minio-snowflake.py took 0.869 seconds
[2026-02-03T21:25:31.381+0000] {processor.py:161} INFO - Started process (PID=55221) to work on /opt/airflow/dags/minio-snowflake.py
[2026-02-03T21:25:31.383+0000] {processor.py:830} INFO - Processing file /opt/airflow/dags/minio-snowflake.py for tasks to queue
[2026-02-03T21:25:31.386+0000] {logging_mixin.py:188} INFO - [2026-02-03T21:25:31.386+0000] {dagbag.py:545} INFO - Filling up the DagBag from /opt/airflow/dags/minio-snowflake.py
[2026-02-03T21:25:32.160+0000] {processor.py:840} INFO - DAG(s) 'minio_to_snowflake' retrieved from /opt/airflow/dags/minio-snowflake.py
[2026-02-03T21:25:32.184+0000] {logging_mixin.py:188} INFO - [2026-02-03T21:25:32.183+0000] {dag.py:3089} INFO - Sync 1 DAGs
[2026-02-03T21:25:32.207+0000] {logging_mixin.py:188} INFO - [2026-02-03T21:25:32.206+0000] {dag.py:3947} INFO - Setting next_dagrun for minio_to_snowflake to 2026-02-03 21:25:00+00:00, run_after=2026-02-03 21:26:00+00:00
[2026-02-03T21:25:32.228+0000] {processor.py:183} INFO - Processing /opt/airflow/dags/minio-snowflake.py took 0.860 seconds
[2026-02-03T21:26:02.564+0000] {processor.py:161} INFO - Started process (PID=55329) to work on /opt/airflow/dags/minio-snowflake.py
[2026-02-03T21:26:02.566+0000] {processor.py:830} INFO - Processing file /opt/airflow/dags/minio-snowflake.py for tasks to queue
[2026-02-03T21:26:02.569+0000] {logging_mixin.py:188} INFO - [2026-02-03T21:26:02.568+0000] {dagbag.py:545} INFO - Filling up the DagBag from /opt/airflow/dags/minio-snowflake.py
[2026-02-03T21:26:03.405+0000] {processor.py:840} INFO - DAG(s) 'minio_to_snowflake' retrieved from /opt/airflow/dags/minio-snowflake.py
[2026-02-03T21:26:03.428+0000] {logging_mixin.py:188} INFO - [2026-02-03T21:26:03.427+0000] {dag.py:3089} INFO - Sync 1 DAGs
[2026-02-03T21:26:03.451+0000] {logging_mixin.py:188} INFO - [2026-02-03T21:26:03.450+0000] {dag.py:3947} INFO - Setting next_dagrun for minio_to_snowflake to 2026-02-03 21:26:00+00:00, run_after=2026-02-03 21:27:00+00:00
[2026-02-03T21:26:03.473+0000] {processor.py:183} INFO - Processing /opt/airflow/dags/minio-snowflake.py took 0.917 seconds
[2026-02-03T21:26:33.815+0000] {processor.py:161} INFO - Started process (PID=56028) to work on /opt/airflow/dags/minio-snowflake.py
[2026-02-03T21:26:33.818+0000] {processor.py:830} INFO - Processing file /opt/airflow/dags/minio-snowflake.py for tasks to queue
[2026-02-03T21:26:33.822+0000] {logging_mixin.py:188} INFO - [2026-02-03T21:26:33.821+0000] {dagbag.py:545} INFO - Filling up the DagBag from /opt/airflow/dags/minio-snowflake.py
[2026-02-03T21:26:34.794+0000] {processor.py:840} INFO - DAG(s) 'minio_to_snowflake' retrieved from /opt/airflow/dags/minio-snowflake.py
[2026-02-03T21:26:34.824+0000] {logging_mixin.py:188} INFO - [2026-02-03T21:26:34.824+0000] {dag.py:3089} INFO - Sync 1 DAGs
[2026-02-03T21:26:34.859+0000] {logging_mixin.py:188} INFO - [2026-02-03T21:26:34.858+0000] {dag.py:3947} INFO - Setting next_dagrun for minio_to_snowflake to 2026-02-03 21:26:00+00:00, run_after=2026-02-03 21:27:00+00:00
[2026-02-03T21:26:34.888+0000] {processor.py:183} INFO - Processing /opt/airflow/dags/minio-snowflake.py took 1.084 seconds
[2026-02-03T21:27:05.128+0000] {processor.py:161} INFO - Started process (PID=56146) to work on /opt/airflow/dags/minio-snowflake.py
[2026-02-03T21:27:05.130+0000] {processor.py:830} INFO - Processing file /opt/airflow/dags/minio-snowflake.py for tasks to queue
[2026-02-03T21:27:05.134+0000] {logging_mixin.py:188} INFO - [2026-02-03T21:27:05.133+0000] {dagbag.py:545} INFO - Filling up the DagBag from /opt/airflow/dags/minio-snowflake.py
[2026-02-03T21:27:06.113+0000] {processor.py:840} INFO - DAG(s) 'minio_to_snowflake' retrieved from /opt/airflow/dags/minio-snowflake.py
[2026-02-03T21:27:06.143+0000] {logging_mixin.py:188} INFO - [2026-02-03T21:27:06.142+0000] {dag.py:3089} INFO - Sync 1 DAGs
[2026-02-03T21:27:06.173+0000] {logging_mixin.py:188} INFO - [2026-02-03T21:27:06.173+0000] {dag.py:3947} INFO - Setting next_dagrun for minio_to_snowflake to 2026-02-03 21:27:00+00:00, run_after=2026-02-03 21:28:00+00:00
[2026-02-03T21:27:06.196+0000] {processor.py:183} INFO - Processing /opt/airflow/dags/minio-snowflake.py took 1.083 seconds
[2026-02-03T21:27:36.484+0000] {processor.py:161} INFO - Started process (PID=56825) to work on /opt/airflow/dags/minio-snowflake.py
[2026-02-03T21:27:36.487+0000] {processor.py:830} INFO - Processing file /opt/airflow/dags/minio-snowflake.py for tasks to queue
[2026-02-03T21:27:36.491+0000] {logging_mixin.py:188} INFO - [2026-02-03T21:27:36.491+0000] {dagbag.py:545} INFO - Filling up the DagBag from /opt/airflow/dags/minio-snowflake.py
[2026-02-03T21:27:37.282+0000] {processor.py:840} INFO - DAG(s) 'minio_to_snowflake' retrieved from /opt/airflow/dags/minio-snowflake.py
[2026-02-03T21:27:37.306+0000] {logging_mixin.py:188} INFO - [2026-02-03T21:27:37.306+0000] {dag.py:3089} INFO - Sync 1 DAGs
[2026-02-03T21:27:37.329+0000] {logging_mixin.py:188} INFO - [2026-02-03T21:27:37.329+0000] {dag.py:3947} INFO - Setting next_dagrun for minio_to_snowflake to 2026-02-03 21:27:00+00:00, run_after=2026-02-03 21:28:00+00:00
[2026-02-03T21:27:37.351+0000] {processor.py:183} INFO - Processing /opt/airflow/dags/minio-snowflake.py took 0.879 seconds
[2026-02-03T21:28:07.793+0000] {processor.py:161} INFO - Started process (PID=57439) to work on /opt/airflow/dags/minio-snowflake.py
[2026-02-03T21:28:07.795+0000] {processor.py:830} INFO - Processing file /opt/airflow/dags/minio-snowflake.py for tasks to queue
[2026-02-03T21:28:07.797+0000] {logging_mixin.py:188} INFO - [2026-02-03T21:28:07.797+0000] {dagbag.py:545} INFO - Filling up the DagBag from /opt/airflow/dags/minio-snowflake.py
[2026-02-03T21:28:08.526+0000] {processor.py:840} INFO - DAG(s) 'minio_to_snowflake' retrieved from /opt/airflow/dags/minio-snowflake.py
[2026-02-03T21:28:08.546+0000] {logging_mixin.py:188} INFO - [2026-02-03T21:28:08.545+0000] {dag.py:3089} INFO - Sync 1 DAGs
[2026-02-03T21:28:08.566+0000] {logging_mixin.py:188} INFO - [2026-02-03T21:28:08.566+0000] {dag.py:3947} INFO - Setting next_dagrun for minio_to_snowflake to 2026-02-03 21:28:00+00:00, run_after=2026-02-03 21:29:00+00:00
[2026-02-03T21:28:08.590+0000] {processor.py:183} INFO - Processing /opt/airflow/dags/minio-snowflake.py took 0.802 seconds
[2026-02-03T21:28:38.943+0000] {processor.py:161} INFO - Started process (PID=57674) to work on /opt/airflow/dags/minio-snowflake.py
[2026-02-03T21:28:38.945+0000] {processor.py:830} INFO - Processing file /opt/airflow/dags/minio-snowflake.py for tasks to queue
[2026-02-03T21:28:38.951+0000] {logging_mixin.py:188} INFO - [2026-02-03T21:28:38.950+0000] {dagbag.py:545} INFO - Filling up the DagBag from /opt/airflow/dags/minio-snowflake.py
[2026-02-03T21:28:39.720+0000] {processor.py:840} INFO - DAG(s) 'minio_to_snowflake' retrieved from /opt/airflow/dags/minio-snowflake.py
[2026-02-03T21:28:39.746+0000] {logging_mixin.py:188} INFO - [2026-02-03T21:28:39.745+0000] {dag.py:3089} INFO - Sync 1 DAGs
[2026-02-03T21:28:39.768+0000] {logging_mixin.py:188} INFO - [2026-02-03T21:28:39.768+0000] {dag.py:3947} INFO - Setting next_dagrun for minio_to_snowflake to 2026-02-03 21:28:00+00:00, run_after=2026-02-03 21:29:00+00:00
[2026-02-03T21:28:39.792+0000] {processor.py:183} INFO - Processing /opt/airflow/dags/minio-snowflake.py took 0.859 seconds
[2026-02-03T21:29:10.090+0000] {processor.py:161} INFO - Started process (PID=58255) to work on /opt/airflow/dags/minio-snowflake.py
[2026-02-03T21:29:10.091+0000] {processor.py:830} INFO - Processing file /opt/airflow/dags/minio-snowflake.py for tasks to queue
[2026-02-03T21:29:10.094+0000] {logging_mixin.py:188} INFO - [2026-02-03T21:29:10.093+0000] {dagbag.py:545} INFO - Filling up the DagBag from /opt/airflow/dags/minio-snowflake.py
[2026-02-03T21:29:10.861+0000] {processor.py:840} INFO - DAG(s) 'minio_to_snowflake' retrieved from /opt/airflow/dags/minio-snowflake.py
[2026-02-03T21:29:10.884+0000] {logging_mixin.py:188} INFO - [2026-02-03T21:29:10.884+0000] {dag.py:3089} INFO - Sync 1 DAGs
[2026-02-03T21:29:10.906+0000] {logging_mixin.py:188} INFO - [2026-02-03T21:29:10.906+0000] {dag.py:3947} INFO - Setting next_dagrun for minio_to_snowflake to 2026-02-03 21:29:00+00:00, run_after=2026-02-03 21:30:00+00:00
[2026-02-03T21:29:10.927+0000] {processor.py:183} INFO - Processing /opt/airflow/dags/minio-snowflake.py took 0.844 seconds
[2026-02-03T21:54:01.451+0000] {processor.py:161} INFO - Started process (PID=58442) to work on /opt/airflow/dags/minio-snowflake.py
[2026-02-03T21:54:01.455+0000] {processor.py:830} INFO - Processing file /opt/airflow/dags/minio-snowflake.py for tasks to queue
[2026-02-03T21:54:01.464+0000] {logging_mixin.py:188} INFO - [2026-02-03T21:54:01.463+0000] {dagbag.py:545} INFO - Filling up the DagBag from /opt/airflow/dags/minio-snowflake.py
[2026-02-03T21:54:03.610+0000] {processor.py:840} INFO - DAG(s) 'minio_to_snowflake' retrieved from /opt/airflow/dags/minio-snowflake.py
[2026-02-03T21:54:03.688+0000] {logging_mixin.py:188} INFO - [2026-02-03T21:54:03.685+0000] {dag.py:3089} INFO - Sync 1 DAGs
[2026-02-03T21:54:03.762+0000] {logging_mixin.py:188} INFO - [2026-02-03T21:54:03.762+0000] {dag.py:3947} INFO - Setting next_dagrun for minio_to_snowflake to 2026-02-03 21:53:00+00:00, run_after=2026-02-03 21:54:00+00:00
[2026-02-03T21:54:03.846+0000] {processor.py:183} INFO - Processing /opt/airflow/dags/minio-snowflake.py took 2.418 seconds
[2026-02-03T21:54:34.040+0000] {processor.py:161} INFO - Started process (PID=59055) to work on /opt/airflow/dags/minio-snowflake.py
[2026-02-03T21:54:34.044+0000] {processor.py:830} INFO - Processing file /opt/airflow/dags/minio-snowflake.py for tasks to queue
[2026-02-03T21:54:34.047+0000] {logging_mixin.py:188} INFO - [2026-02-03T21:54:34.047+0000] {dagbag.py:545} INFO - Filling up the DagBag from /opt/airflow/dags/minio-snowflake.py
[2026-02-03T21:54:35.269+0000] {processor.py:840} INFO - DAG(s) 'minio_to_snowflake' retrieved from /opt/airflow/dags/minio-snowflake.py
[2026-02-03T21:54:35.309+0000] {logging_mixin.py:188} INFO - [2026-02-03T21:54:35.308+0000] {dag.py:3089} INFO - Sync 1 DAGs
[2026-02-03T21:54:35.344+0000] {logging_mixin.py:188} INFO - [2026-02-03T21:54:35.344+0000] {dag.py:3947} INFO - Setting next_dagrun for minio_to_snowflake to 2026-02-03 21:54:00+00:00, run_after=2026-02-03 21:55:00+00:00
[2026-02-03T21:54:35.375+0000] {processor.py:183} INFO - Processing /opt/airflow/dags/minio-snowflake.py took 1.401 seconds
[2026-02-03T21:55:05.754+0000] {processor.py:161} INFO - Started process (PID=59306) to work on /opt/airflow/dags/minio-snowflake.py
[2026-02-03T21:55:05.756+0000] {processor.py:830} INFO - Processing file /opt/airflow/dags/minio-snowflake.py for tasks to queue
[2026-02-03T21:55:05.758+0000] {logging_mixin.py:188} INFO - [2026-02-03T21:55:05.758+0000] {dagbag.py:545} INFO - Filling up the DagBag from /opt/airflow/dags/minio-snowflake.py
[2026-02-03T21:55:06.657+0000] {processor.py:840} INFO - DAG(s) 'minio_to_snowflake' retrieved from /opt/airflow/dags/minio-snowflake.py
[2026-02-03T21:55:06.688+0000] {logging_mixin.py:188} INFO - [2026-02-03T21:55:06.687+0000] {dag.py:3089} INFO - Sync 1 DAGs
[2026-02-03T21:55:06.715+0000] {logging_mixin.py:188} INFO - [2026-02-03T21:55:06.715+0000] {dag.py:3947} INFO - Setting next_dagrun for minio_to_snowflake to 2026-02-03 21:55:00+00:00, run_after=2026-02-03 21:56:00+00:00
[2026-02-03T21:55:06.740+0000] {processor.py:183} INFO - Processing /opt/airflow/dags/minio-snowflake.py took 0.992 seconds
[2026-02-03T21:55:36.997+0000] {processor.py:161} INFO - Started process (PID=59988) to work on /opt/airflow/dags/minio-snowflake.py
[2026-02-03T21:55:36.999+0000] {processor.py:830} INFO - Processing file /opt/airflow/dags/minio-snowflake.py for tasks to queue
[2026-02-03T21:55:37.002+0000] {logging_mixin.py:188} INFO - [2026-02-03T21:55:37.002+0000] {dagbag.py:545} INFO - Filling up the DagBag from /opt/airflow/dags/minio-snowflake.py
[2026-02-03T21:55:38.205+0000] {processor.py:840} INFO - DAG(s) 'minio_to_snowflake' retrieved from /opt/airflow/dags/minio-snowflake.py
[2026-02-03T21:55:38.239+0000] {logging_mixin.py:188} INFO - [2026-02-03T21:55:38.238+0000] {dag.py:3089} INFO - Sync 1 DAGs
[2026-02-03T21:55:38.274+0000] {logging_mixin.py:188} INFO - [2026-02-03T21:55:38.274+0000] {dag.py:3947} INFO - Setting next_dagrun for minio_to_snowflake to 2026-02-03 21:55:00+00:00, run_after=2026-02-03 21:56:00+00:00
[2026-02-03T21:55:38.301+0000] {processor.py:183} INFO - Processing /opt/airflow/dags/minio-snowflake.py took 1.313 seconds
[2026-02-03T21:56:08.615+0000] {processor.py:161} INFO - Started process (PID=60340) to work on /opt/airflow/dags/minio-snowflake.py
[2026-02-03T21:56:08.617+0000] {processor.py:830} INFO - Processing file /opt/airflow/dags/minio-snowflake.py for tasks to queue
[2026-02-03T21:56:08.620+0000] {logging_mixin.py:188} INFO - [2026-02-03T21:56:08.619+0000] {dagbag.py:545} INFO - Filling up the DagBag from /opt/airflow/dags/minio-snowflake.py
[2026-02-03T21:56:09.906+0000] {processor.py:840} INFO - DAG(s) 'minio_to_snowflake' retrieved from /opt/airflow/dags/minio-snowflake.py
[2026-02-03T21:56:09.940+0000] {logging_mixin.py:188} INFO - [2026-02-03T21:56:09.939+0000] {dag.py:3089} INFO - Sync 1 DAGs
[2026-02-03T21:56:09.976+0000] {logging_mixin.py:188} INFO - [2026-02-03T21:56:09.976+0000] {dag.py:3947} INFO - Setting next_dagrun for minio_to_snowflake to 2026-02-03 21:56:00+00:00, run_after=2026-02-03 21:57:00+00:00
[2026-02-03T21:56:10.019+0000] {processor.py:183} INFO - Processing /opt/airflow/dags/minio-snowflake.py took 1.414 seconds
[2026-02-03T21:56:40.359+0000] {processor.py:161} INFO - Started process (PID=60843) to work on /opt/airflow/dags/minio-snowflake.py
[2026-02-03T21:56:40.361+0000] {processor.py:830} INFO - Processing file /opt/airflow/dags/minio-snowflake.py for tasks to queue
[2026-02-03T21:56:40.365+0000] {logging_mixin.py:188} INFO - [2026-02-03T21:56:40.365+0000] {dagbag.py:545} INFO - Filling up the DagBag from /opt/airflow/dags/minio-snowflake.py
[2026-02-03T21:56:41.580+0000] {processor.py:840} INFO - DAG(s) 'minio_to_snowflake' retrieved from /opt/airflow/dags/minio-snowflake.py
[2026-02-03T21:56:41.616+0000] {logging_mixin.py:188} INFO - [2026-02-03T21:56:41.615+0000] {dag.py:3089} INFO - Sync 1 DAGs
[2026-02-03T21:56:41.654+0000] {logging_mixin.py:188} INFO - [2026-02-03T21:56:41.654+0000] {dag.py:3947} INFO - Setting next_dagrun for minio_to_snowflake to 2026-02-03 21:56:00+00:00, run_after=2026-02-03 21:57:00+00:00
[2026-02-03T21:56:41.684+0000] {processor.py:183} INFO - Processing /opt/airflow/dags/minio-snowflake.py took 1.345 seconds
[2026-02-03T21:57:12.012+0000] {processor.py:161} INFO - Started process (PID=61417) to work on /opt/airflow/dags/minio-snowflake.py
[2026-02-03T21:57:12.015+0000] {processor.py:830} INFO - Processing file /opt/airflow/dags/minio-snowflake.py for tasks to queue
[2026-02-03T21:57:12.019+0000] {logging_mixin.py:188} INFO - [2026-02-03T21:57:12.018+0000] {dagbag.py:545} INFO - Filling up the DagBag from /opt/airflow/dags/minio-snowflake.py
[2026-02-03T21:57:13.178+0000] {processor.py:840} INFO - DAG(s) 'minio_to_snowflake' retrieved from /opt/airflow/dags/minio-snowflake.py
[2026-02-03T21:57:13.217+0000] {logging_mixin.py:188} INFO - [2026-02-03T21:57:13.216+0000] {dag.py:3089} INFO - Sync 1 DAGs
[2026-02-03T21:57:13.252+0000] {logging_mixin.py:188} INFO - [2026-02-03T21:57:13.252+0000] {dag.py:3947} INFO - Setting next_dagrun for minio_to_snowflake to 2026-02-03 21:57:00+00:00, run_after=2026-02-03 21:58:00+00:00
[2026-02-03T21:57:13.283+0000] {processor.py:183} INFO - Processing /opt/airflow/dags/minio-snowflake.py took 1.280 seconds
[2026-02-03T21:57:43.596+0000] {processor.py:161} INFO - Started process (PID=61658) to work on /opt/airflow/dags/minio-snowflake.py
[2026-02-03T21:57:43.598+0000] {processor.py:830} INFO - Processing file /opt/airflow/dags/minio-snowflake.py for tasks to queue
[2026-02-03T21:57:43.602+0000] {logging_mixin.py:188} INFO - [2026-02-03T21:57:43.601+0000] {dagbag.py:545} INFO - Filling up the DagBag from /opt/airflow/dags/minio-snowflake.py
[2026-02-03T21:57:44.818+0000] {processor.py:840} INFO - DAG(s) 'minio_to_snowflake' retrieved from /opt/airflow/dags/minio-snowflake.py
[2026-02-03T21:57:44.859+0000] {logging_mixin.py:188} INFO - [2026-02-03T21:57:44.858+0000] {dag.py:3089} INFO - Sync 1 DAGs
[2026-02-03T21:57:44.895+0000] {logging_mixin.py:188} INFO - [2026-02-03T21:57:44.894+0000] {dag.py:3947} INFO - Setting next_dagrun for minio_to_snowflake to 2026-02-03 21:57:00+00:00, run_after=2026-02-03 21:58:00+00:00
[2026-02-03T21:57:44.924+0000] {processor.py:183} INFO - Processing /opt/airflow/dags/minio-snowflake.py took 1.339 seconds
[2026-02-03T21:58:15.288+0000] {processor.py:161} INFO - Started process (PID=62233) to work on /opt/airflow/dags/minio-snowflake.py
[2026-02-03T21:58:15.290+0000] {processor.py:830} INFO - Processing file /opt/airflow/dags/minio-snowflake.py for tasks to queue
[2026-02-03T21:58:15.293+0000] {logging_mixin.py:188} INFO - [2026-02-03T21:58:15.293+0000] {dagbag.py:545} INFO - Filling up the DagBag from /opt/airflow/dags/minio-snowflake.py
[2026-02-03T21:58:16.487+0000] {processor.py:840} INFO - DAG(s) 'minio_to_snowflake' retrieved from /opt/airflow/dags/minio-snowflake.py
[2026-02-03T21:58:16.527+0000] {logging_mixin.py:188} INFO - [2026-02-03T21:58:16.527+0000] {dag.py:3089} INFO - Sync 1 DAGs
[2026-02-03T21:58:16.565+0000] {logging_mixin.py:188} INFO - [2026-02-03T21:58:16.565+0000] {dag.py:3947} INFO - Setting next_dagrun for minio_to_snowflake to 2026-02-03 21:58:00+00:00, run_after=2026-02-03 21:59:00+00:00
[2026-02-03T21:58:16.601+0000] {processor.py:183} INFO - Processing /opt/airflow/dags/minio-snowflake.py took 1.323 seconds
[2026-02-03T21:58:46.933+0000] {processor.py:161} INFO - Started process (PID=62485) to work on /opt/airflow/dags/minio-snowflake.py
[2026-02-03T21:58:46.936+0000] {processor.py:830} INFO - Processing file /opt/airflow/dags/minio-snowflake.py for tasks to queue
[2026-02-03T21:58:46.941+0000] {logging_mixin.py:188} INFO - [2026-02-03T21:58:46.940+0000] {dagbag.py:545} INFO - Filling up the DagBag from /opt/airflow/dags/minio-snowflake.py
[2026-02-03T21:58:48.115+0000] {processor.py:840} INFO - DAG(s) 'minio_to_snowflake' retrieved from /opt/airflow/dags/minio-snowflake.py
[2026-02-03T21:58:48.152+0000] {logging_mixin.py:188} INFO - [2026-02-03T21:58:48.152+0000] {dag.py:3089} INFO - Sync 1 DAGs
[2026-02-03T21:58:48.190+0000] {logging_mixin.py:188} INFO - [2026-02-03T21:58:48.189+0000] {dag.py:3947} INFO - Setting next_dagrun for minio_to_snowflake to 2026-02-03 21:58:00+00:00, run_after=2026-02-03 21:59:00+00:00
[2026-02-03T21:58:48.220+0000] {processor.py:183} INFO - Processing /opt/airflow/dags/minio-snowflake.py took 1.308 seconds
[2026-02-03T21:59:18.530+0000] {processor.py:161} INFO - Started process (PID=63037) to work on /opt/airflow/dags/minio-snowflake.py
[2026-02-03T21:59:18.533+0000] {processor.py:830} INFO - Processing file /opt/airflow/dags/minio-snowflake.py for tasks to queue
[2026-02-03T21:59:18.537+0000] {logging_mixin.py:188} INFO - [2026-02-03T21:59:18.536+0000] {dagbag.py:545} INFO - Filling up the DagBag from /opt/airflow/dags/minio-snowflake.py
[2026-02-03T21:59:19.796+0000] {processor.py:840} INFO - DAG(s) 'minio_to_snowflake' retrieved from /opt/airflow/dags/minio-snowflake.py
[2026-02-03T21:59:19.835+0000] {logging_mixin.py:188} INFO - [2026-02-03T21:59:19.834+0000] {dag.py:3089} INFO - Sync 1 DAGs
[2026-02-03T21:59:19.877+0000] {logging_mixin.py:188} INFO - [2026-02-03T21:59:19.876+0000] {dag.py:3947} INFO - Setting next_dagrun for minio_to_snowflake to 2026-02-03 21:59:00+00:00, run_after=2026-02-03 22:00:00+00:00
[2026-02-03T21:59:19.907+0000] {processor.py:183} INFO - Processing /opt/airflow/dags/minio-snowflake.py took 1.389 seconds
[2026-02-03T21:59:50.302+0000] {processor.py:161} INFO - Started process (PID=63282) to work on /opt/airflow/dags/minio-snowflake.py
[2026-02-03T21:59:50.304+0000] {processor.py:830} INFO - Processing file /opt/airflow/dags/minio-snowflake.py for tasks to queue
[2026-02-03T21:59:50.308+0000] {logging_mixin.py:188} INFO - [2026-02-03T21:59:50.308+0000] {dagbag.py:545} INFO - Filling up the DagBag from /opt/airflow/dags/minio-snowflake.py
[2026-02-03T21:59:51.443+0000] {processor.py:840} INFO - DAG(s) 'minio_to_snowflake' retrieved from /opt/airflow/dags/minio-snowflake.py
[2026-02-03T21:59:51.481+0000] {logging_mixin.py:188} INFO - [2026-02-03T21:59:51.478+0000] {dag.py:3089} INFO - Sync 1 DAGs
[2026-02-03T21:59:51.516+0000] {logging_mixin.py:188} INFO - [2026-02-03T21:59:51.516+0000] {dag.py:3947} INFO - Setting next_dagrun for minio_to_snowflake to 2026-02-03 21:59:00+00:00, run_after=2026-02-03 22:00:00+00:00
[2026-02-03T21:59:51.548+0000] {processor.py:183} INFO - Processing /opt/airflow/dags/minio-snowflake.py took 1.257 seconds
[2026-02-03T22:00:21.839+0000] {processor.py:161} INFO - Started process (PID=63840) to work on /opt/airflow/dags/minio-snowflake.py
[2026-02-03T22:00:21.841+0000] {processor.py:830} INFO - Processing file /opt/airflow/dags/minio-snowflake.py for tasks to queue
[2026-02-03T22:00:21.845+0000] {logging_mixin.py:188} INFO - [2026-02-03T22:00:21.845+0000] {dagbag.py:545} INFO - Filling up the DagBag from /opt/airflow/dags/minio-snowflake.py
[2026-02-03T22:00:23.055+0000] {processor.py:840} INFO - DAG(s) 'minio_to_snowflake' retrieved from /opt/airflow/dags/minio-snowflake.py
[2026-02-03T22:00:23.094+0000] {logging_mixin.py:188} INFO - [2026-02-03T22:00:23.093+0000] {dag.py:3089} INFO - Sync 1 DAGs
[2026-02-03T22:00:23.128+0000] {logging_mixin.py:188} INFO - [2026-02-03T22:00:23.128+0000] {dag.py:3947} INFO - Setting next_dagrun for minio_to_snowflake to 2026-02-03 22:00:00+00:00, run_after=2026-02-03 22:01:00+00:00
[2026-02-03T22:00:23.160+0000] {processor.py:183} INFO - Processing /opt/airflow/dags/minio-snowflake.py took 1.332 seconds
[2026-02-03T22:00:53.476+0000] {processor.py:161} INFO - Started process (PID=64078) to work on /opt/airflow/dags/minio-snowflake.py
[2026-02-03T22:00:53.479+0000] {processor.py:830} INFO - Processing file /opt/airflow/dags/minio-snowflake.py for tasks to queue
[2026-02-03T22:00:53.484+0000] {logging_mixin.py:188} INFO - [2026-02-03T22:00:53.483+0000] {dagbag.py:545} INFO - Filling up the DagBag from /opt/airflow/dags/minio-snowflake.py
[2026-02-03T22:00:54.659+0000] {processor.py:840} INFO - DAG(s) 'minio_to_snowflake' retrieved from /opt/airflow/dags/minio-snowflake.py
[2026-02-03T22:00:54.694+0000] {logging_mixin.py:188} INFO - [2026-02-03T22:00:54.693+0000] {dag.py:3089} INFO - Sync 1 DAGs
[2026-02-03T22:00:54.727+0000] {logging_mixin.py:188} INFO - [2026-02-03T22:00:54.727+0000] {dag.py:3947} INFO - Setting next_dagrun for minio_to_snowflake to 2026-02-03 22:00:00+00:00, run_after=2026-02-03 22:01:00+00:00
[2026-02-03T22:00:54.758+0000] {processor.py:183} INFO - Processing /opt/airflow/dags/minio-snowflake.py took 1.296 seconds
[2026-02-03T22:01:25.174+0000] {processor.py:161} INFO - Started process (PID=64681) to work on /opt/airflow/dags/minio-snowflake.py
[2026-02-03T22:01:25.177+0000] {processor.py:830} INFO - Processing file /opt/airflow/dags/minio-snowflake.py for tasks to queue
[2026-02-03T22:01:25.180+0000] {logging_mixin.py:188} INFO - [2026-02-03T22:01:25.179+0000] {dagbag.py:545} INFO - Filling up the DagBag from /opt/airflow/dags/minio-snowflake.py
[2026-02-03T22:01:26.374+0000] {processor.py:840} INFO - DAG(s) 'minio_to_snowflake' retrieved from /opt/airflow/dags/minio-snowflake.py
[2026-02-03T22:01:26.413+0000] {logging_mixin.py:188} INFO - [2026-02-03T22:01:26.412+0000] {dag.py:3089} INFO - Sync 1 DAGs
[2026-02-03T22:01:26.450+0000] {logging_mixin.py:188} INFO - [2026-02-03T22:01:26.449+0000] {dag.py:3947} INFO - Setting next_dagrun for minio_to_snowflake to 2026-02-03 22:01:00+00:00, run_after=2026-02-03 22:02:00+00:00
[2026-02-03T22:01:26.480+0000] {processor.py:183} INFO - Processing /opt/airflow/dags/minio-snowflake.py took 1.314 seconds
[2026-02-03T22:01:56.743+0000] {processor.py:161} INFO - Started process (PID=64874) to work on /opt/airflow/dags/minio-snowflake.py
[2026-02-03T22:01:56.745+0000] {processor.py:830} INFO - Processing file /opt/airflow/dags/minio-snowflake.py for tasks to queue
[2026-02-03T22:01:56.750+0000] {logging_mixin.py:188} INFO - [2026-02-03T22:01:56.749+0000] {dagbag.py:545} INFO - Filling up the DagBag from /opt/airflow/dags/minio-snowflake.py
[2026-02-03T22:01:58.029+0000] {processor.py:840} INFO - DAG(s) 'minio_to_snowflake' retrieved from /opt/airflow/dags/minio-snowflake.py
[2026-02-03T22:01:58.074+0000] {logging_mixin.py:188} INFO - [2026-02-03T22:01:58.073+0000] {dag.py:3089} INFO - Sync 1 DAGs
[2026-02-03T22:01:58.113+0000] {logging_mixin.py:188} INFO - [2026-02-03T22:01:58.112+0000] {dag.py:3947} INFO - Setting next_dagrun for minio_to_snowflake to 2026-02-03 22:01:00+00:00, run_after=2026-02-03 22:02:00+00:00
[2026-02-03T22:01:58.149+0000] {processor.py:183} INFO - Processing /opt/airflow/dags/minio-snowflake.py took 1.420 seconds
[2026-02-03T22:02:28.614+0000] {processor.py:161} INFO - Started process (PID=65510) to work on /opt/airflow/dags/minio-snowflake.py
[2026-02-03T22:02:28.616+0000] {processor.py:830} INFO - Processing file /opt/airflow/dags/minio-snowflake.py for tasks to queue
[2026-02-03T22:02:28.620+0000] {logging_mixin.py:188} INFO - [2026-02-03T22:02:28.619+0000] {dagbag.py:545} INFO - Filling up the DagBag from /opt/airflow/dags/minio-snowflake.py
[2026-02-03T22:02:29.850+0000] {processor.py:840} INFO - DAG(s) 'minio_to_snowflake' retrieved from /opt/airflow/dags/minio-snowflake.py
[2026-02-03T22:02:29.884+0000] {logging_mixin.py:188} INFO - [2026-02-03T22:02:29.883+0000] {dag.py:3089} INFO - Sync 1 DAGs
[2026-02-03T22:02:29.921+0000] {logging_mixin.py:188} INFO - [2026-02-03T22:02:29.920+0000] {dag.py:3947} INFO - Setting next_dagrun for minio_to_snowflake to 2026-02-03 22:02:00+00:00, run_after=2026-02-03 22:03:00+00:00
[2026-02-03T22:02:29.958+0000] {processor.py:183} INFO - Processing /opt/airflow/dags/minio-snowflake.py took 1.355 seconds
[2026-02-03T22:03:00.163+0000] {processor.py:161} INFO - Started process (PID=65670) to work on /opt/airflow/dags/minio-snowflake.py
[2026-02-03T22:03:00.165+0000] {processor.py:830} INFO - Processing file /opt/airflow/dags/minio-snowflake.py for tasks to queue
[2026-02-03T22:03:00.168+0000] {logging_mixin.py:188} INFO - [2026-02-03T22:03:00.167+0000] {dagbag.py:545} INFO - Filling up the DagBag from /opt/airflow/dags/minio-snowflake.py
[2026-02-03T22:03:01.330+0000] {processor.py:840} INFO - DAG(s) 'minio_to_snowflake' retrieved from /opt/airflow/dags/minio-snowflake.py
[2026-02-03T22:03:01.367+0000] {logging_mixin.py:188} INFO - [2026-02-03T22:03:01.366+0000] {dag.py:3089} INFO - Sync 1 DAGs
[2026-02-03T22:03:01.402+0000] {logging_mixin.py:188} INFO - [2026-02-03T22:03:01.402+0000] {dag.py:3947} INFO - Setting next_dagrun for minio_to_snowflake to 2026-02-03 22:03:00+00:00, run_after=2026-02-03 22:04:00+00:00
[2026-02-03T22:03:01.434+0000] {processor.py:183} INFO - Processing /opt/airflow/dags/minio-snowflake.py took 1.282 seconds
[2026-02-03T22:03:31.667+0000] {processor.py:161} INFO - Started process (PID=66318) to work on /opt/airflow/dags/minio-snowflake.py
[2026-02-03T22:03:31.669+0000] {processor.py:830} INFO - Processing file /opt/airflow/dags/minio-snowflake.py for tasks to queue
[2026-02-03T22:03:31.672+0000] {logging_mixin.py:188} INFO - [2026-02-03T22:03:31.672+0000] {dagbag.py:545} INFO - Filling up the DagBag from /opt/airflow/dags/minio-snowflake.py
[2026-02-03T22:03:32.847+0000] {processor.py:840} INFO - DAG(s) 'minio_to_snowflake' retrieved from /opt/airflow/dags/minio-snowflake.py
[2026-02-03T22:03:32.760+0000] {logging_mixin.py:188} INFO - [2026-02-03T22:03:32.760+0000] {dag.py:3089} INFO - Sync 1 DAGs
[2026-02-03T22:03:32.796+0000] {logging_mixin.py:188} INFO - [2026-02-03T22:03:32.796+0000] {dag.py:3947} INFO - Setting next_dagrun for minio_to_snowflake to 2026-02-03 22:03:00+00:00, run_after=2026-02-03 22:04:00+00:00
[2026-02-03T22:03:32.833+0000] {processor.py:183} INFO - Processing /opt/airflow/dags/minio-snowflake.py took 1.303 seconds
[2026-02-03T22:04:03.203+0000] {processor.py:161} INFO - Started process (PID=66467) to work on /opt/airflow/dags/minio-snowflake.py
[2026-02-03T22:04:03.206+0000] {processor.py:830} INFO - Processing file /opt/airflow/dags/minio-snowflake.py for tasks to queue
[2026-02-03T22:04:03.209+0000] {logging_mixin.py:188} INFO - [2026-02-03T22:04:03.208+0000] {dagbag.py:545} INFO - Filling up the DagBag from /opt/airflow/dags/minio-snowflake.py
[2026-02-03T22:04:04.396+0000] {processor.py:840} INFO - DAG(s) 'minio_to_snowflake' retrieved from /opt/airflow/dags/minio-snowflake.py
[2026-02-03T22:04:04.435+0000] {logging_mixin.py:188} INFO - [2026-02-03T22:04:04.434+0000] {dag.py:3089} INFO - Sync 1 DAGs
[2026-02-03T22:04:04.469+0000] {logging_mixin.py:188} INFO - [2026-02-03T22:04:04.469+0000] {dag.py:3947} INFO - Setting next_dagrun for minio_to_snowflake to 2026-02-03 22:04:00+00:00, run_after=2026-02-03 22:05:00+00:00
[2026-02-03T22:04:04.503+0000] {processor.py:183} INFO - Processing /opt/airflow/dags/minio-snowflake.py took 1.309 seconds
[2026-02-03T22:04:34.769+0000] {processor.py:161} INFO - Started process (PID=67123) to work on /opt/airflow/dags/minio-snowflake.py
[2026-02-03T22:04:34.771+0000] {processor.py:830} INFO - Processing file /opt/airflow/dags/minio-snowflake.py for tasks to queue
[2026-02-03T22:04:34.774+0000] {logging_mixin.py:188} INFO - [2026-02-03T22:04:34.774+0000] {dagbag.py:545} INFO - Filling up the DagBag from /opt/airflow/dags/minio-snowflake.py
[2026-02-03T22:04:35.964+0000] {processor.py:840} INFO - DAG(s) 'minio_to_snowflake' retrieved from /opt/airflow/dags/minio-snowflake.py
[2026-02-03T22:04:35.999+0000] {logging_mixin.py:188} INFO - [2026-02-03T22:04:35.998+0000] {dag.py:3089} INFO - Sync 1 DAGs
[2026-02-03T22:04:36.035+0000] {logging_mixin.py:188} INFO - [2026-02-03T22:04:36.035+0000] {dag.py:3947} INFO - Setting next_dagrun for minio_to_snowflake to 2026-02-03 22:04:00+00:00, run_after=2026-02-03 22:05:00+00:00
[2026-02-03T22:04:36.064+0000] {processor.py:183} INFO - Processing /opt/airflow/dags/minio-snowflake.py took 1.305 seconds
[2026-02-03T22:05:06.327+0000] {processor.py:161} INFO - Started process (PID=67309) to work on /opt/airflow/dags/minio-snowflake.py
[2026-02-03T22:05:06.330+0000] {processor.py:830} INFO - Processing file /opt/airflow/dags/minio-snowflake.py for tasks to queue
[2026-02-03T22:05:06.334+0000] {logging_mixin.py:188} INFO - [2026-02-03T22:05:06.333+0000] {dagbag.py:545} INFO - Filling up the DagBag from /opt/airflow/dags/minio-snowflake.py
[2026-02-03T22:05:07.609+0000] {processor.py:840} INFO - DAG(s) 'minio_to_snowflake' retrieved from /opt/airflow/dags/minio-snowflake.py
[2026-02-03T22:05:07.647+0000] {logging_mixin.py:188} INFO - [2026-02-03T22:05:07.646+0000] {dag.py:3089} INFO - Sync 1 DAGs
[2026-02-03T22:05:07.685+0000] {logging_mixin.py:188} INFO - [2026-02-03T22:05:07.685+0000] {dag.py:3947} INFO - Setting next_dagrun for minio_to_snowflake to 2026-02-03 22:05:00+00:00, run_after=2026-02-03 22:06:00+00:00
[2026-02-03T22:05:07.717+0000] {processor.py:183} INFO - Processing /opt/airflow/dags/minio-snowflake.py took 1.400 seconds
[2026-02-03T22:05:38.076+0000] {processor.py:161} INFO - Started process (PID=67960) to work on /opt/airflow/dags/minio-snowflake.py
[2026-02-03T22:05:38.079+0000] {processor.py:830} INFO - Processing file /opt/airflow/dags/minio-snowflake.py for tasks to queue
[2026-02-03T22:05:38.083+0000] {logging_mixin.py:188} INFO - [2026-02-03T22:05:38.083+0000] {dagbag.py:545} INFO - Filling up the DagBag from /opt/airflow/dags/minio-snowflake.py
[2026-02-03T22:05:39.252+0000] {processor.py:840} INFO - DAG(s) 'minio_to_snowflake' retrieved from /opt/airflow/dags/minio-snowflake.py
[2026-02-03T22:05:39.290+0000] {logging_mixin.py:188} INFO - [2026-02-03T22:05:39.289+0000] {dag.py:3089} INFO - Sync 1 DAGs
[2026-02-03T22:05:39.332+0000] {logging_mixin.py:188} INFO - [2026-02-03T22:05:39.332+0000] {dag.py:3947} INFO - Setting next_dagrun for minio_to_snowflake to 2026-02-03 22:05:00+00:00, run_after=2026-02-03 22:06:00+00:00
[2026-02-03T22:05:39.361+0000] {processor.py:183} INFO - Processing /opt/airflow/dags/minio-snowflake.py took 1.297 seconds
[2026-02-03T22:06:09.557+0000] {processor.py:161} INFO - Started process (PID=68569) to work on /opt/airflow/dags/minio-snowflake.py
[2026-02-03T22:06:09.575+0000] {processor.py:830} INFO - Processing file /opt/airflow/dags/minio-snowflake.py for tasks to queue
[2026-02-03T22:06:09.579+0000] {logging_mixin.py:188} INFO - [2026-02-03T22:06:09.579+0000] {dagbag.py:545} INFO - Filling up the DagBag from /opt/airflow/dags/minio-snowflake.py
[2026-02-03T22:06:10.819+0000] {processor.py:840} INFO - DAG(s) 'minio_to_snowflake' retrieved from /opt/airflow/dags/minio-snowflake.py
[2026-02-03T22:06:10.859+0000] {logging_mixin.py:188} INFO - [2026-02-03T22:06:10.858+0000] {dag.py:3089} INFO - Sync 1 DAGs
[2026-02-03T22:06:10.895+0000] {logging_mixin.py:188} INFO - [2026-02-03T22:06:10.895+0000] {dag.py:3947} INFO - Setting next_dagrun for minio_to_snowflake to 2026-02-03 22:06:00+00:00, run_after=2026-02-03 22:07:00+00:00
[2026-02-03T22:06:10.931+0000] {processor.py:183} INFO - Processing /opt/airflow/dags/minio-snowflake.py took 1.388 seconds
[2026-02-03T22:06:41.263+0000] {processor.py:161} INFO - Started process (PID=68778) to work on /opt/airflow/dags/minio-snowflake.py
[2026-02-03T22:06:41.266+0000] {processor.py:830} INFO - Processing file /opt/airflow/dags/minio-snowflake.py for tasks to queue
[2026-02-03T22:06:41.270+0000] {logging_mixin.py:188} INFO - [2026-02-03T22:06:41.269+0000] {dagbag.py:545} INFO - Filling up the DagBag from /opt/airflow/dags/minio-snowflake.py
[2026-02-03T22:06:42.658+0000] {processor.py:840} INFO - DAG(s) 'minio_to_snowflake' retrieved from /opt/airflow/dags/minio-snowflake.py
[2026-02-03T22:06:42.693+0000] {logging_mixin.py:188} INFO - [2026-02-03T22:06:42.692+0000] {dag.py:3089} INFO - Sync 1 DAGs
[2026-02-03T22:06:42.729+0000] {logging_mixin.py:188} INFO - [2026-02-03T22:06:42.729+0000] {dag.py:3947} INFO - Setting next_dagrun for minio_to_snowflake to 2026-02-03 22:06:00+00:00, run_after=2026-02-03 22:07:00+00:00
[2026-02-03T22:06:42.768+0000] {processor.py:183} INFO - Processing /opt/airflow/dags/minio-snowflake.py took 1.519 seconds
[2026-02-03T22:07:13.100+0000] {processor.py:161} INFO - Started process (PID=69374) to work on /opt/airflow/dags/minio-snowflake.py
[2026-02-03T22:07:13.103+0000] {processor.py:830} INFO - Processing file /opt/airflow/dags/minio-snowflake.py for tasks to queue
[2026-02-03T22:07:13.108+0000] {logging_mixin.py:188} INFO - [2026-02-03T22:07:13.107+0000] {dagbag.py:545} INFO - Filling up the DagBag from /opt/airflow/dags/minio-snowflake.py
[2026-02-03T22:07:14.305+0000] {processor.py:840} INFO - DAG(s) 'minio_to_snowflake' retrieved from /opt/airflow/dags/minio-snowflake.py
[2026-02-03T22:07:14.346+0000] {logging_mixin.py:188} INFO - [2026-02-03T22:07:14.345+0000] {dag.py:3089} INFO - Sync 1 DAGs
[2026-02-03T22:07:14.383+0000] {logging_mixin.py:188} INFO - [2026-02-03T22:07:14.382+0000] {dag.py:3947} INFO - Setting next_dagrun for minio_to_snowflake to 2026-02-03 22:07:00+00:00, run_after=2026-02-03 22:08:00+00:00
[2026-02-03T22:07:14.422+0000] {processor.py:183} INFO - Processing /opt/airflow/dags/minio-snowflake.py took 1.333 seconds
[2026-02-03T22:07:44.714+0000] {processor.py:161} INFO - Started process (PID=69600) to work on /opt/airflow/dags/minio-snowflake.py
[2026-02-03T22:07:44.716+0000] {processor.py:830} INFO - Processing file /opt/airflow/dags/minio-snowflake.py for tasks to queue
[2026-02-03T22:07:44.721+0000] {logging_mixin.py:188} INFO - [2026-02-03T22:07:44.721+0000] {dagbag.py:545} INFO - Filling up the DagBag from /opt/airflow/dags/minio-snowflake.py
[2026-02-03T22:07:45.944+0000] {processor.py:840} INFO - DAG(s) 'minio_to_snowflake' retrieved from /opt/airflow/dags/minio-snowflake.py
[2026-02-03T22:07:45.980+0000] {logging_mixin.py:188} INFO - [2026-02-03T22:07:45.980+0000] {dag.py:3089} INFO - Sync 1 DAGs
[2026-02-03T22:07:46.015+0000] {logging_mixin.py:188} INFO - [2026-02-03T22:07:46.014+0000] {dag.py:3947} INFO - Setting next_dagrun for minio_to_snowflake to 2026-02-03 22:07:00+00:00, run_after=2026-02-03 22:08:00+00:00
[2026-02-03T22:07:46.049+0000] {processor.py:183} INFO - Processing /opt/airflow/dags/minio-snowflake.py took 1.350 seconds
[2026-02-03T22:08:16.379+0000] {processor.py:161} INFO - Started process (PID=70192) to work on /opt/airflow/dags/minio-snowflake.py
[2026-02-03T22:08:16.381+0000] {processor.py:830} INFO - Processing file /opt/airflow/dags/minio-snowflake.py for tasks to queue
[2026-02-03T22:08:16.385+0000] {logging_mixin.py:188} INFO - [2026-02-03T22:08:16.384+0000] {dagbag.py:545} INFO - Filling up the DagBag from /opt/airflow/dags/minio-snowflake.py
[2026-02-03T22:08:17.649+0000] {processor.py:840} INFO - DAG(s) 'minio_to_snowflake' retrieved from /opt/airflow/dags/minio-snowflake.py
[2026-02-03T22:08:17.689+0000] {logging_mixin.py:188} INFO - [2026-02-03T22:08:17.687+0000] {dag.py:3089} INFO - Sync 1 DAGs
[2026-02-03T22:08:17.726+0000] {logging_mixin.py:188} INFO - [2026-02-03T22:08:17.726+0000] {dag.py:3947} INFO - Setting next_dagrun for minio_to_snowflake to 2026-02-03 22:08:00+00:00, run_after=2026-02-03 22:09:00+00:00
[2026-02-03T22:08:17.764+0000] {processor.py:183} INFO - Processing /opt/airflow/dags/minio-snowflake.py took 1.399 seconds
[2026-02-03T22:08:48.043+0000] {processor.py:161} INFO - Started process (PID=70436) to work on /opt/airflow/dags/minio-snowflake.py
[2026-02-03T22:08:48.045+0000] {processor.py:830} INFO - Processing file /opt/airflow/dags/minio-snowflake.py for tasks to queue
[2026-02-03T22:08:48.055+0000] {logging_mixin.py:188} INFO - [2026-02-03T22:08:48.054+0000] {dagbag.py:545} INFO - Filling up the DagBag from /opt/airflow/dags/minio-snowflake.py
[2026-02-03T22:08:49.241+0000] {processor.py:840} INFO - DAG(s) 'minio_to_snowflake' retrieved from /opt/airflow/dags/minio-snowflake.py
[2026-02-03T22:08:49.280+0000] {logging_mixin.py:188} INFO - [2026-02-03T22:08:49.280+0000] {dag.py:3089} INFO - Sync 1 DAGs
[2026-02-03T22:08:49.314+0000] {logging_mixin.py:188} INFO - [2026-02-03T22:08:49.313+0000] {dag.py:3947} INFO - Setting next_dagrun for minio_to_snowflake to 2026-02-03 22:08:00+00:00, run_after=2026-02-03 22:09:00+00:00
[2026-02-03T22:08:49.344+0000] {processor.py:183} INFO - Processing /opt/airflow/dags/minio-snowflake.py took 1.321 seconds
[2026-02-03T22:09:19.593+0000] {processor.py:161} INFO - Started process (PID=71003) to work on /opt/airflow/dags/minio-snowflake.py
[2026-02-03T22:09:19.595+0000] {processor.py:830} INFO - Processing file /opt/airflow/dags/minio-snowflake.py for tasks to queue
[2026-02-03T22:09:19.599+0000] {logging_mixin.py:188} INFO - [2026-02-03T22:09:19.598+0000] {dagbag.py:545} INFO - Filling up the DagBag from /opt/airflow/dags/minio-snowflake.py
[2026-02-03T22:09:20.761+0000] {processor.py:840} INFO - DAG(s) 'minio_to_snowflake' retrieved from /opt/airflow/dags/minio-snowflake.py
[2026-02-03T22:09:20.801+0000] {logging_mixin.py:188} INFO - [2026-02-03T22:09:20.800+0000] {dag.py:3089} INFO - Sync 1 DAGs
[2026-02-03T22:09:20.836+0000] {logging_mixin.py:188} INFO - [2026-02-03T22:09:20.836+0000] {dag.py:3947} INFO - Setting next_dagrun for minio_to_snowflake to 2026-02-03 22:09:00+00:00, run_after=2026-02-03 22:10:00+00:00
[2026-02-03T22:09:20.863+0000] {processor.py:183} INFO - Processing /opt/airflow/dags/minio-snowflake.py took 1.281 seconds
[2026-02-03T22:09:51.126+0000] {processor.py:161} INFO - Started process (PID=71239) to work on /opt/airflow/dags/minio-snowflake.py
[2026-02-03T22:09:51.127+0000] {processor.py:830} INFO - Processing file /opt/airflow/dags/minio-snowflake.py for tasks to queue
[2026-02-03T22:09:51.149+0000] {logging_mixin.py:188} INFO - [2026-02-03T22:09:51.148+0000] {dagbag.py:545} INFO - Filling up the DagBag from /opt/airflow/dags/minio-snowflake.py
[2026-02-03T22:09:52.306+0000] {processor.py:840} INFO - DAG(s) 'minio_to_snowflake' retrieved from /opt/airflow/dags/minio-snowflake.py
[2026-02-03T22:09:52.338+0000] {logging_mixin.py:188} INFO - [2026-02-03T22:09:52.337+0000] {dag.py:3089} INFO - Sync 1 DAGs
[2026-02-03T22:09:52.368+0000] {logging_mixin.py:188} INFO - [2026-02-03T22:09:52.368+0000] {dag.py:3947} INFO - Setting next_dagrun for minio_to_snowflake to 2026-02-03 22:09:00+00:00, run_after=2026-02-03 22:10:00+00:00
[2026-02-03T22:09:52.404+0000] {processor.py:183} INFO - Processing /opt/airflow/dags/minio-snowflake.py took 1.288 seconds
[2026-02-03T22:10:22.714+0000] {processor.py:161} INFO - Started process (PID=71816) to work on /opt/airflow/dags/minio-snowflake.py
[2026-02-03T22:10:22.717+0000] {processor.py:830} INFO - Processing file /opt/airflow/dags/minio-snowflake.py for tasks to queue
[2026-02-03T22:10:22.722+0000] {logging_mixin.py:188} INFO - [2026-02-03T22:10:22.721+0000] {dagbag.py:545} INFO - Filling up the DagBag from /opt/airflow/dags/minio-snowflake.py
[2026-02-03T22:10:23.931+0000] {processor.py:840} INFO - DAG(s) 'minio_to_snowflake' retrieved from /opt/airflow/dags/minio-snowflake.py
[2026-02-03T22:10:23.966+0000] {logging_mixin.py:188} INFO - [2026-02-03T22:10:23.965+0000] {dag.py:3089} INFO - Sync 1 DAGs
[2026-02-03T22:10:24.002+0000] {logging_mixin.py:188} INFO - [2026-02-03T22:10:24.001+0000] {dag.py:3947} INFO - Setting next_dagrun for minio_to_snowflake to 2026-02-03 22:10:00+00:00, run_after=2026-02-03 22:11:00+00:00
[2026-02-03T22:10:24.033+0000] {processor.py:183} INFO - Processing /opt/airflow/dags/minio-snowflake.py took 1.332 seconds
[2026-02-03T22:10:54.312+0000] {processor.py:161} INFO - Started process (PID=72035) to work on /opt/airflow/dags/minio-snowflake.py
[2026-02-03T22:10:54.315+0000] {processor.py:830} INFO - Processing file /opt/airflow/dags/minio-snowflake.py for tasks to queue
[2026-02-03T22:10:54.319+0000] {logging_mixin.py:188} INFO - [2026-02-03T22:10:54.318+0000] {dagbag.py:545} INFO - Filling up the DagBag from /opt/airflow/dags/minio-snowflake.py
[2026-02-03T22:10:55.426+0000] {processor.py:840} INFO - DAG(s) 'minio_to_snowflake' retrieved from /opt/airflow/dags/minio-snowflake.py
[2026-02-03T22:10:55.460+0000] {logging_mixin.py:188} INFO - [2026-02-03T22:10:55.459+0000] {dag.py:3089} INFO - Sync 1 DAGs
[2026-02-03T22:10:55.492+0000] {logging_mixin.py:188} INFO - [2026-02-03T22:10:55.492+0000] {dag.py:3947} INFO - Setting next_dagrun for minio_to_snowflake to 2026-02-03 22:10:00+00:00, run_after=2026-02-03 22:11:00+00:00
[2026-02-03T22:10:55.521+0000] {processor.py:183} INFO - Processing /opt/airflow/dags/minio-snowflake.py took 1.221 seconds
[2026-02-03T22:11:25.807+0000] {processor.py:161} INFO - Started process (PID=72643) to work on /opt/airflow/dags/minio-snowflake.py
[2026-02-03T22:11:25.809+0000] {processor.py:830} INFO - Processing file /opt/airflow/dags/minio-snowflake.py for tasks to queue
[2026-02-03T22:11:25.813+0000] {logging_mixin.py:188} INFO - [2026-02-03T22:11:25.812+0000] {dagbag.py:545} INFO - Filling up the DagBag from /opt/airflow/dags/minio-snowflake.py
[2026-02-03T22:11:26.999+0000] {processor.py:840} INFO - DAG(s) 'minio_to_snowflake' retrieved from /opt/airflow/dags/minio-snowflake.py
[2026-02-03T22:11:27.038+0000] {logging_mixin.py:188} INFO - [2026-02-03T22:11:27.037+0000] {dag.py:3089} INFO - Sync 1 DAGs
[2026-02-03T22:11:27.075+0000] {logging_mixin.py:188} INFO - [2026-02-03T22:11:27.075+0000] {dag.py:3947} INFO - Setting next_dagrun for minio_to_snowflake to 2026-02-03 22:11:00+00:00, run_after=2026-02-03 22:12:00+00:00
[2026-02-03T22:11:27.109+0000] {processor.py:183} INFO - Processing /opt/airflow/dags/minio-snowflake.py took 1.312 seconds
[2026-02-03T22:11:57.429+0000] {processor.py:161} INFO - Started process (PID=72831) to work on /opt/airflow/dags/minio-snowflake.py
[2026-02-03T22:11:57.433+0000] {processor.py:830} INFO - Processing file /opt/airflow/dags/minio-snowflake.py for tasks to queue
[2026-02-03T22:11:57.439+0000] {logging_mixin.py:188} INFO - [2026-02-03T22:11:57.438+0000] {dagbag.py:545} INFO - Filling up the DagBag from /opt/airflow/dags/minio-snowflake.py
[2026-02-03T22:11:58.779+0000] {processor.py:840} INFO - DAG(s) 'minio_to_snowflake' retrieved from /opt/airflow/dags/minio-snowflake.py
[2026-02-03T22:11:58.822+0000] {logging_mixin.py:188} INFO - [2026-02-03T22:11:58.821+0000] {dag.py:3089} INFO - Sync 1 DAGs
[2026-02-03T22:11:58.855+0000] {logging_mixin.py:188} INFO - [2026-02-03T22:11:58.855+0000] {dag.py:3947} INFO - Setting next_dagrun for minio_to_snowflake to 2026-02-03 22:11:00+00:00, run_after=2026-02-03 22:12:00+00:00
[2026-02-03T22:11:58.888+0000] {processor.py:183} INFO - Processing /opt/airflow/dags/minio-snowflake.py took 1.473 seconds
[2026-02-03T22:12:29.245+0000] {processor.py:161} INFO - Started process (PID=73464) to work on /opt/airflow/dags/minio-snowflake.py
[2026-02-03T22:12:29.247+0000] {processor.py:830} INFO - Processing file /opt/airflow/dags/minio-snowflake.py for tasks to queue
[2026-02-03T22:12:29.251+0000] {logging_mixin.py:188} INFO - [2026-02-03T22:12:29.250+0000] {dagbag.py:545} INFO - Filling up the DagBag from /opt/airflow/dags/minio-snowflake.py
[2026-02-03T22:12:30.410+0000] {processor.py:840} INFO - DAG(s) 'minio_to_snowflake' retrieved from /opt/airflow/dags/minio-snowflake.py
[2026-02-03T22:12:30.449+0000] {logging_mixin.py:188} INFO - [2026-02-03T22:12:30.448+0000] {dag.py:3089} INFO - Sync 1 DAGs
[2026-02-03T22:12:30.484+0000] {logging_mixin.py:188} INFO - [2026-02-03T22:12:30.483+0000] {dag.py:3947} INFO - Setting next_dagrun for minio_to_snowflake to 2026-02-03 22:12:00+00:00, run_after=2026-02-03 22:13:00+00:00
[2026-02-03T22:12:30.517+0000] {processor.py:183} INFO - Processing /opt/airflow/dags/minio-snowflake.py took 1.281 seconds
[2026-02-03T22:13:00.658+0000] {processor.py:161} INFO - Started process (PID=73628) to work on /opt/airflow/dags/minio-snowflake.py
[2026-02-03T22:13:00.661+0000] {processor.py:830} INFO - Processing file /opt/airflow/dags/minio-snowflake.py for tasks to queue
[2026-02-03T22:13:00.664+0000] {logging_mixin.py:188} INFO - [2026-02-03T22:13:00.663+0000] {dagbag.py:545} INFO - Filling up the DagBag from /opt/airflow/dags/minio-snowflake.py
[2026-02-03T22:13:01.808+0000] {processor.py:840} INFO - DAG(s) 'minio_to_snowflake' retrieved from /opt/airflow/dags/minio-snowflake.py
[2026-02-03T22:13:01.845+0000] {logging_mixin.py:188} INFO - [2026-02-03T22:13:01.844+0000] {dag.py:3089} INFO - Sync 1 DAGs
[2026-02-03T22:13:01.881+0000] {logging_mixin.py:188} INFO - [2026-02-03T22:13:01.880+0000] {dag.py:3947} INFO - Setting next_dagrun for minio_to_snowflake to 2026-02-03 22:13:00+00:00, run_after=2026-02-03 22:14:00+00:00
[2026-02-03T22:13:01.910+0000] {processor.py:183} INFO - Processing /opt/airflow/dags/minio-snowflake.py took 1.262 seconds
[2026-02-03T22:13:32.176+0000] {processor.py:161} INFO - Started process (PID=74287) to work on /opt/airflow/dags/minio-snowflake.py
[2026-02-03T22:13:32.178+0000] {processor.py:830} INFO - Processing file /opt/airflow/dags/minio-snowflake.py for tasks to queue
[2026-02-03T22:13:32.182+0000] {logging_mixin.py:188} INFO - [2026-02-03T22:13:32.182+0000] {dagbag.py:545} INFO - Filling up the DagBag from /opt/airflow/dags/minio-snowflake.py
[2026-02-03T22:13:33.355+0000] {processor.py:840} INFO - DAG(s) 'minio_to_snowflake' retrieved from /opt/airflow/dags/minio-snowflake.py
[2026-02-03T22:13:33.393+0000] {logging_mixin.py:188} INFO - [2026-02-03T22:13:33.392+0000] {dag.py:3089} INFO - Sync 1 DAGs
[2026-02-03T22:13:33.432+0000] {logging_mixin.py:188} INFO - [2026-02-03T22:13:33.432+0000] {dag.py:3947} INFO - Setting next_dagrun for minio_to_snowflake to 2026-02-03 22:13:00+00:00, run_after=2026-02-03 22:14:00+00:00
[2026-02-03T22:13:33.462+0000] {processor.py:183} INFO - Processing /opt/airflow/dags/minio-snowflake.py took 1.296 seconds
[2026-02-03T22:14:03.770+0000] {processor.py:161} INFO - Started process (PID=74443) to work on /opt/airflow/dags/minio-snowflake.py
[2026-02-03T22:14:03.772+0000] {processor.py:830} INFO - Processing file /opt/airflow/dags/minio-snowflake.py for tasks to queue
[2026-02-03T22:14:03.775+0000] {logging_mixin.py:188} INFO - [2026-02-03T22:14:03.774+0000] {dagbag.py:545} INFO - Filling up the DagBag from /opt/airflow/dags/minio-snowflake.py
[2026-02-03T22:14:05.032+0000] {processor.py:840} INFO - DAG(s) 'minio_to_snowflake' retrieved from /opt/airflow/dags/minio-snowflake.py
[2026-02-03T22:14:05.072+0000] {logging_mixin.py:188} INFO - [2026-02-03T22:14:05.071+0000] {dag.py:3089} INFO - Sync 1 DAGs
[2026-02-03T22:14:05.109+0000] {logging_mixin.py:188} INFO - [2026-02-03T22:14:05.109+0000] {dag.py:3947} INFO - Setting next_dagrun for minio_to_snowflake to 2026-02-03 22:14:00+00:00, run_after=2026-02-03 22:15:00+00:00
[2026-02-03T22:14:05.144+0000] {processor.py:183} INFO - Processing /opt/airflow/dags/minio-snowflake.py took 1.383 seconds
[2026-02-03T22:14:35.545+0000] {processor.py:161} INFO - Started process (PID=75109) to work on /opt/airflow/dags/minio-snowflake.py
[2026-02-03T22:14:35.547+0000] {processor.py:830} INFO - Processing file /opt/airflow/dags/minio-snowflake.py for tasks to queue
[2026-02-03T22:14:35.550+0000] {logging_mixin.py:188} INFO - [2026-02-03T22:14:35.550+0000] {dagbag.py:545} INFO - Filling up the DagBag from /opt/airflow/dags/minio-snowflake.py
[2026-02-03T22:14:36.733+0000] {processor.py:840} INFO - DAG(s) 'minio_to_snowflake' retrieved from /opt/airflow/dags/minio-snowflake.py
[2026-02-03T22:14:36.772+0000] {logging_mixin.py:188} INFO - [2026-02-03T22:14:36.771+0000] {dag.py:3089} INFO - Sync 1 DAGs
[2026-02-03T22:14:36.806+0000] {logging_mixin.py:188} INFO - [2026-02-03T22:14:36.806+0000] {dag.py:3947} INFO - Setting next_dagrun for minio_to_snowflake to 2026-02-03 22:14:00+00:00, run_after=2026-02-03 22:15:00+00:00
[2026-02-03T22:14:36.838+0000] {processor.py:183} INFO - Processing /opt/airflow/dags/minio-snowflake.py took 1.303 seconds
[2026-02-03T22:15:07.102+0000] {processor.py:161} INFO - Started process (PID=75279) to work on /opt/airflow/dags/minio-snowflake.py
[2026-02-03T22:15:07.104+0000] {processor.py:830} INFO - Processing file /opt/airflow/dags/minio-snowflake.py for tasks to queue
[2026-02-03T22:15:07.108+0000] {logging_mixin.py:188} INFO - [2026-02-03T22:15:07.107+0000] {dagbag.py:545} INFO - Filling up the DagBag from /opt/airflow/dags/minio-snowflake.py
[2026-02-03T22:15:08.355+0000] {processor.py:840} INFO - DAG(s) 'minio_to_snowflake' retrieved from /opt/airflow/dags/minio-snowflake.py
[2026-02-03T22:15:08.393+0000] {logging_mixin.py:188} INFO - [2026-02-03T22:15:08.393+0000] {dag.py:3089} INFO - Sync 1 DAGs
[2026-02-03T22:15:08.429+0000] {logging_mixin.py:188} INFO - [2026-02-03T22:15:08.429+0000] {dag.py:3947} INFO - Setting next_dagrun for minio_to_snowflake to 2026-02-03 22:15:00+00:00, run_after=2026-02-03 22:16:00+00:00
[2026-02-03T22:15:08.461+0000] {processor.py:183} INFO - Processing /opt/airflow/dags/minio-snowflake.py took 1.368 seconds
[2026-02-03T22:15:38.749+0000] {processor.py:161} INFO - Started process (PID=75912) to work on /opt/airflow/dags/minio-snowflake.py
[2026-02-03T22:15:38.751+0000] {processor.py:830} INFO - Processing file /opt/airflow/dags/minio-snowflake.py for tasks to queue
[2026-02-03T22:15:38.755+0000] {logging_mixin.py:188} INFO - [2026-02-03T22:15:38.755+0000] {dagbag.py:545} INFO - Filling up the DagBag from /opt/airflow/dags/minio-snowflake.py
[2026-02-03T22:15:39.962+0000] {processor.py:840} INFO - DAG(s) 'minio_to_snowflake' retrieved from /opt/airflow/dags/minio-snowflake.py
[2026-02-03T22:15:39.998+0000] {logging_mixin.py:188} INFO - [2026-02-03T22:15:39.997+0000] {dag.py:3089} INFO - Sync 1 DAGs
[2026-02-03T22:15:40.032+0000] {logging_mixin.py:188} INFO - [2026-02-03T22:15:40.031+0000] {dag.py:3947} INFO - Setting next_dagrun for minio_to_snowflake to 2026-02-03 22:15:00+00:00, run_after=2026-02-03 22:16:00+00:00
[2026-02-03T22:15:40.063+0000] {processor.py:183} INFO - Processing /opt/airflow/dags/minio-snowflake.py took 1.323 seconds
[2026-02-03T22:16:10.351+0000] {processor.py:161} INFO - Started process (PID=76534) to work on /opt/airflow/dags/minio-snowflake.py
[2026-02-03T22:16:10.354+0000] {processor.py:830} INFO - Processing file /opt/airflow/dags/minio-snowflake.py for tasks to queue
[2026-02-03T22:16:10.359+0000] {logging_mixin.py:188} INFO - [2026-02-03T22:16:10.358+0000] {dagbag.py:545} INFO - Filling up the DagBag from /opt/airflow/dags/minio-snowflake.py
[2026-02-03T22:16:11.592+0000] {processor.py:840} INFO - DAG(s) 'minio_to_snowflake' retrieved from /opt/airflow/dags/minio-snowflake.py
[2026-02-03T22:16:11.633+0000] {logging_mixin.py:188} INFO - [2026-02-03T22:16:11.632+0000] {dag.py:3089} INFO - Sync 1 DAGs
[2026-02-03T22:16:11.672+0000] {logging_mixin.py:188} INFO - [2026-02-03T22:16:11.671+0000] {dag.py:3947} INFO - Setting next_dagrun for minio_to_snowflake to 2026-02-03 22:16:00+00:00, run_after=2026-02-03 22:17:00+00:00
[2026-02-03T22:16:11.705+0000] {processor.py:183} INFO - Processing /opt/airflow/dags/minio-snowflake.py took 1.367 seconds
[2026-02-03T22:16:41.994+0000] {processor.py:161} INFO - Started process (PID=76729) to work on /opt/airflow/dags/minio-snowflake.py
[2026-02-03T22:16:41.996+0000] {processor.py:830} INFO - Processing file /opt/airflow/dags/minio-snowflake.py for tasks to queue
[2026-02-03T22:16:41.999+0000] {logging_mixin.py:188} INFO - [2026-02-03T22:16:41.998+0000] {dagbag.py:545} INFO - Filling up the DagBag from /opt/airflow/dags/minio-snowflake.py
[2026-02-03T22:16:43.170+0000] {processor.py:840} INFO - DAG(s) 'minio_to_snowflake' retrieved from /opt/airflow/dags/minio-snowflake.py
[2026-02-03T22:16:43.206+0000] {logging_mixin.py:188} INFO - [2026-02-03T22:16:43.204+0000] {dag.py:3089} INFO - Sync 1 DAGs
[2026-02-03T22:16:43.238+0000] {logging_mixin.py:188} INFO - [2026-02-03T22:16:43.238+0000] {dag.py:3947} INFO - Setting next_dagrun for minio_to_snowflake to 2026-02-03 22:16:00+00:00, run_after=2026-02-03 22:17:00+00:00
[2026-02-03T22:16:43.272+0000] {processor.py:183} INFO - Processing /opt/airflow/dags/minio-snowflake.py took 1.287 seconds
[2026-02-03T22:17:13.539+0000] {processor.py:161} INFO - Started process (PID=77331) to work on /opt/airflow/dags/minio-snowflake.py
[2026-02-03T22:17:13.542+0000] {processor.py:830} INFO - Processing file /opt/airflow/dags/minio-snowflake.py for tasks to queue
[2026-02-03T22:17:13.546+0000] {logging_mixin.py:188} INFO - [2026-02-03T22:17:13.545+0000] {dagbag.py:545} INFO - Filling up the DagBag from /opt/airflow/dags/minio-snowflake.py
[2026-02-03T22:17:14.844+0000] {processor.py:840} INFO - DAG(s) 'minio_to_snowflake' retrieved from /opt/airflow/dags/minio-snowflake.py
[2026-02-03T22:17:14.884+0000] {logging_mixin.py:188} INFO - [2026-02-03T22:17:14.883+0000] {dag.py:3089} INFO - Sync 1 DAGs
[2026-02-03T22:17:14.923+0000] {logging_mixin.py:188} INFO - [2026-02-03T22:17:14.922+0000] {dag.py:3947} INFO - Setting next_dagrun for minio_to_snowflake to 2026-02-03 22:17:00+00:00, run_after=2026-02-03 22:18:00+00:00
[2026-02-03T22:17:14.963+0000] {processor.py:183} INFO - Processing /opt/airflow/dags/minio-snowflake.py took 1.434 seconds
[2026-02-03T22:17:45.269+0000] {processor.py:161} INFO - Started process (PID=77588) to work on /opt/airflow/dags/minio-snowflake.py
[2026-02-03T22:17:45.271+0000] {processor.py:830} INFO - Processing file /opt/airflow/dags/minio-snowflake.py for tasks to queue
[2026-02-03T22:17:45.274+0000] {logging_mixin.py:188} INFO - [2026-02-03T22:17:45.274+0000] {dagbag.py:545} INFO - Filling up the DagBag from /opt/airflow/dags/minio-snowflake.py
[2026-02-03T22:17:46.490+0000] {processor.py:840} INFO - DAG(s) 'minio_to_snowflake' retrieved from /opt/airflow/dags/minio-snowflake.py
[2026-02-03T22:17:46.528+0000] {logging_mixin.py:188} INFO - [2026-02-03T22:17:46.528+0000] {dag.py:3089} INFO - Sync 1 DAGs
[2026-02-03T22:17:46.565+0000] {logging_mixin.py:188} INFO - [2026-02-03T22:17:46.565+0000] {dag.py:3947} INFO - Setting next_dagrun for minio_to_snowflake to 2026-02-03 22:17:00+00:00, run_after=2026-02-03 22:18:00+00:00
[2026-02-03T22:17:46.595+0000] {processor.py:183} INFO - Processing /opt/airflow/dags/minio-snowflake.py took 1.335 seconds
[2026-02-03T22:18:16.876+0000] {processor.py:161} INFO - Started process (PID=78149) to work on /opt/airflow/dags/minio-snowflake.py
[2026-02-03T22:18:16.879+0000] {processor.py:830} INFO - Processing file /opt/airflow/dags/minio-snowflake.py for tasks to queue
[2026-02-03T22:18:16.885+0000] {logging_mixin.py:188} INFO - [2026-02-03T22:18:16.884+0000] {dagbag.py:545} INFO - Filling up the DagBag from /opt/airflow/dags/minio-snowflake.py
[2026-02-03T22:18:18.074+0000] {processor.py:840} INFO - DAG(s) 'minio_to_snowflake' retrieved from /opt/airflow/dags/minio-snowflake.py
[2026-02-03T22:18:18.112+0000] {logging_mixin.py:188} INFO - [2026-02-03T22:18:18.111+0000] {dag.py:3089} INFO - Sync 1 DAGs
[2026-02-03T22:18:18.154+0000] {logging_mixin.py:188} INFO - [2026-02-03T22:18:18.154+0000] {dag.py:3947} INFO - Setting next_dagrun for minio_to_snowflake to 2026-02-03 22:18:00+00:00, run_after=2026-02-03 22:19:00+00:00
[2026-02-03T22:18:18.185+0000] {processor.py:183} INFO - Processing /opt/airflow/dags/minio-snowflake.py took 1.322 seconds
[2026-02-03T22:18:48.450+0000] {processor.py:161} INFO - Started process (PID=78400) to work on /opt/airflow/dags/minio-snowflake.py
[2026-02-03T22:18:48.452+0000] {processor.py:830} INFO - Processing file /opt/airflow/dags/minio-snowflake.py for tasks to queue
[2026-02-03T22:18:48.456+0000] {logging_mixin.py:188} INFO - [2026-02-03T22:18:48.455+0000] {dagbag.py:545} INFO - Filling up the DagBag from /opt/airflow/dags/minio-snowflake.py
[2026-02-03T22:18:49.635+0000] {processor.py:840} INFO - DAG(s) 'minio_to_snowflake' retrieved from /opt/airflow/dags/minio-snowflake.py
[2026-02-03T22:18:49.673+0000] {logging_mixin.py:188} INFO - [2026-02-03T22:18:49.673+0000] {dag.py:3089} INFO - Sync 1 DAGs
[2026-02-03T22:18:49.713+0000] {logging_mixin.py:188} INFO - [2026-02-03T22:18:49.713+0000] {dag.py:3947} INFO - Setting next_dagrun for minio_to_snowflake to 2026-02-03 22:18:00+00:00, run_after=2026-02-03 22:19:00+00:00
[2026-02-03T22:18:49.748+0000] {processor.py:183} INFO - Processing /opt/airflow/dags/minio-snowflake.py took 1.307 seconds
[2026-02-03T22:19:20.088+0000] {processor.py:161} INFO - Started process (PID=78962) to work on /opt/airflow/dags/minio-snowflake.py
[2026-02-03T22:19:20.090+0000] {processor.py:830} INFO - Processing file /opt/airflow/dags/minio-snowflake.py for tasks to queue
[2026-02-03T22:19:20.094+0000] {logging_mixin.py:188} INFO - [2026-02-03T22:19:20.093+0000] {dagbag.py:545} INFO - Filling up the DagBag from /opt/airflow/dags/minio-snowflake.py
[2026-02-03T22:19:21.348+0000] {processor.py:840} INFO - DAG(s) 'minio_to_snowflake' retrieved from /opt/airflow/dags/minio-snowflake.py
[2026-02-03T22:19:21.388+0000] {logging_mixin.py:188} INFO - [2026-02-03T22:19:21.387+0000] {dag.py:3089} INFO - Sync 1 DAGs
[2026-02-03T22:19:21.439+0000] {logging_mixin.py:188} INFO - [2026-02-03T22:19:21.439+0000] {dag.py:3947} INFO - Setting next_dagrun for minio_to_snowflake to 2026-02-03 22:19:00+00:00, run_after=2026-02-03 22:20:00+00:00
[2026-02-03T22:19:21.467+0000] {processor.py:183} INFO - Processing /opt/airflow/dags/minio-snowflake.py took 1.390 seconds
[2026-02-03T22:19:51.742+0000] {processor.py:161} INFO - Started process (PID=79196) to work on /opt/airflow/dags/minio-snowflake.py
[2026-02-03T22:19:51.744+0000] {processor.py:830} INFO - Processing file /opt/airflow/dags/minio-snowflake.py for tasks to queue
[2026-02-03T22:19:51.748+0000] {logging_mixin.py:188} INFO - [2026-02-03T22:19:51.747+0000] {dagbag.py:545} INFO - Filling up the DagBag from /opt/airflow/dags/minio-snowflake.py
[2026-02-03T22:19:52.855+0000] {processor.py:840} INFO - DAG(s) 'minio_to_snowflake' retrieved from /opt/airflow/dags/minio-snowflake.py
[2026-02-03T22:19:52.888+0000] {logging_mixin.py:188} INFO - [2026-02-03T22:19:52.887+0000] {dag.py:3089} INFO - Sync 1 DAGs
[2026-02-03T22:19:52.919+0000] {logging_mixin.py:188} INFO - [2026-02-03T22:19:52.919+0000] {dag.py:3947} INFO - Setting next_dagrun for minio_to_snowflake to 2026-02-03 22:19:00+00:00, run_after=2026-02-03 22:20:00+00:00
[2026-02-03T22:19:52.949+0000] {processor.py:183} INFO - Processing /opt/airflow/dags/minio-snowflake.py took 1.216 seconds
[2026-02-03T22:20:23.219+0000] {processor.py:161} INFO - Started process (PID=79780) to work on /opt/airflow/dags/minio-snowflake.py
[2026-02-03T22:20:23.222+0000] {processor.py:830} INFO - Processing file /opt/airflow/dags/minio-snowflake.py for tasks to queue
[2026-02-03T22:20:23.225+0000] {logging_mixin.py:188} INFO - [2026-02-03T22:20:23.225+0000] {dagbag.py:545} INFO - Filling up the DagBag from /opt/airflow/dags/minio-snowflake.py
[2026-02-03T22:20:24.439+0000] {processor.py:840} INFO - DAG(s) 'minio_to_snowflake' retrieved from /opt/airflow/dags/minio-snowflake.py
[2026-02-03T22:20:24.478+0000] {logging_mixin.py:188} INFO - [2026-02-03T22:20:24.477+0000] {dag.py:3089} INFO - Sync 1 DAGs
[2026-02-03T22:20:24.519+0000] {logging_mixin.py:188} INFO - [2026-02-03T22:20:24.519+0000] {dag.py:3947} INFO - Setting next_dagrun for minio_to_snowflake to 2026-02-03 22:20:00+00:00, run_after=2026-02-03 22:21:00+00:00
[2026-02-03T22:20:24.548+0000] {processor.py:183} INFO - Processing /opt/airflow/dags/minio-snowflake.py took 1.338 seconds
[2026-02-03T22:20:54.921+0000] {processor.py:161} INFO - Started process (PID=79992) to work on /opt/airflow/dags/minio-snowflake.py
[2026-02-03T22:20:54.924+0000] {processor.py:830} INFO - Processing file /opt/airflow/dags/minio-snowflake.py for tasks to queue
[2026-02-03T22:20:54.929+0000] {logging_mixin.py:188} INFO - [2026-02-03T22:20:54.928+0000] {dagbag.py:545} INFO - Filling up the DagBag from /opt/airflow/dags/minio-snowflake.py
[2026-02-03T22:20:56.196+0000] {processor.py:840} INFO - DAG(s) 'minio_to_snowflake' retrieved from /opt/airflow/dags/minio-snowflake.py
[2026-02-03T22:20:56.234+0000] {logging_mixin.py:188} INFO - [2026-02-03T22:20:56.233+0000] {dag.py:3089} INFO - Sync 1 DAGs
[2026-02-03T22:20:56.273+0000] {logging_mixin.py:188} INFO - [2026-02-03T22:20:56.273+0000] {dag.py:3947} INFO - Setting next_dagrun for minio_to_snowflake to 2026-02-03 22:20:00+00:00, run_after=2026-02-03 22:21:00+00:00
[2026-02-03T22:20:56.310+0000] {processor.py:183} INFO - Processing /opt/airflow/dags/minio-snowflake.py took 1.402 seconds
[2026-02-03T22:21:26.895+0000] {processor.py:161} INFO - Started process (PID=80600) to work on /opt/airflow/dags/minio-snowflake.py
[2026-02-03T22:21:26.897+0000] {processor.py:830} INFO - Processing file /opt/airflow/dags/minio-snowflake.py for tasks to queue
[2026-02-03T22:21:26.901+0000] {logging_mixin.py:188} INFO - [2026-02-03T22:21:26.900+0000] {dagbag.py:545} INFO - Filling up the DagBag from /opt/airflow/dags/minio-snowflake.py
[2026-02-03T22:21:28.078+0000] {processor.py:840} INFO - DAG(s) 'minio_to_snowflake' retrieved from /opt/airflow/dags/minio-snowflake.py
[2026-02-03T22:21:28.114+0000] {logging_mixin.py:188} INFO - [2026-02-03T22:21:28.114+0000] {dag.py:3089} INFO - Sync 1 DAGs
[2026-02-03T22:21:28.146+0000] {logging_mixin.py:188} INFO - [2026-02-03T22:21:28.146+0000] {dag.py:3947} INFO - Setting next_dagrun for minio_to_snowflake to 2026-02-03 22:21:00+00:00, run_after=2026-02-03 22:22:00+00:00
[2026-02-03T22:21:28.178+0000] {processor.py:183} INFO - Processing /opt/airflow/dags/minio-snowflake.py took 1.293 seconds
[2026-02-03T22:21:58.333+0000] {processor.py:161} INFO - Started process (PID=80788) to work on /opt/airflow/dags/minio-snowflake.py
[2026-02-03T22:21:58.335+0000] {processor.py:830} INFO - Processing file /opt/airflow/dags/minio-snowflake.py for tasks to queue
[2026-02-03T22:21:58.338+0000] {logging_mixin.py:188} INFO - [2026-02-03T22:21:58.337+0000] {dagbag.py:545} INFO - Filling up the DagBag from /opt/airflow/dags/minio-snowflake.py
[2026-02-03T22:21:59.428+0000] {processor.py:840} INFO - DAG(s) 'minio_to_snowflake' retrieved from /opt/airflow/dags/minio-snowflake.py
[2026-02-03T22:21:59.472+0000] {logging_mixin.py:188} INFO - [2026-02-03T22:21:59.471+0000] {dag.py:3089} INFO - Sync 1 DAGs
[2026-02-03T22:21:59.523+0000] {logging_mixin.py:188} INFO - [2026-02-03T22:21:59.523+0000] {dag.py:3947} INFO - Setting next_dagrun for minio_to_snowflake to 2026-02-03 22:21:00+00:00, run_after=2026-02-03 22:22:00+00:00
[2026-02-03T22:21:59.560+0000] {processor.py:183} INFO - Processing /opt/airflow/dags/minio-snowflake.py took 1.351 seconds
[2026-02-03T22:22:29.840+0000] {processor.py:161} INFO - Started process (PID=81437) to work on /opt/airflow/dags/minio-snowflake.py
[2026-02-03T22:22:29.842+0000] {processor.py:830} INFO - Processing file /opt/airflow/dags/minio-snowflake.py for tasks to queue
[2026-02-03T22:22:29.846+0000] {logging_mixin.py:188} INFO - [2026-02-03T22:22:29.846+0000] {dagbag.py:545} INFO - Filling up the DagBag from /opt/airflow/dags/minio-snowflake.py
[2026-02-03T22:22:31.055+0000] {processor.py:840} INFO - DAG(s) 'minio_to_snowflake' retrieved from /opt/airflow/dags/minio-snowflake.py
[2026-02-03T22:22:31.093+0000] {logging_mixin.py:188} INFO - [2026-02-03T22:22:31.090+0000] {dag.py:3089} INFO - Sync 1 DAGs
[2026-02-03T22:22:31.126+0000] {logging_mixin.py:188} INFO - [2026-02-03T22:22:31.126+0000] {dag.py:3947} INFO - Setting next_dagrun for minio_to_snowflake to 2026-02-03 22:22:00+00:00, run_after=2026-02-03 22:23:00+00:00
[2026-02-03T22:22:31.152+0000] {processor.py:183} INFO - Processing /opt/airflow/dags/minio-snowflake.py took 1.323 seconds
[2026-02-03T22:23:01.593+0000] {processor.py:161} INFO - Started process (PID=81585) to work on /opt/airflow/dags/minio-snowflake.py
[2026-02-03T22:23:01.596+0000] {processor.py:830} INFO - Processing file /opt/airflow/dags/minio-snowflake.py for tasks to queue
[2026-02-03T22:23:01.601+0000] {logging_mixin.py:188} INFO - [2026-02-03T22:23:01.600+0000] {dagbag.py:545} INFO - Filling up the DagBag from /opt/airflow/dags/minio-snowflake.py
[2026-02-03T22:23:02.768+0000] {processor.py:840} INFO - DAG(s) 'minio_to_snowflake' retrieved from /opt/airflow/dags/minio-snowflake.py
[2026-02-03T22:23:02.804+0000] {logging_mixin.py:188} INFO - [2026-02-03T22:23:02.803+0000] {dag.py:3089} INFO - Sync 1 DAGs
[2026-02-03T22:23:02.836+0000] {logging_mixin.py:188} INFO - [2026-02-03T22:23:02.836+0000] {dag.py:3947} INFO - Setting next_dagrun for minio_to_snowflake to 2026-02-03 22:23:00+00:00, run_after=2026-02-03 22:24:00+00:00
[2026-02-03T22:23:02.868+0000] {processor.py:183} INFO - Processing /opt/airflow/dags/minio-snowflake.py took 1.284 seconds
[2026-02-03T22:23:33.218+0000] {processor.py:161} INFO - Started process (PID=82266) to work on /opt/airflow/dags/minio-snowflake.py
[2026-02-03T22:23:33.220+0000] {processor.py:830} INFO - Processing file /opt/airflow/dags/minio-snowflake.py for tasks to queue
[2026-02-03T22:23:33.225+0000] {logging_mixin.py:188} INFO - [2026-02-03T22:23:33.224+0000] {dagbag.py:545} INFO - Filling up the DagBag from /opt/airflow/dags/minio-snowflake.py
[2026-02-03T22:23:34.351+0000] {processor.py:840} INFO - DAG(s) 'minio_to_snowflake' retrieved from /opt/airflow/dags/minio-snowflake.py
[2026-02-03T22:23:34.388+0000] {logging_mixin.py:188} INFO - [2026-02-03T22:23:34.387+0000] {dag.py:3089} INFO - Sync 1 DAGs
[2026-02-03T22:23:34.425+0000] {logging_mixin.py:188} INFO - [2026-02-03T22:23:34.425+0000] {dag.py:3947} INFO - Setting next_dagrun for minio_to_snowflake to 2026-02-03 22:23:00+00:00, run_after=2026-02-03 22:24:00+00:00
[2026-02-03T22:23:34.455+0000] {processor.py:183} INFO - Processing /opt/airflow/dags/minio-snowflake.py took 1.246 seconds
[2026-02-03T22:24:04.858+0000] {processor.py:161} INFO - Started process (PID=82400) to work on /opt/airflow/dags/minio-snowflake.py
[2026-02-03T22:24:04.860+0000] {processor.py:830} INFO - Processing file /opt/airflow/dags/minio-snowflake.py for tasks to queue
[2026-02-03T22:24:04.867+0000] {logging_mixin.py:188} INFO - [2026-02-03T22:24:04.866+0000] {dagbag.py:545} INFO - Filling up the DagBag from /opt/airflow/dags/minio-snowflake.py
[2026-02-03T22:24:06.083+0000] {processor.py:840} INFO - DAG(s) 'minio_to_snowflake' retrieved from /opt/airflow/dags/minio-snowflake.py
[2026-02-03T22:24:06.117+0000] {logging_mixin.py:188} INFO - [2026-02-03T22:24:06.116+0000] {dag.py:3089} INFO - Sync 1 DAGs
[2026-02-03T22:24:06.157+0000] {logging_mixin.py:188} INFO - [2026-02-03T22:24:06.156+0000] {dag.py:3947} INFO - Setting next_dagrun for minio_to_snowflake to 2026-02-03 22:24:00+00:00, run_after=2026-02-03 22:25:00+00:00
[2026-02-03T22:24:06.195+0000] {processor.py:183} INFO - Processing /opt/airflow/dags/minio-snowflake.py took 1.351 seconds
